GO_term,enrichment_score
Cryptic,0.007518796992481203
Semi-cryptic,0.015037593984962405
Surface,1.0
