pdb_id,copy_key,instance_id,comp_id,chain,resseq,icode,n_heavy,n_phosphorus,species,centroid_x,centroid_y,centroid_z,resolution,experimental_method,release_date,homology_group,homology_group_strict,uniprot_ids,burial_class,relative_sasa,n_protein_contacts,n_contact_chains,interface,mean_occupancy,partial_occupancy,metal,metal_ions,altloc,symmetry_contact,ccd_smiles,smiles_source,template_heavy,complete,configuration_match,status,selected,primary_set
1AWB,1AWB:A:281,IPD_A_281,IPD,A,281,,16,1,InsP1,5.426125034689903,52.29412484169006,13.138624966144562,2.5,X-RAY DIFFRACTION,1998-01-14T00:00:00Z,G:1AWB,G:1AWB,P29218,cryptic,0.0858643230649205,48,1,False,1.0,False,True,CA,False,False,O[C@@H]1[C@@H](O)[C@@H](O)[C@@H](O[P]([O-])([O-])=O)[C@H](O)[C@H]1O,SMILES_CANONICAL/CACTVS,16.0,True,True,eligible,True,True
1AWB,1AWB:B:1,IPD_B_1,IPD,B,1,,16,1,InsP1,-10.381312489509584,50.3506247997284,34.04600024223328,2.5,X-RAY DIFFRACTION,1998-01-14T00:00:00Z,G:1AWB,G:1AWB,P29218,cryptic,0.0667396511205684,51,1,False,1.0,False,True,CA,False,False,O[C@@H]1[C@@H](O)[C@@H](O)[C@@H](O[P]([O-])([O-])=O)[C@H](O)[C@H]1O,SMILES_CANONICAL/CACTVS,16.0,True,True,eligible,False,False
1HG5,1HG5:A:1282,IHP_A_1282,IHP,A,1282,,36,6,InsP6,43.56124994489882,66.6360559463501,39.47952747344971,2.0,X-RAY DIFFRACTION,2001-02-12T00:00:00Z,G:1HG2,G:1HG2,O55012,surface,0.795587789202985,13,1,False,1.0,False,False,,False,False,O[P](O)(=O)O[C@@H]1[C@H](O[P](O)(O)=O)[C@H](O[P](O)(O)=O)[C@@H](O[P](O)(O)=O)[C@H](O[P](O)(O)=O)[C@H]1O[P](O)(O)=O,SMILES_CANONICAL/CACTVS,36.0,True,True,eligible,True,True
1ZY7,1ZY7:A:901,IHP_A_901,IHP,A,901,,36,6,InsP6,52.61999956766764,20.93013901180691,22.80219427744548,1.7,X-RAY DIFFRACTION,2005-09-13T00:00:00Z,G:1ZY7,G:1ZY7,P78563,cryptic,0.093119967468598,63,1,False,1.0,False,False,,False,False,O[P](O)(=O)O[C@@H]1[C@H](O[P](O)(O)=O)[C@H](O[P](O)(O)=O)[C@@H](O[P](O)(O)=O)[C@H](O[P](O)(O)=O)[C@H]1O[P](O)(O)=O,SMILES_CANONICAL/CACTVS,36.0,True,True,eligible,True,True
1ZY7,1ZY7:B:902,IHP_B_902,IHP,B,902,,36,6,InsP6,70.53675079345703,49.93658341301812,51.142694579230415,1.7,X-RAY DIFFRACTION,2005-09-13T00:00:00Z,G:1ZY7,G:1ZY7,P78563,cryptic,0.0970098311093313,64,1,False,1.0,False,False,,False,False,O[P](O)(=O)O[C@@H]1[C@H](O[P](O)(O)=O)[C@H](O[P](O)(O)=O)[C@@H](O[P](O)(O)=O)[C@H](O[P](O)(O)=O)[C@H]1O[P](O)(O)=O,SMILES_CANONICAL/CACTVS,36.0,True,True,eligible,False,False
2XAL,2XAL:A:500,IHP_A_500,IHP,A,500,,36,6,InsP6,38.468972735934784,68.29016653696696,46.47847228580051,3.2,X-RAY DIFFRACTION,2010-05-19T00:00:00Z,G:2XAL,G:2XAL,Q93YN9,semi_cryptic,0.2079746534687191,50,1,False,1.0,False,False,,False,False,O[P](O)(=O)O[C@@H]1[C@H](O[P](O)(O)=O)[C@H](O[P](O)(O)=O)[C@@H](O[P](O)(O)=O)[C@H](O[P](O)(O)=O)[C@H]1O[P](O)(O)=O,SMILES_CANONICAL/CACTVS,36.0,True,True,eligible,True,True
2XAL,2XAL:B:500,IHP_B_500,IHP,B,500,,36,6,InsP6,67.29916742112901,54.51447243160672,63.9096942477756,3.2,X-RAY DIFFRACTION,2010-05-19T00:00:00Z,G:2XAL,G:2XAL,Q93YN9,semi_cryptic,0.208150956462793,50,1,False,1.0,False,False,,False,False,O[P](O)(=O)O[C@@H]1[C@H](O[P](O)(O)=O)[C@H](O[P](O)(O)=O)[C@@H](O[P](O)(O)=O)[C@H](O[P](O)(O)=O)[C@H]1O[P](O)(O)=O,SMILES_CANONICAL/CACTVS,36.0,True,True,eligible,False,False
3NTL,3NTL:A:550,IHP_A_550,IHP,A,550,,36,6,InsP6,-18.773694382773503,24.38594431347317,1.2798333230117958,1.88,X-RAY DIFFRACTION,2011-07-27T00:00:00Z,G:1DKP,G:1DKP,Q6EV19,semi_cryptic,0.1782017721131125,60,1,False,0.8333333333333335,True,False,,False,False,O[P](O)(=O)O[C@@H]1[C@H](O[P](O)(O)=O)[C@H](O[P](O)(O)=O)[C@@H](O[P](O)(O)=O)[C@H](O[P](O)(O)=O)[C@H]1O[P](O)(O)=O,SMILES_CANONICAL/CACTVS,36.0,True,False,excluded: configuration differs from the CCD,False,False
3NTL,3NTL:B:551,IHP_B_551,IHP,B,551,,36,6,InsP6,-27.048416667514378,-2.410416637857755,38.2481943766276,1.88,X-RAY DIFFRACTION,2011-07-27T00:00:00Z,G:1DKP,G:1DKP,Q6EV19,surface,0.2604499914211481,57,1,False,0.8333333333333335,True,False,,False,False,O[P](O)(=O)O[C@@H]1[C@H](O[P](O)(O)=O)[C@H](O[P](O)(O)=O)[C@@H](O[P](O)(O)=O)[C@H](O[P](O)(O)=O)[C@H]1O[P](O)(O)=O,SMILES_CANONICAL/CACTVS,36.0,True,False,excluded: configuration differs from the CCD,False,False
4LV7,4LV7:A:501,IHP_A_501,IHP,A,501,,36,6,InsP6,-9.35786102877723,28.202361159854465,15.14680552482605,2.6,X-RAY DIFFRACTION,2013-11-06T00:00:00Z,G:2XAL,G:2XAL,Q93YN9,semi_cryptic,0.2000617314051882,54,1,False,1.0,False,False,,False,False,O[P](O)(=O)O[C@@H]1[C@H](O[P](O)(O)=O)[C@H](O[P](O)(O)=O)[C@@H](O[P](O)(O)=O)[C@H](O[P](O)(O)=O)[C@H]1O[P](O)(O)=O,SMILES_CANONICAL/CACTVS,36.0,True,False,excluded: configuration differs from the CCD,False,False
4LV7,4LV7:B:501,IHP_B_501,IHP,B,501,,36,6,InsP6,20.309138774871823,32.5321945614285,-7.095694455835554,2.6,X-RAY DIFFRACTION,2013-11-06T00:00:00Z,G:2XAL,G:2XAL,Q93YN9,semi_cryptic,0.2202433370650227,50,1,False,1.0,False,True,MG,False,False,O[P](O)(=O)O[C@@H]1[C@H](O[P](O)(O)=O)[C@H](O[P](O)(O)=O)[C@@H](O[P](O)(O)=O)[C@H](O[P](O)(O)=O)[C@H]1O[P](O)(O)=O,SMILES_CANONICAL/CACTVS,36.0,True,False,excluded: configuration differs from the CCD,False,False
5DGH,5DGH:A:402,5A3_A_402,5A3,A,402,,40,7,InsP7,0.8848000151105225,21.074550008773805,11.804925048351288,2.1,X-RAY DIFFRACTION,2016-08-10T00:00:00Z,G:3T9C,G:1Z2P,O43314,surface,0.2660474903559347,38,1,False,1.0,False,True,MG,False,False,O[P](O)(=O)C[P](O)(=O)O[C@@H]1[C@@H](O[P](O)(O)=O)[C@H](O[P](O)(O)=O)[C@H](O[P](O)(O)=O)[C@H](O[P](O)(O)=O)[C@H]1O[P](O)(O)=O,SMILES_CANONICAL/CACTVS,40.0,True,True,eligible,True,True
5MWM,5MWM:A:501,IHP_A_501,IHP,A,501,,36,6,InsP6,2.712999996418754,8.835972282621595,8.679166667991215,2.6,X-RAY DIFFRACTION,2017-05-10T00:00:00Z,G:2XAL,G:2XAL,Q6P1C1,semi_cryptic,0.1590711185220073,55,1,False,1.0,False,False,,False,False,O[P](O)(=O)O[C@@H]1[C@H](O[P](O)(O)=O)[C@H](O[P](O)(O)=O)[C@@H](O[P](O)(O)=O)[C@H](O[P](O)(O)=O)[C@H]1O[P](O)(O)=O,SMILES_CANONICAL/CACTVS,36.0,True,True,eligible,True,True
6BK8,6BK8:A:3001,IHP_A_3001,IHP,A,3001,,36,6,InsP6,257.1586112976074,250.22552744547525,310.8928044637044,3.3,ELECTRON MICROSCOPY,2018-02-21T00:00:00Z,G:3PEU,G:1B55,P24384;P25337;P28004;P32523;P33334;P33411;P36048;P38241;P40018;P40204;P40567;P40968;P43321;P53277;P53333;P54999;Q02260;Q02775;Q03375;Q03654;Q03772;Q04048;Q06091;Q06217;Q08963;Q12046;Q12309;Q12330;Q12417,semi_cryptic,0.2179028742016084,46,2,True,1.0,False,False,,False,,O[P](O)(=O)O[C@@H]1[C@H](O[P](O)(O)=O)[C@H](O[P](O)(O)=O)[C@@H](O[P](O)(O)=O)[C@H](O[P](O)(O)=O)[C@H]1O[P](O)(O)=O,SMILES_CANONICAL/CACTVS,36.0,True,False,excluded: configuration differs from the CCD,False,False
6QH5,6QH5:A:701,IHP_A_701,IHP,A,701,,36,6,InsP6,-95.14569430881076,-51.4739441341824,234.6077495151096,2.56,X-RAY DIFFRACTION,2019-09-04T00:00:00Z,G:2VGL,G:1B55,P18484;P62743;P63010;P84092,surface,0.5907771277055761,29,1,False,1.0,False,False,,False,True,O[P](O)(=O)O[C@@H]1[C@H](O[P](O)(O)=O)[C@H](O[P](O)(O)=O)[C@@H](O[P](O)(O)=O)[C@H](O[P](O)(O)=O)[C@H]1O[P](O)(O)=O,SMILES_CANONICAL/CACTVS,36.0,True,False,excluded: configuration differs from the CCD,False,False
7DNU,7DNU:A:301,IHP_A_301,IHP,A,301,,36,6,InsP6,26.22308349609375,18.501860989464653,81.75469419691298,2.25,X-RAY DIFFRACTION,2021-12-15T00:00:00Z,G:7DNU,G:2FVV,P32092,surface,0.7646618129049567,15,1,False,1.0,False,False,,False,True,O[P](O)(=O)O[C@@H]1[C@H](O[P](O)(O)=O)[C@H](O[P](O)(O)=O)[C@@H](O[P](O)(O)=O)[C@H](O[P](O)(O)=O)[C@H]1O[P](O)(O)=O,SMILES_CANONICAL/CACTVS,36.0,True,False,excluded: configuration differs from the CCD,False,False
7OHO,7OHO:AAA:701,IHP_AAA_701,IHP,AAA,701,,36,6,InsP6,-35.095666620466446,53.78963883717855,-22.97547223832872,2.88,X-RAY DIFFRACTION,2022-06-01T00:00:00Z,G:2VGL,G:1B55,P18484;P62743;P63010;P84092;Q0JRZ9,surface,0.571978692149735,31,1,False,1.0,False,False,,False,True,O[P](O)(=O)O[C@@H]1[C@H](O[P](O)(O)=O)[C@H](O[P](O)(O)=O)[C@@H](O[P](O)(O)=O)[C@H](O[P](O)(O)=O)[C@H]1O[P](O)(O)=O,SMILES_CANONICAL/CACTVS,36.0,True,False,excluded: configuration differs from the CCD,False,False
7TN8,7TN8:A:401,IHP_A_401,IHP,A,401,,36,6,InsP6,1.2230000046806202,36.55780516730415,106.29091623094348,2.6,X-RAY DIFFRACTION,2022-06-15T00:00:00Z,G:7TN8,G:1Z2P,Q84Y01,surface,0.4695249919783406,32,1,False,1.0,False,False,,False,False,O[P](O)(=O)O[C@@H]1[C@H](O[P](O)(O)=O)[C@H](O[P](O)(O)=O)[C@@H](O[P](O)(O)=O)[C@H](O[P](O)(O)=O)[C@H]1O[P](O)(O)=O,SMILES_CANONICAL/CACTVS,36.0,True,True,eligible,True,True
8FIK,8FIK:A:204,IHP_A_204,IHP,A,204,,36,6,InsP6,-16.79049989912245,1.878055543742246,54.75802760654025,1.91,X-RAY DIFFRACTION,2023-09-06T00:00:00Z,G:8FIK,G:8FIK,P31941,surface,0.803329554453632,17,1,False,1.0,False,False,,False,True,O[P](O)(=O)O[C@@H]1[C@H](O[P](O)(O)=O)[C@H](O[P](O)(O)=O)[C@@H](O[P](O)(O)=O)[C@H](O[P](O)(O)=O)[C@H]1O[P](O)(O)=O,SMILES_CANONICAL/CACTVS,36.0,True,True,eligible,True,True
8WDQ,8WDQ:A:301,IPD_A_301,IPD,A,301,,16,1,InsP1,-16.918687343597412,20.94418752193451,-28.014625072479248,2.2,X-RAY DIFFRACTION,2024-09-18T00:00:00Z,G:1AWB,G:1AWB,Q9HXI4,cryptic,0.0535045903321993,46,1,False,1.0,False,True,CA,False,False,O[C@@H]1[C@@H](O)[C@@H](O)[C@@H](O[P]([O-])([O-])=O)[C@H](O)[C@H]1O,SMILES_CANONICAL/CACTVS,16.0,True,False,excluded: configuration differs from the CCD,False,False
8WDQ,8WDQ:B:302,IPD_B_302,IPD,B,302,,16,1,InsP1,-27.96706247329712,2.4612499997019768,-40.19631266593933,2.2,X-RAY DIFFRACTION,2024-09-18T00:00:00Z,G:1AWB,G:1AWB,Q9HXI4,semi_cryptic,0.1040297399747619,48,1,False,1.0,False,True,CA,False,False,O[C@@H]1[C@@H](O)[C@@H](O)[C@@H](O[P]([O-])([O-])=O)[C@H](O)[C@H]1O,SMILES_CANONICAL/CACTVS,16.0,True,False,excluded: configuration differs from the CCD,False,False
9CWV,9CWV:C:401,IHP_C_401,IHP,C,401,,36,6,InsP6,80.46649996439616,139.3290841844347,149.9585278828939,2.42,ELECTRON MICROSCOPY,2024-10-30T00:00:00Z,G:30OE,G:30OE,P04591,surface,0.7636805095669511,10,2,True,1.0,False,False,,False,,O[P](O)(=O)O[C@@H]1[C@H](O[P](O)(O)=O)[C@H](O[P](O)(O)=O)[C@@H](O[P](O)(O)=O)[C@H](O[P](O)(O)=O)[C@H]1O[P](O)(O)=O,SMILES_CANONICAL/CACTVS,36.0,True,True,eligible,True,True
9CWV,9CWV:E:401,IHP_E_401,IHP,E,401,,36,6,InsP6,124.76716592576769,84.3589170244005,150.06302812364368,2.42,ELECTRON MICROSCOPY,2024-10-30T00:00:00Z,G:30OE,G:30OE,P04591,surface,0.7621698558457654,9,2,True,1.0,False,False,,False,,O[P](O)(=O)O[C@@H]1[C@H](O[P](O)(O)=O)[C@H](O[P](O)(O)=O)[C@@H](O[P](O)(O)=O)[C@H](O[P](O)(O)=O)[C@H]1O[P](O)(O)=O,SMILES_CANONICAL/CACTVS,36.0,True,True,eligible,False,False
9CWV,9CWV:H:401,IHP_H_401,IHP,H,401,,36,6,InsP6,194.54630533854169,95.24219449361163,150.04199981689453,2.42,ELECTRON MICROSCOPY,2024-10-30T00:00:00Z,G:30OE,G:30OE,P04591,surface,0.7644077548011038,9,2,True,1.0,False,False,,False,,O[P](O)(=O)O[C@@H]1[C@H](O[P](O)(O)=O)[C@H](O[P](O)(O)=O)[C@@H](O[P](O)(O)=O)[C@H](O[P](O)(O)=O)[C@H]1O[P](O)(O)=O,SMILES_CANONICAL/CACTVS,36.0,True,True,eligible,False,False
9CWV,9CWV:J:401,IHP_J_401,IHP,J,401,,36,6,InsP6,150.6768044365777,150.298277537028,154.98291651407877,2.42,ELECTRON MICROSCOPY,2024-10-30T00:00:00Z,G:30OE,G:30OE,P04591,surface,0.250232024882743,37,6,True,1.0,False,False,,False,,O[P](O)(=O)O[C@@H]1[C@H](O[P](O)(O)=O)[C@H](O[P](O)(O)=O)[C@@H](O[P](O)(O)=O)[C@H](O[P](O)(O)=O)[C@H]1O[P](O)(O)=O,SMILES_CANONICAL/CACTVS,36.0,True,True,eligible,False,False
9CWV,9CWV:K:401,IHP_K_401,IHP,K,401,,36,6,InsP6,220.02941597832572,161.14169565836588,150.07341639200845,2.42,ELECTRON MICROSCOPY,2024-10-30T00:00:00Z,G:30OE,G:30OE,P04591,surface,0.7633009188411929,9,2,True,1.0,False,False,,False,,O[P](O)(=O)O[C@@H]1[C@H](O[P](O)(O)=O)[C@H](O[P](O)(O)=O)[C@@H](O[P](O)(O)=O)[C@H](O[P](O)(O)=O)[C@H]1O[P](O)(O)=O,SMILES_CANONICAL/CACTVS,36.0,True,True,eligible,False,False
9CWV,9CWV:N:401,IHP_N_401,IHP,N,401,,36,6,InsP6,175.71666759914822,216.08649910820856,150.0347777472602,2.42,ELECTRON MICROSCOPY,2024-10-30T00:00:00Z,G:30OE,G:30OE,P04591,surface,0.7498259334370432,10,2,True,1.0,False,False,,False,,O[P](O)(=O)O[C@@H]1[C@H](O[P](O)(O)=O)[C@H](O[P](O)(O)=O)[C@@H](O[P](O)(O)=O)[C@H](O[P](O)(O)=O)[C@H]1O[P](O)(O)=O,SMILES_CANONICAL/CACTVS,36.0,True,True,eligible,False,False
9CWV,9CWV:Q:401,IHP_Q_401,IHP,Q,401,,36,6,InsP6,105.91458320617676,205.21877839830188,150.04897181193033,2.42,ELECTRON MICROSCOPY,2024-10-30T00:00:00Z,G:30OE,G:30OE,P04591,surface,0.7589626446481813,9,2,True,1.0,False,False,,False,,O[P](O)(=O)O[C@@H]1[C@H](O[P](O)(O)=O)[C@H](O[P](O)(O)=O)[C@@H](O[P](O)(O)=O)[C@H](O[P](O)(O)=O)[C@H]1O[P](O)(O)=O,SMILES_CANONICAL/CACTVS,36.0,True,True,eligible,False,False
9N58,9N58:A:401,IHP_A_401,IHP,A,401,,36,6,InsP6,13.891277684105766,-22.3389999071757,29.66461133956909,2.05,X-RAY DIFFRACTION,2025-02-12T00:00:00Z,G:3MMJ,G:3MMJ,C4XPJ9,surface,0.3126351061415636,61,1,False,0.9799999999999996,True,False,,False,False,O[P](O)(=O)O[C@@H]1[C@H](O[P](O)(O)=O)[C@H](O[P](O)(O)=O)[C@@H](O[P](O)(O)=O)[C@H](O[P](O)(O)=O)[C@H]1O[P](O)(O)=O,SMILES_CANONICAL/CACTVS,36.0,True,True,eligible,True,True
9N58,9N58:B:401,IHP_B_401,IHP,B,401,,36,6,InsP6,14.04672227965461,18.947749879625107,20.666833533181084,2.05,X-RAY DIFFRACTION,2025-02-12T00:00:00Z,G:3MMJ,G:3MMJ,C4XPJ9,surface,0.2884566485923239,59,1,False,0.9799999999999996,True,False,,False,False,O[P](O)(=O)O[C@@H]1[C@H](O[P](O)(O)=O)[C@H](O[P](O)(O)=O)[C@@H](O[P](O)(O)=O)[C@H](O[P](O)(O)=O)[C@H]1O[P](O)(O)=O,SMILES_CANONICAL/CACTVS,36.0,True,True,eligible,False,False
9N58,9N58:C:401,IHP_C_401,IHP,C,401,,36,6,InsP6,64.38102753957112,18.85113901562161,21.134611076778835,2.05,X-RAY DIFFRACTION,2025-02-12T00:00:00Z,G:3MMJ,G:3MMJ,C4XPJ9,surface,0.3371798059121292,58,1,False,0.94,True,False,,False,False,O[P](O)(=O)O[C@@H]1[C@H](O[P](O)(O)=O)[C@H](O[P](O)(O)=O)[C@@H](O[P](O)(O)=O)[C@H](O[P](O)(O)=O)[C@H]1O[P](O)(O)=O,SMILES_CANONICAL/CACTVS,36.0,True,True,eligible,False,False
9N58,9N58:D:401,IHP_D_401,IHP,D,401,,36,6,InsP6,64.033139122857,-21.584277947743733,33.24091678195529,2.05,X-RAY DIFFRACTION,2025-02-12T00:00:00Z,G:3MMJ,G:3MMJ,C4XPJ9,surface,0.3010068719019977,60,1,False,0.9900000000000002,True,False,,False,False,O[P](O)(=O)O[C@@H]1[C@H](O[P](O)(O)=O)[C@H](O[P](O)(O)=O)[C@@H](O[P](O)(O)=O)[C@H](O[P](O)(O)=O)[C@H]1O[P](O)(O)=O,SMILES_CANONICAL/CACTVS,36.0,True,True,eligible,False,False
9T4G,9T4G:A:201,IHP_A_201,IHP,A,201,,36,6,InsP6,-4.534805602497524,2.8331944408516088,8.07433334324095,1.28,X-RAY DIFFRACTION,2026-06-10T00:00:00Z,G:2FVV,G:2FVV,O95989,semi_cryptic,0.1901061987814928,50,1,False,0.8500000000000001,True,True,MG,False,False,O[P](O)(=O)O[C@@H]1[C@H](O[P](O)(O)=O)[C@H](O[P](O)(O)=O)[C@@H](O[P](O)(O)=O)[C@H](O[P](O)(O)=O)[C@H]1O[P](O)(O)=O,SMILES_CANONICAL/CACTVS,36.0,True,True,eligible,True,True
9YKV,9YKV:A:1102,IHP_A_1102,IHP,A,1102,,36,6,InsP6,100.65000004238551,122.38916693793402,132.1327781677246,2.73,ELECTRON MICROSCOPY,2026-08-12T00:00:00Z,G:28MJ,G:1B55,A0A1U9X8S9;A0AVT1;Q9H832,surface,0.4747079626308801,24,1,False,1.0,False,False,,False,,O[P](O)(=O)O[C@@H]1[C@H](O[P](O)(O)=O)[C@H](O[P](O)(O)=O)[C@@H](O[P](O)(O)=O)[C@H](O[P](O)(O)=O)[C@H]1O[P](O)(O)=O,SMILES_CANONICAL/CACTVS,36.0,True,False,excluded: configuration differs from the CCD,False,False
1B55,1B55:A:171,4IP_A_171,4IP,A,171,,28,4,InsP4,-0.2903214304574898,4.44082145180021,37.530071531023296,2.4,X-RAY DIFFRACTION,1999-06-15T00:00:00Z,G:1B55,G:1B55,Q06187,surface,0.2484363917070763,65,1,False,1.0,False,False,,False,True,O[C@H]1[C@@H](O[P](O)(O)=O)[C@H](O)[C@@H](O[P](O)(O)=O)[C@H](O[P](O)(O)=O)[C@H]1O[P](O)(O)=O,SMILES_CANONICAL/CACTVS,28.0,True,True,eligible,True,True
1B55,1B55:B:172,4IP_B_172,4IP,B,172,,28,4,InsP4,4.307785732405526,1.2621428578027658,71.33482115609306,2.4,X-RAY DIFFRACTION,1999-06-15T00:00:00Z,G:1B55,G:1B55,Q06187,surface,0.2687795739900856,64,1,False,1.0,False,False,,False,True,O[C@H]1[C@@H](O[P](O)(O)=O)[C@H](O)[C@@H](O[P](O)(O)=O)[C@H](O[P](O)(O)=O)[C@H]1O[P](O)(O)=O,SMILES_CANONICAL/CACTVS,28.0,True,True,eligible,False,False
1I9Z,1I9Z:A:302,2IP_A_302,2IP,A,302,,20,2,InsP2,38.51960048675537,31.5653000831604,34.710599708557126,1.8,X-RAY DIFFRACTION,2001-05-16T00:00:00Z,G:1I9Z,G:1I9Z,O43001,surface,0.4097130689152485,25,1,False,0.5,True,False,,False,False,O[C@@H]1[C@H](O)[C@@H](O[P](O)(O)=O)[C@H](O)[C@@H](O)[C@H]1O[P](O)(O)=O,SMILES_CANONICAL/CACTVS,20.0,True,True,eligible,True,True
28MJ,28MJ:A:1101,IHP_A_1101,IHP,A,1101,,36,6,InsP6,124.23272302415636,121.9794724782308,83.98955557081435,2.77,ELECTRON MICROSCOPY,2026-09-23T00:00:00Z,G:28MJ,G:1B55,A0AVT1;O15205,surface,0.426006289133784,30,1,False,1.0,False,False,,False,,O[P](O)(=O)O[C@@H]1[C@H](O[P](O)(O)=O)[C@H](O[P](O)(O)=O)[C@@H](O[P](O)(O)=O)[C@H](O[P](O)(O)=O)[C@H]1O[P](O)(O)=O,SMILES_CANONICAL/CACTVS,36.0,True,True,eligible,True,True
2XAM,2XAM:A:500,IHP_A_500,IHP,A,500,,36,6,InsP6,38.29319445292155,70.11163902282715,47.42969459957547,2.2,X-RAY DIFFRACTION,2010-05-19T00:00:00Z,G:2XAL,G:2XAL,Q93YN9,semi_cryptic,0.1993738306917246,51,1,False,1.0,False,True,MG,False,False,O[P](O)(=O)O[C@@H]1[C@H](O[P](O)(O)=O)[C@H](O[P](O)(O)=O)[C@@H](O[P](O)(O)=O)[C@H](O[P](O)(O)=O)[C@H]1O[P](O)(O)=O,SMILES_CANONICAL/CACTVS,36.0,True,True,eligible,True,True
2XAM,2XAM:B:500,IHP_B_500,IHP,B,500,,36,6,InsP6,67.15363862779405,55.891194661458336,65.48827754126654,2.2,X-RAY DIFFRACTION,2010-05-19T00:00:00Z,G:2XAL,G:2XAL,Q93YN9,semi_cryptic,0.2038334298228213,52,1,False,1.0,False,True,MG,False,False,O[P](O)(=O)O[C@@H]1[C@H](O[P](O)(O)=O)[C@H](O[P](O)(O)=O)[C@@H](O[P](O)(O)=O)[C@H](O[P](O)(O)=O)[C@H]1O[P](O)(O)=O,SMILES_CANONICAL/CACTVS,36.0,True,True,eligible,False,False
3O3L,3O3L:A:1900,4IP_A_1900,4IP,A,1900,,28,4,InsP4,-5.137999967272792,-5.287571455751147,15.38328572681972,1.85,X-RAY DIFFRACTION,2011-12-07T00:00:00Z,G:3MMJ,G:3MMJ,Q7WUJ1,semi_cryptic,0.1663222477705579,63,1,False,0.75,True,False,,True,False,O[C@H]1[C@@H](O[P](O)(O)=O)[C@H](O)[C@@H](O[P](O)(O)=O)[C@H](O[P](O)(O)=O)[C@H]1O[P](O)(O)=O,SMILES_CANONICAL/CACTVS,28.0,True,True,eligible,True,True
3O3L,3O3L:B:1901,4IP_B_1901,4IP,B,1901,,28,4,InsP4,-11.657321402004786,-43.38610717228481,17.140250001634872,1.85,X-RAY DIFFRACTION,2011-12-07T00:00:00Z,G:3MMJ,G:3MMJ,Q7WUJ1,semi_cryptic,0.1603071752358079,62,1,False,0.75,True,False,,True,False,O[C@H]1[C@@H](O[P](O)(O)=O)[C@H](O)[C@@H](O[P](O)(O)=O)[C@H](O[P](O)(O)=O)[C@H]1O[P](O)(O)=O,SMILES_CANONICAL/CACTVS,28.0,True,True,eligible,False,False
4NP9,4NP9:A:601,I3P_A_601,I3P,A,601,,24,3,InsP3,13.001500010490416,2.1751249991357327,40.17320839564005,1.92,X-RAY DIFFRACTION,2013-12-25T00:00:00Z,G:4NP9,G:1B55,P47709,surface,0.451055294303674,29,1,False,0.8000000000000002,True,False,,False,True,O[C@@H]1[C@H](O)[C@@H](O[P](O)(O)=O)[C@H](O[P](O)(O)=O)[C@@H](O)[C@@H]1O[P](O)(O)=O,SMILES_CANONICAL/CACTVS,24.0,True,True,eligible,True,True
5DGI,5DGI:A:402,5A2_A_402,5A2,A,402,,44,8,InsP8,-0.4183182074603709,20.966954361308705,11.464159022678029,1.85,X-RAY DIFFRACTION,2016-08-10T00:00:00Z,G:3T9C,G:1Z2P,O43314,surface,0.380666197090152,36,1,False,0.918181818181818,True,False,,True,False,O[P](O)(=O)C[P](O)(=O)O[C@@H]1[C@@H](O[P](O)(O)=O)[C@H](O[P](O)(O)=O)[C@H](O[P](O)(O)=O)[C@H](O[P](O)(=O)C[P](O)(O)=O)[C@H]1O[P](O)(O)=O,SMILES_CANONICAL/CACTVS,44.0,True,True,eligible,True,True
5MZA,5MZA:B:205,IHP_B_205,IHP,B,205,,36,6,InsP6,4.001583319571283,5.086444467306137,-12.698583390977648,2.78,X-RAY DIFFRACTION,2017-03-22T00:00:00Z,G:5MZA,G:5MZA,P05362;Q8IHM0,surface,0.77383406185281,15,1,False,1.0,False,False,,False,True,O[P](O)(=O)O[C@@H]1[C@H](O[P](O)(O)=O)[C@H](O[P](O)(O)=O)[C@@H](O[P](O)(O)=O)[C@H](O[P](O)(O)=O)[C@H]1O[P](O)(O)=O,SMILES_CANONICAL/CACTVS,36.0,True,False,excluded: configuration differs from the CCD,False,False
6BU0,6BU0:B:1701,IHP_B_1701,IHP,B,1701,,36,6,InsP6,-24.152361234029133,3.7903889225174985,-9.930194470617506,2.43,X-RAY DIFFRACTION,2018-10-17T00:00:00Z,G:4NP9,G:1B55,O00443,semi_cryptic,0.2361000174399383,55,2,True,0.9483333333333334,True,False,,False,False,O[P](O)(=O)O[C@@H]1[C@H](O[P](O)(O)=O)[C@H](O[P](O)(O)=O)[C@@H](O[P](O)(O)=O)[C@H](O[P](O)(O)=O)[C@H]1O[P](O)(O)=O,SMILES_CANONICAL/CACTVS,36.0,True,False,excluded: configuration differs from the CCD,False,False
6BU0,6BU0:B:1702,IHP_B_1702,IHP,B,1702,,36,6,InsP6,-52.2028611501058,-14.689500013987224,-5.116388877232869,2.43,X-RAY DIFFRACTION,2018-10-17T00:00:00Z,G:4NP9,G:1B55,O00443,surface,0.8168760956328476,11,1,False,1.0,False,False,,False,True,O[P](O)(=O)O[C@@H]1[C@H](O[P](O)(O)=O)[C@H](O[P](O)(O)=O)[C@@H](O[P](O)(O)=O)[C@H](O[P](O)(O)=O)[C@H]1O[P](O)(O)=O,SMILES_CANONICAL/CACTVS,36.0,True,False,excluded: configuration differs from the CCD,False,False
6BU0,6BU0:C:1701,IHP_C_1701,IHP,C,1701,,36,6,InsP6,-53.35194460550944,27.209472285376656,-28.718722078535293,2.43,X-RAY DIFFRACTION,2018-10-17T00:00:00Z,G:4NP9,G:1B55,O00443,surface,0.5479256047653738,27,1,False,0.9661111111111113,True,False,,False,True,O[P](O)(=O)O[C@@H]1[C@H](O[P](O)(O)=O)[C@H](O[P](O)(O)=O)[C@@H](O[P](O)(O)=O)[C@H](O[P](O)(O)=O)[C@H]1O[P](O)(O)=O,SMILES_CANONICAL/CACTVS,36.0,True,False,excluded: configuration differs from the CCD,False,False
6BU0,6BU0:C:1702,IHP_C_1702,IHP,C,1702,,36,6,InsP6,-19.99538887871636,32.84161112043593,-25.549861166212292,2.43,X-RAY DIFFRACTION,2018-10-17T00:00:00Z,G:4NP9,G:1B55,O00443,surface,0.7274452797457657,15,2,True,1.0,False,False,,False,True,O[P](O)(=O)O[C@@H]1[C@H](O[P](O)(O)=O)[C@H](O[P](O)(O)=O)[C@@H](O[P](O)(O)=O)[C@H](O[P](O)(O)=O)[C@H]1O[P](O)(O)=O,SMILES_CANONICAL/CACTVS,36.0,True,False,excluded: configuration differs from the CCD,False,False
6QW6,6QW6:5A:2401,IHP_5A_2401,IHP,5A,2401,,36,6,InsP6,214.23488913642035,174.31194390190973,166.57133314344617,2.92,ELECTRON MICROSCOPY,2019-04-17T00:00:00Z,G:3PEU,G:1B55,O43172;O43290;O43395;O75643;O94906;O95777;P14678;P55769;P62304;P62306;P62308;P62310;P62312;P62314;P62316;P62318;P83876;Q15029;Q53GS9;Q6P2Q9;Q8WVK2;Q8WWY3;Q96DI7;Q9BTD8;Q9BUQ8;Q9UK45;Q9Y333;Q9Y4Y9;Q9Y4Z0,surface,0.3564845646973621,53,2,True,1.0,False,False,,False,,O[P](O)(=O)O[C@@H]1[C@H](O[P](O)(O)=O)[C@H](O[P](O)(O)=O)[C@@H](O[P](O)(O)=O)[C@H](O[P](O)(O)=O)[C@H]1O[P](O)(O)=O,SMILES_CANONICAL/CACTVS,36.0,True,True,eligible,True,True
7E1I,7E1I:A:201,IHP_A_201,IHP,A,201,,36,6,InsP6,13.832111173205906,-26.37094449996948,28.768722163306343,3.3,X-RAY DIFFRACTION,2021-08-04T00:00:00Z,G:7E1I,G:7E1I,T2CJ20,crystal_artifact,0.8763433898167812,4,1,False,0.21,True,False,,False,False,,,,,,excluded: crystal artefact,False,False
7E1I,7E1I:B:201,IHP_B_201,IHP,B,201,,36,6,InsP6,-21.47641674677531,24.6993055873447,63.68972195519341,3.3,X-RAY DIFFRACTION,2021-08-04T00:00:00Z,G:7E1I,G:7E1I,T2CJ20,surface,0.5708741475827772,24,2,True,0.0899999999999999,True,False,,False,False,O[P](O)(=O)O[C@@H]1[C@H](O[P](O)(O)=O)[C@H](O[P](O)(O)=O)[C@@H](O[P](O)(O)=O)[C@H](O[P](O)(O)=O)[C@H]1O[P](O)(O)=O,SMILES_CANONICAL/CACTVS,36.0,True,False,excluded: configuration differs from the CCD,False,False
7E1I,7E1I:C:201,IHP_C_201,IHP,C,201,,36,6,InsP6,-50.92591667175293,-4.000388921341962,29.593777815500896,3.3,X-RAY DIFFRACTION,2021-08-04T00:00:00Z,G:7E1I,G:7E1I,T2CJ20,surface,0.8410138536733588,10,1,False,0.32,True,False,,False,False,O[P](O)(=O)O[C@@H]1[C@H](O[P](O)(O)=O)[C@H](O[P](O)(O)=O)[C@@H](O[P](O)(O)=O)[C@H](O[P](O)(O)=O)[C@H]1O[P](O)(O)=O,SMILES_CANONICAL/CACTVS,36.0,True,False,excluded: configuration differs from the CCD,False,False
7E1I,7E1I:D:201,IHP_D_201,IHP,D,201,,36,6,InsP6,-38.18963856167264,33.26161093182034,-15.988444487253824,3.3,X-RAY DIFFRACTION,2021-08-04T00:00:00Z,G:7E1I,G:7E1I,T2CJ20,surface,0.7891374199338691,12,1,False,0.2799999999999999,True,False,,False,False,O[P](O)(=O)O[C@@H]1[C@H](O[P](O)(O)=O)[C@H](O[P](O)(O)=O)[C@@H](O[P](O)(O)=O)[C@H](O[P](O)(O)=O)[C@H]1O[P](O)(O)=O,SMILES_CANONICAL/CACTVS,36.0,True,False,excluded: configuration differs from the CCD,False,False
7E1I,7E1I:E:201,IHP_E_201,IHP,E,201,,36,6,InsP6,26.331833362579346,11.886694457795883,-16.256944470935398,3.3,X-RAY DIFFRACTION,2021-08-04T00:00:00Z,G:7E1I,G:7E1I,T2CJ20,crystal_artifact,0.8539783436134898,7,1,False,0.42,True,False,,False,False,,,,,,excluded: crystal artefact,False,False
7E1I,7E1I:E:202,IHP_E_202,IHP,E,202,,36,6,InsP6,0.5061388926373588,21.796222156948517,18.8568889564938,3.3,X-RAY DIFFRACTION,2021-08-04T00:00:00Z,G:7E1I,G:7E1I,T2CJ20,surface,0.5669384646809373,19,3,True,0.21,True,False,,False,False,O[P](O)(=O)O[C@@H]1[C@H](O[P](O)(O)=O)[C@H](O[P](O)(O)=O)[C@@H](O[P](O)(O)=O)[C@H](O[P](O)(O)=O)[C@H]1O[P](O)(O)=O,SMILES_CANONICAL/CACTVS,36.0,True,False,excluded: configuration differs from the CCD,False,False
7E1I,7E1I:F:201,IHP_F_201,IHP,F,201,,36,6,InsP6,-25.44375006357829,-33.512777964274086,-16.6008333630032,3.3,X-RAY DIFFRACTION,2021-08-04T00:00:00Z,G:7E1I,G:7E1I,T2CJ20,crystal_artifact,0.8863180931476076,2,1,False,0.15,True,False,,False,False,,,,,,excluded: crystal artefact,False,False
7E1I,7E1I:G:201,IHP_G_201,IHP,G,201,,36,6,InsP6,-86.20997259351942,2.0523888977865377,64.039611392551,3.3,X-RAY DIFFRACTION,2021-08-04T00:00:00Z,G:7E1I,G:7E1I,T2CJ20,surface,0.8307883209619719,9,1,False,0.23,True,False,,False,False,O[P](O)(=O)O[C@@H]1[C@H](O[P](O)(O)=O)[C@H](O[P](O)(O)=O)[C@@H](O[P](O)(O)=O)[C@H](O[P](O)(O)=O)[C@H]1O[P](O)(O)=O,SMILES_CANONICAL/CACTVS,36.0,True,False,excluded: configuration differs from the CCD,False,False
7E1I,7E1I:I:201,IHP_I_201,IHP,I,201,,36,6,InsP6,-73.10736105177138,68.58083385891385,64.22599962022569,3.3,X-RAY DIFFRACTION,2021-08-04T00:00:00Z,G:7E1I,G:7E1I,T2CJ20,surface,0.8083220889753475,10,1,False,0.1099999999999999,True,False,,False,False,O[P](O)(=O)O[C@@H]1[C@H](O[P](O)(O)=O)[C@H](O[P](O)(O)=O)[C@@H](O[P](O)(O)=O)[C@H](O[P](O)(O)=O)[C@H]1O[P](O)(O)=O,SMILES_CANONICAL/CACTVS,36.0,True,False,excluded: configuration differs from the CCD,False,False
7E1I,7E1I:J:201,IHP_J_201,IHP,J,201,,36,6,InsP6,-50.532083405388725,66.67063840230306,18.44008339775933,3.3,X-RAY DIFFRACTION,2021-08-04T00:00:00Z,G:7E1I,G:7E1I,T2CJ20,surface,0.8404214270717325,8,1,False,0.21,True,False,,False,False,O[P](O)(=O)O[C@@H]1[C@H](O[P](O)(O)=O)[C@H](O[P](O)(O)=O)[C@@H](O[P](O)(O)=O)[C@H](O[P](O)(O)=O)[C@H]1O[P](O)(O)=O,SMILES_CANONICAL/CACTVS,36.0,True,False,excluded: configuration differs from the CCD,False,False
7E1I,7E1I:K:201,IHP_K_201,IHP,K,201,,36,6,InsP6,0.6322777743108519,41.16808319091797,28.663611041174995,3.3,X-RAY DIFFRACTION,2021-08-04T00:00:00Z,G:7E1I,G:7E1I,T2CJ20,surface,0.6649894278559385,12,2,True,0.16,True,False,,False,False,O[P](O)(=O)O[C@@H]1[C@H](O[P](O)(O)=O)[C@H](O[P](O)(O)=O)[C@@H](O[P](O)(O)=O)[C@H](O[P](O)(O)=O)[C@H]1O[P](O)(O)=O,SMILES_CANONICAL/CACTVS,36.0,True,False,excluded: configuration differs from the CCD,False,False
7E1I,7E1I:L:201,IHP_L_201,IHP,L,201,,36,6,InsP6,14.144361204571194,89.39625019497342,18.335861100090877,3.3,X-RAY DIFFRACTION,2021-08-04T00:00:00Z,G:7E1I,G:7E1I,T2CJ20,crystal_artifact,0.9506026985176028,1,1,False,0.3800000000000001,True,False,,False,False,,,,,,excluded: crystal artefact,False,False
7OR0,7OR0:A:1206,IHP_A_1206,IHP,A,1206,,36,6,InsP6,166.19138844807944,157.82961146036783,131.83455551995172,2.64,ELECTRON MICROSCOPY,2022-06-22T00:00:00Z,G:7OR0,G:1B55,O75762,surface,0.6863564148260111,12,2,True,1.0,False,False,,False,,O[P](O)(=O)O[C@@H]1[C@H](O[P](O)(O)=O)[C@H](O[P](O)(O)=O)[C@@H](O[P](O)(O)=O)[C@H](O[P](O)(O)=O)[C@H]1O[P](O)(O)=O,SMILES_CANONICAL/CACTVS,36.0,True,False,excluded: configuration differs from the CCD,False,False
7OR0,7OR0:B:1206,IHP_B_1206,IHP,B,1206,,36,6,InsP6,158.1435546875,134.46030637953015,131.72036128573947,2.64,ELECTRON MICROSCOPY,2022-06-22T00:00:00Z,G:7OR0,G:1B55,O75762,surface,0.6679976687569482,12,2,True,1.0,False,False,,False,,O[P](O)(=O)O[C@@H]1[C@H](O[P](O)(O)=O)[C@H](O[P](O)(O)=O)[C@@H](O[P](O)(O)=O)[C@H](O[P](O)(O)=O)[C@H]1O[P](O)(O)=O,SMILES_CANONICAL/CACTVS,36.0,True,False,excluded: configuration differs from the CCD,False,False
7OR0,7OR0:C:1206,IHP_C_1206,IHP,C,1206,,36,6,InsP6,134.54533428615994,142.83002726236978,131.66744380527072,2.64,ELECTRON MICROSCOPY,2022-06-22T00:00:00Z,G:7OR0,G:1B55,O75762,surface,0.6922502361611949,11,2,True,1.0,False,False,,False,,O[P](O)(=O)O[C@@H]1[C@H](O[P](O)(O)=O)[C@H](O[P](O)(O)=O)[C@@H](O[P](O)(O)=O)[C@H](O[P](O)(O)=O)[C@H]1O[P](O)(O)=O,SMILES_CANONICAL/CACTVS,36.0,True,False,excluded: configuration differs from the CCD,False,False
7OR0,7OR0:D:1201,IHP_D_1201,IHP,D,1201,,36,6,InsP6,142.8516099717882,166.24969397650824,131.66575007968478,2.64,ELECTRON MICROSCOPY,2022-06-22T00:00:00Z,G:7OR0,G:1B55,O75762,surface,0.674637872622425,12,2,True,1.0,False,False,,False,,O[P](O)(=O)O[C@@H]1[C@H](O[P](O)(O)=O)[C@H](O[P](O)(O)=O)[C@@H](O[P](O)(O)=O)[C@H](O[P](O)(O)=O)[C@H]1O[P](O)(O)=O,SMILES_CANONICAL/CACTVS,36.0,True,False,excluded: configuration differs from the CCD,False,False
7URN,7URN:A:401,IHP_A_401,IHP,A,401,,36,6,InsP6,166.66400061713324,166.595278845893,124.129055235121,3.43,ELECTRON MICROSCOPY,2023-02-15T00:00:00Z,G:30OE,G:30OE,P12493,surface,0.8393724821112314,9,1,False,0.2,True,False,,False,,O[P](O)(=O)O[C@@H]1[C@H](O[P](O)(O)=O)[C@H](O[P](O)(O)=O)[C@@H](O[P](O)(O)=O)[C@H](O[P](O)(O)=O)[C@H]1O[P](O)(O)=O,SMILES_CANONICAL/CACTVS,36.0,True,True,eligible,True,True
7URN,7URN:A:402,IHP_A_402,IHP,A,402,,36,6,InsP6,166.25933371649847,166.12386194864908,135.0229432847765,3.43,ELECTRON MICROSCOPY,2023-02-15T00:00:00Z,G:30OE,G:30OE,P12493,surface,0.8189513713698261,11,1,False,0.2,True,False,,False,,O[P](O)(=O)O[C@@H]1[C@H](O[P](O)(O)=O)[C@H](O[P](O)(O)=O)[C@@H](O[P](O)(O)=O)[C@H](O[P](O)(O)=O)[C@H]1O[P](O)(O)=O,SMILES_CANONICAL/CACTVS,36.0,True,True,eligible,False,False
8FIL,8FIL:A:201,IHP_A_201,IHP,A,201,,36,6,InsP6,-16.113888767030502,1.5850277663105063,54.92597198486328,2.01,X-RAY DIFFRACTION,2023-09-06T00:00:00Z,G:8FIK,G:8FIK,P31941,surface,0.7815723916898768,17,1,False,1.0,False,False,,False,True,O[P](O)(=O)O[C@@H]1[C@H](O[P](O)(O)=O)[C@H](O[P](O)(O)=O)[C@@H](O[P](O)(O)=O)[C@H](O[P](O)(O)=O)[C@H]1O[P](O)(O)=O,SMILES_CANONICAL/CACTVS,36.0,True,True,eligible,True,True
8FIL,8FIL:B:201,IHP_B_201,IHP,B,201,,36,6,InsP6,37.32702785068088,-12.903722233242458,-3.8742222345123687,2.01,X-RAY DIFFRACTION,2023-09-06T00:00:00Z,G:8FIK,G:8FIK,P31941,surface,0.79870394399533,16,1,False,1.0,False,False,,False,True,O[P](O)(=O)O[C@@H]1[C@H](O[P](O)(O)=O)[C@H](O[P](O)(O)=O)[C@@H](O[P](O)(O)=O)[C@H](O[P](O)(O)=O)[C@H]1O[P](O)(O)=O,SMILES_CANONICAL/CACTVS,36.0,True,True,eligible,False,False
8X5F,8X5F:A:705,IHP_A_705,IHP,A,705,,36,6,InsP6,152.84211095174155,137.34783299763998,96.42355664571126,2.96,ELECTRON MICROSCOPY,2024-07-03T00:00:00Z,G:5IJJ,G:5IJJ,Q9UBH6,surface,0.3314684411114408,34,2,True,1.0,False,False,,False,,O[P](O)(=O)O[C@@H]1[C@H](O[P](O)(O)=O)[C@H](O[P](O)(O)=O)[C@@H](O[P](O)(O)=O)[C@H](O[P](O)(O)=O)[C@H]1O[P](O)(O)=O,SMILES_CANONICAL/CACTVS,36.0,True,True,eligible,True,True
8X5F,8X5F:B:1106,IHP_B_1106,IHP,B,1106,,36,6,InsP6,119.14486100938583,134.64219538370767,96.44883325364854,2.96,ELECTRON MICROSCOPY,2024-07-03T00:00:00Z,G:5IJJ,G:5IJJ,Q9UBH6,surface,0.3212957937153104,35,2,True,1.0,False,False,,False,,O[P](O)(=O)O[C@@H]1[C@H](O[P](O)(O)=O)[C@H](O[P](O)(O)=O)[C@@H](O[P](O)(O)=O)[C@H](O[P](O)(O)=O)[C@H]1O[P](O)(O)=O,SMILES_CANONICAL/CACTVS,36.0,True,True,eligible,False,False
9D5J,9D5J:A:801,IHP_A_801,IHP,A,801,,36,6,InsP6,-42.64519447750516,41.74755552079942,37.39083364274767,2.8,X-RAY DIFFRACTION,2024-11-06T00:00:00Z,G:1ZY7,G:1ZY7,P78563,cryptic,0.1007512740849695,68,1,False,1.0,False,False,,False,False,O[P](O)(=O)O[C@@H]1[C@H](O[P](O)(O)=O)[C@H](O[P](O)(O)=O)[C@@H](O[P](O)(O)=O)[C@H](O[P](O)(O)=O)[C@H]1O[P](O)(O)=O,SMILES_CANONICAL/CACTVS,36.0,True,True,eligible,True,True
9D5J,9D5J:B:801,IHP_B_801,IHP,B,801,,36,6,InsP6,-77.61713854471843,42.10897212558322,54.8499165640937,2.8,X-RAY DIFFRACTION,2024-11-06T00:00:00Z,G:1ZY7,G:1ZY7,P78563,cryptic,0.0742712372168395,74,1,False,1.0,False,False,,False,False,O[P](O)(=O)O[C@@H]1[C@H](O[P](O)(O)=O)[C@H](O[P](O)(O)=O)[C@@H](O[P](O)(O)=O)[C@H](O[P](O)(O)=O)[C@H]1O[P](O)(O)=O,SMILES_CANONICAL/CACTVS,36.0,True,True,eligible,False,False
9N92,9N92:E:301,IHP_E_301,IHP,E,301,,36,6,InsP6,168.1837510002984,168.46988932291666,215.48269568549264,3.44,ELECTRON MICROSCOPY,2025-12-24T00:00:00Z,G:30OE,G:30OE,Q82230,semi_cryptic,0.1982677524595699,47,6,True,1.0,False,False,,False,,O[P](O)(=O)O[C@@H]1[C@H](O[P](O)(O)=O)[C@H](O[P](O)(O)=O)[C@@H](O[P](O)(O)=O)[C@H](O[P](O)(O)=O)[C@H]1O[P](O)(O)=O,SMILES_CANONICAL/CACTVS,36.0,True,True,eligible,True,True
9T4H,9T4H:A:201,IHP_A_201,IHP,A,201,,36,6,InsP6,-4.292694442802006,2.873666663550668,7.806888924704658,1.24,X-RAY DIFFRACTION,2026-06-10T00:00:00Z,G:2FVV,G:2FVV,O95989,semi_cryptic,0.2160237801598958,48,1,False,0.4000000000000001,True,True,MG,True,False,O[P](O)(=O)O[C@@H]1[C@H](O[P](O)(O)=O)[C@H](O[P](O)(O)=O)[C@@H](O[P](O)(O)=O)[C@H](O[P](O)(O)=O)[C@H]1O[P](O)(O)=O,SMILES_CANONICAL/CACTVS,36.0,True,True,eligible,True,True
9YKY,9YKY:A:2702,I3P_A_2702,I3P,A,2702,,24,3,InsP3,228.92058245340985,268.1904996236165,259.2470010121663,3.31,ELECTRON MICROSCOPY,2026-07-01T00:00:00Z,G:1N4K,G:1B55,Q14571,surface,0.3212119392675318,39,1,False,1.0,False,False,,False,,O[C@@H]1[C@H](O)[C@@H](O[P](O)(O)=O)[C@H](O[P](O)(O)=O)[C@@H](O)[C@@H]1O[P](O)(O)=O,SMILES_CANONICAL/CACTVS,24.0,True,True,eligible,True,True
9YKY,9YKY:B:2702,I3P_B_2702,I3P,B,2702,,24,3,InsP3,152.6734587351481,228.89979108174643,259.26316897074383,3.31,ELECTRON MICROSCOPY,2026-07-01T00:00:00Z,G:1N4K,G:1B55,Q14571,surface,0.3184265489068136,37,1,False,1.0,False,False,,False,,O[C@@H]1[C@H](O)[C@@H](O[P](O)(O)=O)[C@H](O[P](O)(O)=O)[C@@H](O)[C@@H]1O[P](O)(O)=O,SMILES_CANONICAL/CACTVS,24.0,True,True,eligible,False,False
9YKY,9YKY:C:2702,I3P_C_2702,I3P,C,2702,,24,3,InsP3,191.96558316548663,152.67608261108398,259.2594146728516,3.31,ELECTRON MICROSCOPY,2026-07-01T00:00:00Z,G:1N4K,G:1B55,Q14571,surface,0.3225174070444385,37,1,False,1.0,False,False,,False,,O[C@@H]1[C@H](O)[C@@H](O[P](O)(O)=O)[C@H](O[P](O)(O)=O)[C@@H](O)[C@@H]1O[P](O)(O)=O,SMILES_CANONICAL/CACTVS,24.0,True,True,eligible,False,False
9YKY,9YKY:D:2702,I3P_D_2702,I3P,D,2702,,24,3,InsP3,268.1867485046387,191.96795845031735,259.2616271972656,3.31,ELECTRON MICROSCOPY,2026-07-01T00:00:00Z,G:1N4K,G:1B55,Q14571,surface,0.320445495085539,37,1,False,1.0,False,False,,False,,O[C@@H]1[C@H](O)[C@@H](O[P](O)(O)=O)[C@H](O[P](O)(O)=O)[C@@H](O)[C@@H]1O[P](O)(O)=O,SMILES_CANONICAL/CACTVS,24.0,True,True,eligible,False,False
1DKQ,1DKQ:A:550,IHP_A_550,IHP,A,550,,36,6,InsP6,-5.636527760161294,36.84308338165283,24.31100008222792,2.05,X-RAY DIFFRACTION,2000-08-03T00:00:00Z,G:1DKP,G:1DKP,P07102,surface,0.2712855410066487,59,1,False,0.75,True,False,,False,False,O[P](O)(=O)O[C@@H]1[C@H](O[P](O)(O)=O)[C@H](O[P](O)(O)=O)[C@@H](O[P](O)(O)=O)[C@H](O[P](O)(O)=O)[C@H]1O[P](O)(O)=O,SMILES_CANONICAL/CACTVS,36.0,True,True,eligible,True,True
1THB,1THB:B:315,IHP_B_315,IHP,B,315,,36,6,InsP6,9.956472277641296,30.10852771335178,19.532527764638264,1.5,X-RAY DIFFRACTION,1991-01-15T00:00:00Z,G:1NIH,G:1NIH,P68871;P69905,surface,0.526653340603911,22,2,True,1.0,False,False,,False,False,O[P](O)(=O)O[C@@H]1[C@H](O[P](O)(O)=O)[C@H](O[P](O)(O)=O)[C@@H](O[P](O)(O)=O)[C@H](O[P](O)(O)=O)[C@H]1O[P](O)(O)=O,SMILES_CANONICAL/CACTVS,36.0,True,True,eligible,True,True
2P1M,2P1M:B:601,IHP_B_601,IHP,B,601,,36,6,InsP6,14.1625833246443,-122.69024997287326,-26.124277750651043,1.8,X-RAY DIFFRACTION,2007-04-10T00:00:00Z,G:28MJ,G:1B55,Q39255;Q570C0,surface,0.3406167545063278,45,1,False,1.0,False,False,,False,False,O[P](O)(=O)O[C@@H]1[C@H](O[P](O)(O)=O)[C@H](O[P](O)(O)=O)[C@@H](O[P](O)(O)=O)[C@H](O[P](O)(O)=O)[C@H]1O[P](O)(O)=O,SMILES_CANONICAL/CACTVS,36.0,True,True,eligible,True,True
3C6N,3C6N:B:1000,IHP_B_1000,IHP,B,1000,,36,6,InsP6,-2.028111122160529,1.01852778179778,34.37658325831095,2.6,X-RAY DIFFRACTION,2008-04-22T00:00:00Z,G:28MJ,G:1B55,Q39255;Q570C0,surface,0.3434806342991591,45,1,False,1.0,False,False,,False,False,O[P](O)(=O)O[C@@H]1[C@H](O[P](O)(O)=O)[C@H](O[P](O)(O)=O)[C@@H](O[P](O)(O)=O)[C@H](O[P](O)(O)=O)[C@H]1O[P](O)(O)=O,SMILES_CANONICAL/CACTVS,36.0,True,True,eligible,True,True
3V0H,3V0H:A:1,I3P_A_1,I3P,A,1,,24,3,InsP3,8.244041701157888,5.910916646321614,35.57412528991699,1.85,X-RAY DIFFRACTION,2012-05-09T00:00:00Z,G:3V0H,G:3MMJ,Q4W8A1,surface,0.2611149774529775,57,1,False,1.0,False,False,,False,False,O[C@@H]1[C@H](O)[C@@H](O[P](O)(O)=O)[C@H](O[P](O)(O)=O)[C@@H](O)[C@@H]1O[P](O)(O)=O,SMILES_CANONICAL/CACTVS,24.0,True,True,eligible,True,True
3V0H,3V0H:A:2,I3P_A_2,I3P,A,2,,24,3,InsP3,4.412583361069362,13.789083242416382,26.417250235875446,1.85,X-RAY DIFFRACTION,2012-05-09T00:00:00Z,G:3V0H,G:3MMJ,Q4W8A1,surface,0.6267304756802087,12,1,False,0.71,True,False,,True,False,O[C@@H]1[C@H](O)[C@@H](O[P](O)(O)=O)[C@H](O[P](O)(O)=O)[C@@H](O)[C@@H]1O[P](O)(O)=O,SMILES_CANONICAL/CACTVS,24.0,True,True,eligible,False,False
3V0H,3V0H:B:3,I3P_B_3,I3P,B,3,,24,3,InsP3,9.737499992052712,14.362833380699158,-6.14687501390775,1.85,X-RAY DIFFRACTION,2012-05-09T00:00:00Z,G:3V0H,G:3MMJ,Q4W8A1,surface,0.2543246051910322,58,1,False,1.0,False,False,,False,False,O[C@@H]1[C@H](O)[C@@H](O[P](O)(O)=O)[C@H](O[P](O)(O)=O)[C@@H](O)[C@@H]1O[P](O)(O)=O,SMILES_CANONICAL/CACTVS,24.0,True,True,eligible,False,False
3V0H,3V0H:B:4,I3P_B_4,I3P,B,4,,24,3,InsP3,12.739333271980286,18.41333333651225,4.684499996403853,1.85,X-RAY DIFFRACTION,2012-05-09T00:00:00Z,G:3V0H,G:3MMJ,Q4W8A1,surface,0.6507236427717109,14,1,False,1.0,False,False,,False,False,O[C@@H]1[C@H](O)[C@@H](O[P](O)(O)=O)[C@H](O[P](O)(O)=O)[C@@H](O)[C@@H]1O[P](O)(O)=O,SMILES_CANONICAL/CACTVS,24.0,True,True,eligible,False,False
4WTY,4WTY:A:401,4IP_A_401,4IP,A,401,,28,4,InsP4,-5.225357151989426,133.12528610229492,16.02710713659014,2.1,X-RAY DIFFRACTION,2015-11-04T00:00:00Z,G:3MMJ,G:3MMJ,Q7WUJ1,semi_cryptic,0.1588796194357662,62,1,False,1.0,False,False,,False,False,O[C@H]1[C@@H](O[P](O)(O)=O)[C@H](O)[C@@H](O[P](O)(O)=O)[C@H](O[P](O)(O)=O)[C@H]1O[P](O)(O)=O,SMILES_CANONICAL/CACTVS,28.0,True,True,eligible,True,True
4WTY,4WTY:B:401,4IP_B_401,4IP,B,401,,28,4,InsP4,-11.038714289665222,94.35974938528878,17.542499985013688,2.1,X-RAY DIFFRACTION,2015-11-04T00:00:00Z,G:3MMJ,G:3MMJ,Q7WUJ1,semi_cryptic,0.1628417086057294,61,1,False,1.0,False,False,,False,False,O[C@H]1[C@@H](O[P](O)(O)=O)[C@H](O)[C@@H](O[P](O)(O)=O)[C@H](O[P](O)(O)=O)[C@H]1O[P](O)(O)=O,SMILES_CANONICAL/CACTVS,28.0,True,True,eligible,False,False
5IJJ,5IJJ:A:500,IHP_A_500,IHP,A,500,,36,6,InsP6,-17.300444444020588,-6.337527814838621,37.985916879442,1.95,X-RAY DIFFRACTION,2016-04-27T00:00:00Z,G:5IJJ,G:5IJJ,G0RY29,surface,0.4608474581673238,34,1,False,1.0,False,False,,False,True,O[P](O)(=O)O[C@@H]1[C@H](O[P](O)(O)=O)[C@H](O[P](O)(O)=O)[C@@H](O[P](O)(O)=O)[C@H](O[P](O)(O)=O)[C@H]1O[P](O)(O)=O,SMILES_CANONICAL/CACTVS,36.0,True,True,eligible,True,True
5IJJ,5IJJ:B:500,IHP_B_500,IHP,B,500,,36,6,InsP6,-15.215583350923326,38.7165281507704,28.501555548773872,1.95,X-RAY DIFFRACTION,2016-04-27T00:00:00Z,G:5IJJ,G:5IJJ,G0RY29,surface,0.7934787730249608,10,1,False,1.0,False,False,,False,False,O[P](O)(=O)O[C@@H]1[C@H](O[P](O)(O)=O)[C@H](O[P](O)(O)=O)[C@@H](O[P](O)(O)=O)[C@H](O[P](O)(O)=O)[C@H]1O[P](O)(O)=O,SMILES_CANONICAL/CACTVS,36.0,True,True,eligible,False,False
5IJJ,5IJJ:B:501,IHP_B_501,IHP,B,501,,36,6,InsP6,-7.299861113230388,30.98491647508409,21.65877776675754,1.95,X-RAY DIFFRACTION,2016-04-27T00:00:00Z,G:5IJJ,G:5IJJ,G0RY29,surface,0.7265404390070412,13,1,False,1.0,False,False,,False,False,O[P](O)(=O)O[C@@H]1[C@H](O[P](O)(O)=O)[C@H](O[P](O)(O)=O)[C@@H](O[P](O)(O)=O)[C@H](O[P](O)(O)=O)[C@H]1O[P](O)(O)=O,SMILES_CANONICAL/CACTVS,36.0,True,True,eligible,False,False
5W3Y,5W3Y:A:501,IHP_A_501,IHP,A,501,,36,6,InsP6,5.93538894587093,1.3041388823961215,60.76599979400635,2.2,X-RAY DIFFRACTION,2017-08-09T00:00:00Z,G:5W3T,G:5KLP,A0A0S4VB05,surface,0.3118780613509357,49,1,False,1.0,False,False,,False,False,O[P](O)(=O)O[C@@H]1[C@H](O[P](O)(O)=O)[C@H](O[P](O)(O)=O)[C@@H](O[P](O)(O)=O)[C@H](O[P](O)(O)=O)[C@H]1O[P](O)(O)=O,SMILES_CANONICAL/CACTVS,36.0,True,False,excluded: configuration differs from the CCD,False,False
5W3Y,5W3Y:B:501,IHP_B_501,IHP,B,501,,36,6,InsP6,-6.897083322207133,13.087500068876478,85.35791672600641,2.2,X-RAY DIFFRACTION,2017-08-09T00:00:00Z,G:5W3T,G:5KLP,A0A0S4VB05,surface,0.3136937567086818,51,1,False,1.0,False,False,,False,False,O[P](O)(=O)O[C@@H]1[C@H](O[P](O)(O)=O)[C@H](O[P](O)(O)=O)[C@@H](O[P](O)(O)=O)[C@H](O[P](O)(O)=O)[C@H]1O[P](O)(O)=O,SMILES_CANONICAL/CACTVS,36.0,True,False,excluded: configuration differs from the CCD,False,False
5W3Y,5W3Y:C:501,IHP_C_501,IHP,C,501,,36,6,InsP6,12.547111166848076,-2.1914444310435406,102.6138055589464,2.2,X-RAY DIFFRACTION,2017-08-09T00:00:00Z,G:5W3T,G:5KLP,A0A0S4VB05,surface,0.3238243377801587,47,1,False,1.0,False,False,,False,False,O[P](O)(=O)O[C@@H]1[C@H](O[P](O)(O)=O)[C@H](O[P](O)(O)=O)[C@@H](O[P](O)(O)=O)[C@H](O[P](O)(O)=O)[C@H]1O[P](O)(O)=O,SMILES_CANONICAL/CACTVS,36.0,True,False,excluded: configuration differs from the CCD,False,False
5W3Y,5W3Y:D:501,IHP_D_501,IHP,D,501,,36,6,InsP6,25.60205539067586,-13.657694445716013,78.06897205776639,2.2,X-RAY DIFFRACTION,2017-08-09T00:00:00Z,G:5W3T,G:5KLP,A0A0S4VB05,surface,0.3197983874916743,49,1,False,1.0,False,False,,False,False,O[P](O)(=O)O[C@@H]1[C@H](O[P](O)(O)=O)[C@H](O[P](O)(O)=O)[C@@H](O[P](O)(O)=O)[C@H](O[P](O)(O)=O)[C@H]1O[P](O)(O)=O,SMILES_CANONICAL/CACTVS,36.0,True,False,excluded: configuration differs from the CCD,False,False
6GFH,6GFH:A:501,K7V_A_501,K7V,A,501,,32,5,InsP5,-13.042625039815904,-35.13871908187866,26.75021868944168,2.65,X-RAY DIFFRACTION,2018-09-12T00:00:00Z,G:2XAL,G:2XAL,Q93YN9,semi_cryptic,0.2176714504633713,40,1,False,0.91,True,False,,False,False,O[C@@H]1[C@H](O[P](O)(O)=O)[C@@H](O[P](O)(O)=O)[C@@H](O[P](O)(O)=O)[C@@H](O[P](O)(O)=O)[C@@H]1O[P](O)(O)=O,SMILES_CANONICAL/CACTVS,32.0,True,True,eligible,True,True
6GFH,6GFH:B:501,K7V_B_501,K7V,B,501,,32,5,InsP5,-2.9784687589854,-5.852218732237816,5.439000032842159,2.65,X-RAY DIFFRACTION,2018-09-12T00:00:00Z,G:2XAL,G:2XAL,Q93YN9,semi_cryptic,0.2048344487746728,40,1,False,1.0,False,False,,False,False,O[C@@H]1[C@H](O[P](O)(O)=O)[C@@H](O[P](O)(O)=O)[C@@H](O[P](O)(O)=O)[C@@H](O[P](O)(O)=O)[C@@H]1O[P](O)(O)=O,SMILES_CANONICAL/CACTVS,32.0,True,True,eligible,False,False
6WOE,6WOE:A:504,IHP_A_504,IHP,A,504,,36,6,InsP6,16.564972268210518,4.877305540773604,14.749333328670923,1.4,X-RAY DIFFRACTION,2021-03-03T00:00:00Z,G:2FVV,G:2FVV,O95989,surface,0.2736797486460108,54,1,False,0.5100000000000002,True,True,MG,True,False,O[P](O)(=O)O[C@@H]1[C@H](O[P](O)(O)=O)[C@H](O[P](O)(O)=O)[C@@H](O[P](O)(O)=O)[C@H](O[P](O)(O)=O)[C@H]1O[P](O)(O)=O,SMILES_CANONICAL/CACTVS,36.0,True,True,eligible,True,True
7JXA,7JXA:A:501,I3P_A_501,I3P,A,501,,24,3,InsP3,108.0994160970052,42.80325015385946,-6.41054168343544,2.4,X-RAY DIFFRACTION,2021-10-13T00:00:00Z,G:1ZSH,G:1ZSH,P08168,surface,0.3480712885289231,37,1,False,1.0,False,False,,False,True,O[C@@H]1[C@H](O)[C@@H](O[P](O)(O)=O)[C@H](O[P](O)(O)=O)[C@@H](O)[C@@H]1O[P](O)(O)=O,SMILES_CANONICAL/CACTVS,24.0,True,True,eligible,True,True
7JXA,7JXA:B:501,I3P_B_501,I3P,B,501,,24,3,InsP3,29.144999980926517,7.965291698773702,10.573916594187418,2.4,X-RAY DIFFRACTION,2021-10-13T00:00:00Z,G:1ZSH,G:1ZSH,P08168,surface,0.4289019114367848,28,1,False,0.75,True,False,,False,False,O[C@@H]1[C@H](O)[C@@H](O[P](O)(O)=O)[C@H](O[P](O)(O)=O)[C@@H](O)[C@@H]1O[P](O)(O)=O,SMILES_CANONICAL/CACTVS,24.0,True,True,eligible,False,False
7JXA,7JXA:C:501,I3P_C_501,I3P,C,501,,24,3,InsP3,41.87083339691162,-27.652125040690105,27.76108336448669,2.4,X-RAY DIFFRACTION,2021-10-13T00:00:00Z,G:1ZSH,G:1ZSH,P08168,surface,0.3415142959545966,34,1,False,1.0,False,False,,False,False,O[C@@H]1[C@H](O)[C@@H](O[P](O)(O)=O)[C@H](O[P](O)(O)=O)[C@@H](O)[C@@H]1O[P](O)(O)=O,SMILES_CANONICAL/CACTVS,24.0,True,True,eligible,False,False
7JXA,7JXA:D:501,I3P_D_501,I3P,D,501,,24,3,InsP3,71.55045795440674,52.2860418955485,12.434458315372469,2.4,X-RAY DIFFRACTION,2021-10-13T00:00:00Z,G:1ZSH,G:1ZSH,P08168,surface,0.39338450334299,29,1,False,0.75,True,False,,False,False,O[C@@H]1[C@H](O)[C@@H](O[P](O)(O)=O)[C@H](O[P](O)(O)=O)[C@@H](O)[C@@H]1O[P](O)(O)=O,SMILES_CANONICAL/CACTVS,24.0,True,True,eligible,False,False
7SDB,7SDB:A:500,IHP_A_500,IHP,A,500,,36,6,InsP6,10.383194420072767,-1.754888894657294,-6.976722227202521,2.0,X-RAY DIFFRACTION,2022-10-19T00:00:00Z,G:3MMJ,G:3MMJ,Q5ZRR1,semi_cryptic,0.2218201344462248,73,1,False,1.0,False,False,,False,False,O[P](O)(=O)O[C@@H]1[C@H](O[P](O)(O)=O)[C@H](O[P](O)(O)=O)[C@@H](O[P](O)(O)=O)[C@H](O[P](O)(O)=O)[C@H]1O[P](O)(O)=O,SMILES_CANONICAL/CACTVS,36.0,True,True,eligible,True,True
7ZUD,7ZUD:A:501,IHP_A_501,IHP,A,501,,36,6,InsP6,45.73619418674045,78.10150040520563,17.39208330048455,2.93,X-RAY DIFFRACTION,2022-07-27T00:00:00Z,G:30OE,G:30OE,P12497;Q16630,crystal_artifact,0.9403217914309688,2,1,False,0.08,True,False,,True,True,,,,,,excluded: crystal artefact,False,False
7ZUD,7ZUD:A:502,IHP_A_502,IHP,A,502,,36,6,InsP6,45.63758288489448,77.99127833048503,6.367249975601832,2.93,X-RAY DIFFRACTION,2022-07-27T00:00:00Z,G:30OE,G:30OE,P12497;Q16630,crystal_artifact,0.8751877507726061,7,1,False,0.08,True,False,,True,True,,,,,,excluded: crystal artefact,False,False
8PPE,8PPE:A:502,7I8_A_502,7I8,A,502,,29,4,InsP4,11.260413794681943,29.52251723716999,84.43499992633689,1.59,X-RAY DIFFRACTION,2024-02-28T00:00:00Z,G:1W2C,G:1W2C,P23677,surface,0.3712022951353681,23,1,False,0.5,True,True,MN,True,False,O[C@H]1[C@H](CO[P](O)(O)=O)[C@@H](O[P](O)(O)=O)[C@H](O[P](O)(O)=O)[C@@H](O)[C@@H]1O[P](O)(O)=O,SMILES_CANONICAL/CACTVS,29.0,True,True,eligible,True,True
8PPE,8PPE:B:502,7I8_B_502,7I8,B,502,,29,4,InsP4,19.39113791235562,49.242689593084926,62.76548227770575,1.59,X-RAY DIFFRACTION,2024-02-28T00:00:00Z,G:1W2C,G:1W2C,P23677,surface,0.3726906529035235,29,1,False,1.0,False,False,,False,False,O[C@H]1[C@H](CO[P](O)(O)=O)[C@@H](O[P](O)(O)=O)[C@H](O[P](O)(O)=O)[C@@H](O)[C@@H]1O[P](O)(O)=O,SMILES_CANONICAL/CACTVS,29.0,True,True,eligible,False,False
9B83,9B83:A:1301,IHP_A_1301,IHP,A,1301,,36,6,InsP6,129.57308345370822,142.18136003282336,119.34252738952635,3.01,ELECTRON MICROSCOPY,2025-03-26T00:00:00Z,G:1ZY7,G:1ZY7,P55265,cryptic,0.0846605732917235,60,1,False,1.0,False,False,,False,,O[P](O)(=O)O[C@@H]1[C@H](O[P](O)(O)=O)[C@H](O[P](O)(O)=O)[C@@H](O[P](O)(O)=O)[C@H](O[P](O)(O)=O)[C@H]1O[P](O)(O)=O,SMILES_CANONICAL/CACTVS,36.0,True,False,excluded: configuration differs from the CCD,False,False
9B83,9B83:B:1301,IHP_B_1301,IHP,B,1301,,36,6,InsP6,124.4025830162896,135.80413987901477,157.96308390299478,3.01,ELECTRON MICROSCOPY,2025-03-26T00:00:00Z,G:1ZY7,G:1ZY7,P55265,cryptic,0.1031976964109204,63,1,False,1.0,False,False,,False,,O[P](O)(=O)O[C@@H]1[C@H](O[P](O)(O)=O)[C@H](O[P](O)(O)=O)[C@@H](O[P](O)(O)=O)[C@H](O[P](O)(O)=O)[C@H]1O[P](O)(O)=O,SMILES_CANONICAL/CACTVS,36.0,True,False,excluded: configuration differs from the CCD,False,False
9DWD,9DWD:G:401,IHP_G_401,IHP,G,401,,36,6,InsP6,148.31444464789496,149.0918337504069,152.37247297498914,3.13,ELECTRON MICROSCOPY,2024-10-30T00:00:00Z,G:30OE,G:30OE,P04591,surface,0.2550271231389369,39,6,True,1.0,False,False,,False,,O[P](O)(=O)O[C@@H]1[C@H](O[P](O)(O)=O)[C@H](O[P](O)(O)=O)[C@@H](O[P](O)(O)=O)[C@H](O[P](O)(O)=O)[C@H]1O[P](O)(O)=O,SMILES_CANONICAL/CACTVS,36.0,True,True,eligible,True,True
9QO4,9QO4:B:501,IHP_B_501,IHP,B,501,,36,6,InsP6,199.54599931504995,126.64636082119412,112.36244455973308,2.95,ELECTRON MICROSCOPY,2026-02-04T00:00:00Z,G:28MJ,G:1B55,P61024;P61201;P62877;P63208;Q13098;Q13309;Q13616;Q7L5N1;Q8WXC6;Q92905;Q99627;Q9BT78;Q9H9Q2;Q9UNS2,surface,0.5399167937386221,15,3,True,1.0,False,False,,False,,O[P](O)(=O)O[C@@H]1[C@H](O[P](O)(O)=O)[C@H](O[P](O)(O)=O)[C@@H](O[P](O)(O)=O)[C@H](O[P](O)(O)=O)[C@H]1O[P](O)(O)=O,SMILES_CANONICAL/CACTVS,36.0,True,False,excluded: configuration differs from the CCD,False,False
9T94,9T94:A:2601,IHP_A_2601,IHP,A,2601,,36,6,InsP6,265.07877858479816,236.98652733696832,207.87602869669595,2.6,ELECTRON MICROSCOPY,2026-04-22T00:00:00Z,G:6ZWM,G:1B55,P42345;Q6R327;Q9BPZ7;Q9BVC4,surface,0.4939329948848606,28,1,False,1.0,False,False,,False,,O[P](O)(=O)O[C@@H]1[C@H](O[P](O)(O)=O)[C@H](O[P](O)(O)=O)[C@@H](O[P](O)(O)=O)[C@H](O[P](O)(O)=O)[C@H]1O[P](O)(O)=O,SMILES_CANONICAL/CACTVS,36.0,True,True,eligible,True,True
1FAO,1FAO:A:274,4IP_A_274,4IP,A,274,,28,4,InsP4,25.04235717228481,5.342071431023734,9.595321416854858,1.8,X-RAY DIFFRACTION,2000-07-20T00:00:00Z,G:1FAO,G:1B55,Q9UN19,surface,0.3327568719708327,50,1,False,1.0,False,False,,False,True,O[C@H]1[C@@H](O[P](O)(O)=O)[C@H](O)[C@@H](O[P](O)(O)=O)[C@H](O[P](O)(O)=O)[C@H]1O[P](O)(O)=O,SMILES_CANONICAL/CACTVS,28.0,True,True,eligible,True,True
1U27,1U27:A:101,4IP_A_101,4IP,A,101,,28,4,InsP4,6.571285690580096,27.473285675048828,5.466071408774171,2.3,X-RAY DIFFRACTION,2005-02-01T00:00:00Z,G:1FAO,G:1B55,P63034,surface,0.3003067398838389,38,1,False,1.0,False,False,,False,True,O[C@H]1[C@@H](O[P](O)(O)=O)[C@H](O)[C@@H](O[P](O)(O)=O)[C@H](O[P](O)(O)=O)[C@H]1O[P](O)(O)=O,SMILES_CANONICAL/CACTVS,28.0,True,True,eligible,True,True
2P1N,2P1N:B:601,IHP_B_601,IHP,B,601,,36,6,InsP6,-26.375750011867947,0.5207500064538585,-36.28994470172458,2.5,X-RAY DIFFRACTION,2007-04-10T00:00:00Z,G:28MJ,G:1B55,Q38825;Q39255;Q570C0,surface,0.3503882775919095,44,1,False,1.0,False,False,,False,False,O[P](O)(=O)O[C@@H]1[C@H](O[P](O)(O)=O)[C@H](O[P](O)(O)=O)[C@@H](O[P](O)(O)=O)[C@H](O[P](O)(O)=O)[C@H]1O[P](O)(O)=O,SMILES_CANONICAL/CACTVS,36.0,True,True,eligible,True,True
2P1N,2P1N:E:601,IHP_E_601,IHP,E,601,,36,6,InsP6,-2.385111093107197,0.9057777866514192,-90.4782772064209,2.5,X-RAY DIFFRACTION,2007-04-10T00:00:00Z,G:28MJ,G:1B55,Q38825;Q39255;Q570C0,surface,0.342553150684284,45,1,False,1.0,False,False,,False,False,O[P](O)(=O)O[C@@H]1[C@H](O[P](O)(O)=O)[C@H](O[P](O)(O)=O)[C@@H](O[P](O)(O)=O)[C@H](O[P](O)(O)=O)[C@H]1O[P](O)(O)=O,SMILES_CANONICAL/CACTVS,36.0,True,True,eligible,False,False
3C6O,3C6O:B:1000,IHP_B_1000,IHP,B,1000,,36,6,InsP6,23.48461103439331,1.0179722336534824,34.28808334138658,2.7,X-RAY DIFFRACTION,2008-04-22T00:00:00Z,G:28MJ,G:1B55,Q39255;Q570C0,surface,0.3406227707619042,44,1,False,1.0,False,False,,False,False,O[P](O)(=O)O[C@@H]1[C@H](O[P](O)(O)=O)[C@H](O[P](O)(O)=O)[C@@H](O[P](O)(O)=O)[C@H](O[P](O)(O)=O)[C@H]1O[P](O)(O)=O,SMILES_CANONICAL/CACTVS,36.0,True,True,eligible,True,True
3W8L,3W8L:B:500,IHP_B_500,IHP,B,500,,36,6,InsP6,31.88194428549873,13.280694431728786,6.61816664536794,2.4,X-RAY DIFFRACTION,2013-11-13T00:00:00Z,G:3W8L,G:1B55,P68400,surface,0.4902263516535058,33,2,True,1.0,False,False,,False,False,O[P](O)(=O)O[C@@H]1[C@H](O[P](O)(O)=O)[C@H](O[P](O)(O)=O)[C@@H](O[P](O)(O)=O)[C@H](O[P](O)(O)=O)[C@H]1O[P](O)(O)=O,SMILES_CANONICAL/CACTVS,36.0,True,True,eligible,True,True
3W8L,3W8L:B:501,IHP_B_501,IHP,B,501,,36,6,InsP6,33.45050001144409,43.59980561998155,38.27113914489746,2.4,X-RAY DIFFRACTION,2013-11-13T00:00:00Z,G:3W8L,G:1B55,P68400,surface,0.7779895348776906,10,1,False,1.0,False,False,,False,False,O[P](O)(=O)O[C@@H]1[C@H](O[P](O)(O)=O)[C@H](O[P](O)(O)=O)[C@@H](O[P](O)(O)=O)[C@H](O[P](O)(O)=O)[C@H]1O[P](O)(O)=O,SMILES_CANONICAL/CACTVS,36.0,True,True,eligible,False,False
4WU2,4WU2:A:401,I3P_A_401,I3P,A,401,,24,3,InsP3,-5.086708335205913,133.23808352152506,15.867166678110758,2.15,X-RAY DIFFRACTION,2015-11-04T00:00:00Z,G:3MMJ,G:3MMJ,Q7WUJ1,semi_cryptic,0.2042939780489413,49,1,False,0.75,True,False,,True,False,O[C@@H]1[C@H](O)[C@@H](O[P](O)(O)=O)[C@H](O[P](O)(O)=O)[C@@H](O)[C@@H]1O[P](O)(O)=O,SMILES_CANONICAL/CACTVS,24.0,True,True,eligible,True,True
4WU2,4WU2:B:401,I3P_B_401,I3P,B,401,,24,3,InsP3,-11.570958336194357,93.61491680145264,16.643583297729492,2.15,X-RAY DIFFRACTION,2015-11-04T00:00:00Z,G:3MMJ,G:3MMJ,Q7WUJ1,semi_cryptic,0.1983828920565371,49,1,False,0.75,True,False,,True,False,O[C@@H]1[C@H](O)[C@@H](O[P](O)(O)=O)[C@H](O[P](O)(O)=O)[C@@H](O)[C@@H]1O[P](O)(O)=O,SMILES_CANONICAL/CACTVS,24.0,True,True,eligible,False,False
5IJP,5IJP:A:302,IHP_A_302,IHP,A,302,,36,6,InsP6,-18.2361667421129,-6.585249970356624,11.64330550034841,2.75,X-RAY DIFFRACTION,2016-04-27T00:00:00Z,G:5IJJ,G:5IJJ,G0SCH1,surface,0.5400899178202518,34,1,False,1.0,False,False,,False,False,O[P](O)(=O)O[C@@H]1[C@H](O[P](O)(O)=O)[C@H](O[P](O)(O)=O)[C@@H](O[P](O)(O)=O)[C@H](O[P](O)(O)=O)[C@H]1O[P](O)(O)=O,SMILES_CANONICAL/CACTVS,36.0,True,True,eligible,True,True
5W40,5W40:A:501,IHP_A_501,IHP,A,501,,36,6,InsP6,-48.066472159491646,-20.54983329772949,-33.11575015385946,2.53,X-RAY DIFFRACTION,2017-08-09T00:00:00Z,G:5W3T,G:5KLP,A0A0S4VB05,surface,0.3206762299507016,46,1,False,1.0,False,False,,False,False,O[P](O)(=O)O[C@@H]1[C@H](O[P](O)(O)=O)[C@H](O[P](O)(O)=O)[C@@H](O[P](O)(O)=O)[C@H](O[P](O)(O)=O)[C@H]1O[P](O)(O)=O,SMILES_CANONICAL/CACTVS,36.0,True,False,excluded: configuration differs from the CCD,False,False
5W40,5W40:B:501,IHP_B_501,IHP,B,501,,36,6,InsP6,-67.33319420284695,-14.23705554008484,-55.560055096944176,2.53,X-RAY DIFFRACTION,2017-08-09T00:00:00Z,G:5W3T,G:5KLP,A0A0S4VB05,surface,0.3204706959923764,47,1,False,1.0,False,False,,False,False,O[P](O)(=O)O[C@@H]1[C@H](O[P](O)(O)=O)[C@H](O[P](O)(O)=O)[C@@H](O[P](O)(O)=O)[C@H](O[P](O)(O)=O)[C@H]1O[P](O)(O)=O,SMILES_CANONICAL/CACTVS,36.0,True,False,excluded: configuration differs from the CCD,False,False
5W40,5W40:C:501,IHP_C_501,IHP,C,501,,36,6,InsP6,-80.5354995727539,-41.30486096276177,-51.81530570983887,2.53,X-RAY DIFFRACTION,2017-08-09T00:00:00Z,G:5W3T,G:5KLP,A0A0S4VB05,surface,0.3343985245886379,48,1,False,1.0,False,False,,False,False,O[P](O)(=O)O[C@@H]1[C@H](O[P](O)(O)=O)[C@H](O[P](O)(O)=O)[C@@H](O[P](O)(O)=O)[C@H](O[P](O)(O)=O)[C@H]1O[P](O)(O)=O,SMILES_CANONICAL/CACTVS,36.0,True,False,excluded: configuration differs from the CCD,False,False
5W40,5W40:D:501,IHP_D_501,IHP,D,501,,36,6,InsP6,-61.83855575985379,-47.4534723493788,-28.812027666303848,2.53,X-RAY DIFFRACTION,2017-08-09T00:00:00Z,G:5W3T,G:5KLP,A0A0S4VB05,surface,0.3523862999980102,46,1,False,1.0,False,False,,False,False,O[P](O)(=O)O[C@@H]1[C@H](O[P](O)(O)=O)[C@H](O[P](O)(O)=O)[C@@H](O[P](O)(O)=O)[C@H](O[P](O)(O)=O)[C@H]1O[P](O)(O)=O,SMILES_CANONICAL/CACTVS,36.0,True,False,excluded: configuration differs from the CCD,False,False
6H09,6H09:A:501,IHP_A_501,IHP,A,501,,36,6,InsP6,-0.1071111193547646,-0.0245277746063139,-8.624388853708902,2.0,X-RAY DIFFRACTION,2018-08-15T00:00:00Z,G:30OE,G:30OE,P12493,crystal_artifact,0.8927815841063285,5,1,False,0.0,True,False,,False,True,,,,,,excluded: crystal artefact,False,False
6WOF,6WOF:A:506,IHP_A_506,IHP,A,506,,36,6,InsP6,16.685888952679104,4.807555557952987,14.633833249409994,1.6,X-RAY DIFFRACTION,2021-03-03T00:00:00Z,G:2FVV,G:2FVV,O95989,surface,0.2617816223419126,54,1,False,1.0,False,True,MG,False,False,O[P](O)(=O)O[C@@H]1[C@H](O[P](O)(O)=O)[C@H](O[P](O)(O)=O)[C@@H](O[P](O)(O)=O)[C@H](O[P](O)(O)=O)[C@H]1O[P](O)(O)=O,SMILES_CANONICAL/CACTVS,36.0,True,True,eligible,True,True
7K36,7K36:I:901,IHP_I_901,IHP,I,901,,36,6,InsP6,137.06983354356555,152.21969392564563,164.94177754720053,3.3,ELECTRON MICROSCOPY,2021-03-10T00:00:00Z,G:7K36,G:1B55,P30153;P67775;Q13033;Q5VSL9;Q9Y3A3,semi_cryptic,0.1375351621223157,54,1,False,1.0,False,False,,False,,O[P](O)(=O)O[C@@H]1[C@H](O[P](O)(O)=O)[C@H](O[P](O)(O)=O)[C@@H](O[P](O)(O)=O)[C@H](O[P](O)(O)=O)[C@H]1O[P](O)(O)=O,SMILES_CANONICAL/CACTVS,36.0,True,False,excluded: configuration differs from the CCD,False,False
7SDD,7SDD:A:500,4IP_A_500,4IP,A,500,,28,4,InsP4,11.199964353016444,-2.1166428489876643,-7.191142861332212,1.85,X-RAY DIFFRACTION,2022-10-19T00:00:00Z,G:3MMJ,G:3MMJ,Q5ZRR1,semi_cryptic,0.1744128976246841,67,1,False,1.0,False,False,,False,False,O[C@H]1[C@@H](O[P](O)(O)=O)[C@H](O)[C@@H](O[P](O)(O)=O)[C@H](O[P](O)(O)=O)[C@H]1O[P](O)(O)=O,SMILES_CANONICAL/CACTVS,28.0,True,True,eligible,True,True
7ZVT,7ZVT:B:801,IHP_B_801,IHP,B,801,,36,6,InsP6,136.95302708943686,120.31669447157118,107.28580580817328,2.74,ELECTRON MICROSCOPY,2023-05-24T00:00:00Z,G:7SGL,G:1B55,P12956;P13010,surface,0.470514526807217,31,2,True,1.0,False,False,,False,,O[P](O)(=O)O[C@@H]1[C@H](O[P](O)(O)=O)[C@H](O[P](O)(O)=O)[C@@H](O[P](O)(O)=O)[C@H](O[P](O)(O)=O)[C@H]1O[P](O)(O)=O,SMILES_CANONICAL/CACTVS,36.0,True,True,eligible,True,True
8QOZ,8QOZ:A:2401,IHP_A_2401,IHP,A,2401,,36,6,InsP6,325.9711922539605,248.76641676161023,287.2796393500434,3.1,ELECTRON MICROSCOPY,2024-05-22T00:00:00Z,G:3PEU,G:1B55,O43172;O43290;O43395;O75643;O94906;P55769;P83876;Q15029;Q15459;Q53GS9;Q6P2Q9;Q8WWY3;Q9BUQ8,surface,0.4014104036893311,44,2,True,1.0,False,False,,False,,O[P](O)(=O)O[C@@H]1[C@H](O[P](O)(O)=O)[C@H](O[P](O)(O)=O)[C@@H](O[P](O)(O)=O)[C@H](O[P](O)(O)=O)[C@H]1O[P](O)(O)=O,SMILES_CANONICAL/CACTVS,36.0,True,False,excluded: configuration differs from the CCD,False,False
9B84,9B84:A:1301,IHP_A_1301,IHP,A,1301,,36,6,InsP6,153.14386071099176,164.41069581773547,140.33799913194446,3.2,ELECTRON MICROSCOPY,2025-03-26T00:00:00Z,G:1ZY7,G:1ZY7,P55265,cryptic,0.02562528178911,76,1,False,1.0,False,False,,False,,O[P](O)(=O)O[C@@H]1[C@H](O[P](O)(O)=O)[C@H](O[P](O)(O)=O)[C@@H](O[P](O)(O)=O)[C@H](O[P](O)(O)=O)[C@H]1O[P](O)(O)=O,SMILES_CANONICAL/CACTVS,36.0,True,False,excluded: configuration differs from the CCD,False,False
9B84,9B84:B:1301,IHP_B_1301,IHP,B,1301,,36,6,InsP6,146.9023869832357,166.33636135525174,179.7620561387804,3.2,ELECTRON MICROSCOPY,2025-03-26T00:00:00Z,G:1ZY7,G:1ZY7,P55265,cryptic,0.1119204264798271,55,1,False,1.0,False,False,,False,,O[P](O)(=O)O[C@@H]1[C@H](O[P](O)(O)=O)[C@H](O[P](O)(O)=O)[C@@H](O[P](O)(O)=O)[C@H](O[P](O)(O)=O)[C@H]1O[P](O)(O)=O,SMILES_CANONICAL/CACTVS,36.0,True,False,excluded: configuration differs from the CCD,False,False
9E39,9E39:J:401,IHP_J_401,IHP,J,401,,36,6,InsP6,150.8878059387207,150.88291803995767,155.27186160617404,2.71,ELECTRON MICROSCOPY,2025-10-29T00:00:00Z,G:30OE,G:30OE,P04591,semi_cryptic,0.2362589499300773,38,6,True,1.0,False,False,,False,,O[P](O)(=O)O[C@@H]1[C@H](O[P](O)(O)=O)[C@H](O[P](O)(O)=O)[C@@H](O[P](O)(O)=O)[C@H](O[P](O)(O)=O)[C@H]1O[P](O)(O)=O,SMILES_CANONICAL/CACTVS,36.0,True,True,eligible,True,True
9QZ0,9QZ0:AA:501,IHP_AA_501,IHP,AA,501,,36,6,InsP6,3.574739990135034,-9.62816638416714,33.32653284072876,1.86,X-RAY DIFFRACTION,2025-05-14T00:00:00Z,G:9QZ0,G:1DKP,Q89YI8,surface,0.3560414006231878,50,1,False,0.8569999999999999,True,False,,False,False,O[P](O)(=O)O[C@@H]1[C@H](O[P](O)(O)=O)[C@H](O[P](O)(O)=O)[C@@H](O[P](O)(O)=O)[C@H](O[P](O)(O)=O)[C@H]1O[P](O)(O)=O,SMILES_CANONICAL/CACTVS,36.0,True,True,eligible,True,True
9QZ0,9QZ0:AA:502,IHP_AA_502,IHP,AA,502,,36,6,InsP6,3.705400839447975,8.40203418996599,54.29455089569092,1.86,X-RAY DIFFRACTION,2025-05-14T00:00:00Z,G:9QZ0,G:1DKP,Q89YI8,surface,0.5534095116626627,26,2,True,0.8189999999999998,True,False,,False,False,O[P](O)(=O)O[C@@H]1[C@H](O[P](O)(O)=O)[C@H](O[P](O)(O)=O)[C@@H](O[P](O)(O)=O)[C@H](O[P](O)(O)=O)[C@H]1O[P](O)(O)=O,SMILES_CANONICAL/CACTVS,36.0,True,True,eligible,False,False
9QZ0,9QZ0:BA:501,IHP_BA_501,IHP,BA,501,,36,6,InsP6,12.99726782904731,27.495521757337784,71.92756737603082,1.86,X-RAY DIFFRACTION,2025-05-14T00:00:00Z,G:9QZ0,G:1DKP,Q89YI8,surface,0.3473780790056523,48,1,False,0.8069999999999999,True,False,,False,False,O[P](O)(=O)O[C@@H]1[C@H](O[P](O)(O)=O)[C@H](O[P](O)(O)=O)[C@@H](O[P](O)(O)=O)[C@H](O[P](O)(O)=O)[C@H]1O[P](O)(O)=O,SMILES_CANONICAL/CACTVS,36.0,True,True,eligible,False,False
9TDS,9TDS:A:2601,IHP_A_2601,IHP,A,2601,,36,6,InsP6,266.51075151231555,272.982165866428,215.74794599745007,3.3,ELECTRON MICROSCOPY,2026-04-22T00:00:00Z,G:6ZWM,G:1B55,P42345;Q6R327;Q9BPZ7;Q9BVC4,surface,0.5116644664336822,24,1,False,1.0,False,False,,False,,O[P](O)(=O)O[C@@H]1[C@H](O[P](O)(O)=O)[C@H](O[P](O)(O)=O)[C@@H](O[P](O)(O)=O)[C@H](O[P](O)(O)=O)[C@H]1O[P](O)(O)=O,SMILES_CANONICAL/CACTVS,36.0,True,True,eligible,True,True
9TDS,9TDS:B:2601,IHP_B_2601,IHP,B,2601,,36,6,InsP6,258.0821122063531,213.0946116977268,261.40139134724933,3.3,ELECTRON MICROSCOPY,2026-04-22T00:00:00Z,G:6ZWM,G:1B55,P42345;Q6R327;Q9BPZ7;Q9BVC4,surface,0.5280367002515234,25,1,False,1.0,False,False,,False,,O[P](O)(=O)O[C@@H]1[C@H](O[P](O)(O)=O)[C@H](O[P](O)(O)=O)[C@@H](O[P](O)(O)=O)[C@H](O[P](O)(O)=O)[C@H]1O[P](O)(O)=O,SMILES_CANONICAL/CACTVS,36.0,True,True,eligible,False,False
1FGY,1FGY:A:1101,4IP_A_1101,4IP,A,1101,,28,4,InsP4,13.384714194706508,36.92974976130894,7.085714323180063,1.5,X-RAY DIFFRACTION,2000-08-23T00:00:00Z,G:1FAO,G:1B55,O08967,semi_cryptic,0.2097891521629752,56,1,False,1.0,False,False,,False,False,O[C@H]1[C@@H](O[P](O)(O)=O)[C@H](O)[C@@H](O[P](O)(O)=O)[C@H](O[P](O)(O)=O)[C@H]1O[P](O)(O)=O,SMILES_CANONICAL/CACTVS,28.0,True,True,eligible,True,True
1U29,1U29:A:101,I3P_A_101,I3P,A,101,,24,3,InsP3,7.722500006357829,28.44487492243449,2.8624999995032945,1.8,X-RAY DIFFRACTION,2005-02-01T00:00:00Z,G:1FAO,G:1B55,P63034,surface,0.3401798157110826,40,1,False,1.0,False,False,,False,True,O[C@@H]1[C@H](O)[C@@H](O[P](O)(O)=O)[C@H](O[P](O)(O)=O)[C@@H](O)[C@@H]1O[P](O)(O)=O,SMILES_CANONICAL/CACTVS,24.0,True,True,eligible,True,True
2P1O,2P1O:B:701,IHP_B_701,IHP,B,701,,36,6,InsP6,13.63549992773268,-123.00938902960884,-26.15497218237983,1.9,X-RAY DIFFRACTION,2007-04-10T00:00:00Z,G:28MJ,G:1B55,Q38825;Q39255;Q570C0,surface,0.3500913568913565,45,1,False,1.0,False,False,,False,False,O[P](O)(=O)O[C@@H]1[C@H](O[P](O)(O)=O)[C@H](O[P](O)(O)=O)[C@@H](O[P](O)(O)=O)[C@H](O[P](O)(O)=O)[C@H]1O[P](O)(O)=O,SMILES_CANONICAL/CACTVS,36.0,True,True,eligible,True,True
3C6P,3C6P:B:1000,IHP_B_1000,IHP,B,1000,,36,6,InsP6,23.73608324262831,1.041388920508325,34.441138691372345,2.7,X-RAY DIFFRACTION,2008-04-22T00:00:00Z,G:28MJ,G:1B55,Q39255;Q570C0,surface,0.3448078849034853,44,1,False,1.0,False,False,,False,False,O[P](O)(=O)O[C@@H]1[C@H](O[P](O)(O)=O)[C@H](O[P](O)(O)=O)[C@@H](O[P](O)(O)=O)[C@H](O[P](O)(O)=O)[C@H]1O[P](O)(O)=O,SMILES_CANONICAL/CACTVS,36.0,True,False,excluded: configuration differs from the CCD,False,False
3W9F,3W9F:A:2001,I3P_A_2001,I3P,A,2001,,24,3,InsP3,-9.798750023047129,10.25716668367386,22.646083275477093,1.9,X-RAY DIFFRACTION,2014-04-09T00:00:00Z,G:3W9F,G:1B55,A0A1D5PXA5,surface,0.4338943561487365,33,1,False,1.0,False,False,,False,False,O[C@@H]1[C@H](O)[C@@H](O[P](O)(O)=O)[C@H](O[P](O)(O)=O)[C@@H](O)[C@@H]1O[P](O)(O)=O,SMILES_CANONICAL/CACTVS,24.0,True,True,eligible,True,True
3W9F,3W9F:B:2001,I3P_B_2001,I3P,B,2001,,24,3,InsP3,-43.37412532170614,-13.634166677792868,-23.30570864677429,1.9,X-RAY DIFFRACTION,2014-04-09T00:00:00Z,G:3W9F,G:1B55,A0A1D5PXA5,surface,0.4714750847187016,31,1,False,1.0,False,False,,False,False,O[C@@H]1[C@H](O)[C@@H](O[P](O)(O)=O)[C@H](O[P](O)(O)=O)[C@@H](O)[C@@H]1O[P](O)(O)=O,SMILES_CANONICAL/CACTVS,24.0,True,True,eligible,False,False
3W9F,3W9F:C:2001,I3P_C_2001,I3P,C,2001,,24,3,InsP3,-18.99312504132589,31.341166734695435,-46.61137517293295,1.9,X-RAY DIFFRACTION,2014-04-09T00:00:00Z,G:3W9F,G:1B55,A0A1D5PXA5,surface,0.4479870507842704,32,1,False,1.0,False,False,,False,False,O[C@@H]1[C@H](O)[C@@H](O[P](O)(O)=O)[C@H](O[P](O)(O)=O)[C@@H](O)[C@@H]1O[P](O)(O)=O,SMILES_CANONICAL/CACTVS,24.0,True,True,eligible,False,False
3W9F,3W9F:D:2001,I3P_D_2001,I3P,D,2001,,24,3,InsP3,33.878458420435585,34.55070837338766,-44.70316696166992,1.9,X-RAY DIFFRACTION,2014-04-09T00:00:00Z,G:3W9F,G:1B55,A0A1D5PXA5,surface,0.4750120273439546,30,1,False,1.0,False,False,,False,False,O[C@@H]1[C@H](O)[C@@H](O[P](O)(O)=O)[C@H](O[P](O)(O)=O)[C@@H](O)[C@@H]1O[P](O)(O)=O,SMILES_CANONICAL/CACTVS,24.0,True,True,eligible,False,False
4WU3,4WU3:A:701,4IP_A_701,4IP,A,701,,28,4,InsP4,25.774857112339564,38.38982173374721,5.440642863512039,2.2,X-RAY DIFFRACTION,2015-12-09T00:00:00Z,G:3MMJ,G:3MMJ,A3QMF6,surface,0.5757710116982908,14,2,True,0.6999999999999998,True,False,,False,False,O[C@H]1[C@@H](O[P](O)(O)=O)[C@H](O)[C@@H](O[P](O)(O)=O)[C@H](O[P](O)(O)=O)[C@H]1O[P](O)(O)=O,SMILES_CANONICAL/CACTVS,28.0,True,True,eligible,True,True
4WU3,4WU3:A:702,4IP_A_702,4IP,A,702,,28,4,InsP4,57.77235739571707,60.62717860085623,21.766571317400253,2.2,X-RAY DIFFRACTION,2015-12-09T00:00:00Z,G:3MMJ,G:3MMJ,A3QMF6,semi_cryptic,0.1824452026188549,62,1,False,1.0,False,False,,False,False,O[C@H]1[C@@H](O[P](O)(O)=O)[C@H](O)[C@@H](O[P](O)(O)=O)[C@H](O[P](O)(O)=O)[C@H]1O[P](O)(O)=O,SMILES_CANONICAL/CACTVS,28.0,True,True,eligible,True,True
4WU3,4WU3:B:701,4IP_B_701,4IP,B,701,,28,4,InsP4,49.21932138715472,42.35003593989781,6.94646429164069,2.2,X-RAY DIFFRACTION,2015-12-09T00:00:00Z,G:3MMJ,G:3MMJ,A3QMF6,surface,0.5846284126387328,15,2,True,0.6999999999999998,True,False,,False,False,O[C@H]1[C@@H](O[P](O)(O)=O)[C@H](O)[C@@H](O[P](O)(O)=O)[C@H](O[P](O)(O)=O)[C@H]1O[P](O)(O)=O,SMILES_CANONICAL/CACTVS,28.0,True,True,eligible,False,False
4WU3,4WU3:C:701,4IP_C_701,4IP,C,701,,28,4,InsP4,63.13646425519671,10.550642933164324,80.94035693577358,2.2,X-RAY DIFFRACTION,2015-12-09T00:00:00Z,G:3MMJ,G:3MMJ,A3QMF6,surface,0.5653724135485887,19,2,True,0.6999999999999998,True,False,,False,False,O[C@H]1[C@@H](O[P](O)(O)=O)[C@H](O)[C@@H](O[P](O)(O)=O)[C@H](O[P](O)(O)=O)[C@H]1O[P](O)(O)=O,SMILES_CANONICAL/CACTVS,28.0,True,True,eligible,False,False
4WU3,4WU3:C:702,4IP_C_702,4IP,C,702,,28,4,InsP4,94.8134286063058,-11.706107071467809,64.5591788973127,2.2,X-RAY DIFFRACTION,2015-12-09T00:00:00Z,G:3MMJ,G:3MMJ,A3QMF6,semi_cryptic,0.1813296487797523,59,1,False,1.0,False,False,,False,False,O[C@H]1[C@@H](O[P](O)(O)=O)[C@H](O)[C@@H](O[P](O)(O)=O)[C@H](O[P](O)(O)=O)[C@H]1O[P](O)(O)=O,SMILES_CANONICAL/CACTVS,28.0,True,True,eligible,False,False
4WU3,4WU3:D:701,4IP_D_701,4IP,D,701,,28,4,InsP4,86.31239264351981,6.444428580147879,79.30017771039691,2.2,X-RAY DIFFRACTION,2015-12-09T00:00:00Z,G:3MMJ,G:3MMJ,A3QMF6,surface,0.5867305296910584,15,2,True,0.6999999999999998,True,False,,False,False,O[C@H]1[C@@H](O[P](O)(O)=O)[C@H](O)[C@@H](O[P](O)(O)=O)[C@H](O[P](O)(O)=O)[C@H]1O[P](O)(O)=O,SMILES_CANONICAL/CACTVS,28.0,True,True,eligible,False,False
5J16,5J16:A:303,IPD_A_303,IPD,A,303,,16,1,InsP1,7.278750061988831,5.363562524318695,-3.725187551230192,2.4,X-RAY DIFFRACTION,2017-02-08T00:00:00Z,G:1AWB,G:1AWB,A0A1I9GET0,surface,0.3057730698790831,35,1,False,1.0,False,True,CA,False,False,O[C@@H]1[C@@H](O)[C@@H](O)[C@@H](O[P]([O-])([O-])=O)[C@H](O)[C@H]1O,SMILES_CANONICAL/CACTVS,16.0,True,True,eligible,True,True
5J16,5J16:B:303,IPD_B_303,IPD,B,303,,16,1,InsP1,23.27312481403351,-38.18768787384033,41.18175029754639,2.4,X-RAY DIFFRACTION,2017-02-08T00:00:00Z,G:1AWB,G:1AWB,A0A1I9GET0,surface,0.289820459718335,37,1,False,0.88125,True,True,CA,False,False,O[C@@H]1[C@@H](O)[C@@H](O)[C@@H](O[P]([O-])([O-])=O)[C@H](O)[C@H]1O,SMILES_CANONICAL/CACTVS,16.0,True,True,eligible,False,False
5J16,5J16:C:303,IPD_C_303,IPD,C,303,,16,1,InsP1,26.90218734741211,-64.86431288719177,44.15581226348877,2.4,X-RAY DIFFRACTION,2017-02-08T00:00:00Z,G:1AWB,G:1AWB,A0A1I9GET0,surface,0.3221569604988673,33,1,False,1.0,False,True,CA,False,False,O[C@@H]1[C@@H](O)[C@@H](O)[C@@H](O[P]([O-])([O-])=O)[C@H](O)[C@H]1O,SMILES_CANONICAL/CACTVS,16.0,True,True,eligible,False,False
5X1O,5X1O:A:201,I3P_A_201,I3P,A,201,,24,3,InsP3,25.58537499109904,15.920041799545288,257.33862559000653,1.9,X-RAY DIFFRACTION,2018-03-07T00:00:00Z,G:5X1O,G:1B55,P09038,surface,0.505714751374285,21,1,False,1.0,False,False,,False,True,O[C@@H]1[C@H](O)[C@@H](O[P](O)(O)=O)[C@H](O[P](O)(O)=O)[C@@H](O)[C@@H]1O[P](O)(O)=O,SMILES_CANONICAL/CACTVS,24.0,True,True,eligible,True,True
5X1O,5X1O:A:202,I3P_A_202,I3P,A,202,,24,3,InsP3,37.18316698074341,17.314416805903118,259.3942476908366,1.9,X-RAY DIFFRACTION,2018-03-07T00:00:00Z,G:5X1O,G:1B55,P09038,surface,0.5512993831258247,22,1,False,1.0,False,False,,False,True,O[C@@H]1[C@H](O)[C@@H](O[P](O)(O)=O)[C@H](O[P](O)(O)=O)[C@@H](O)[C@@H]1O[P](O)(O)=O,SMILES_CANONICAL/CACTVS,24.0,True,True,eligible,False,False
6ID0,6ID0:A:3000,IHP_A_3000,IHP,A,3000,,36,6,InsP6,263.0978054470486,319.1951649983724,272.2425299750434,2.9,ELECTRON MICROSCOPY,2019-03-13T00:00:00Z,G:3PEU,G:1B55,O43660;O60306;O60508;O75934;O95926;P08579;P09661;P14678;P41223;P62304;P62306;P62308;P62314;P62316;P62318;Q13573;Q15029;Q2TBE0;Q6P2Q9;Q96DI7;Q99459;Q9BZJ0;Q9HCS7;Q9NW64;Q9P013;Q9UMS4;Q9UNP9;Q9Y3C6,surface,0.4020566066087358,39,1,False,1.0,False,False,,False,,O[P](O)(=O)O[C@@H]1[C@H](O[P](O)(O)=O)[C@H](O[P](O)(O)=O)[C@@H](O[P](O)(O)=O)[C@H](O[P](O)(O)=O)[C@H]1O[P](O)(O)=O,SMILES_CANONICAL/CACTVS,36.0,True,True,eligible,True,True
6WOG,6WOG:A:401,5A3_A_401,5A3,A,401,,40,7,InsP7,18.77767515182495,4.094349999912083,10.490700042247772,1.5,X-RAY DIFFRACTION,2021-03-03T00:00:00Z,G:2FVV,G:2FVV,O95989,surface,0.4588116589968182,43,1,False,1.0,False,False,,False,False,O[P](O)(=O)C[P](O)(=O)O[C@@H]1[C@@H](O[P](O)(O)=O)[C@H](O[P](O)(O)=O)[C@H](O[P](O)(O)=O)[C@H](O[P](O)(O)=O)[C@H]1O[P](O)(O)=O,SMILES_CANONICAL/CACTVS,40.0,True,True,eligible,True,True
7KFN,7KFN:A:801,IHP_A_801,IHP,A,801,,36,6,InsP6,-48.49416648017036,-3.69255556166172,27.281888961791992,2.5,X-RAY DIFFRACTION,2021-06-16T00:00:00Z,G:1ZY7,G:1ZY7,P78563,cryptic,0.1046811046326636,65,1,False,1.0,False,False,,False,False,O[P](O)(=O)O[C@@H]1[C@H](O[P](O)(O)=O)[C@H](O[P](O)(O)=O)[C@@H](O[P](O)(O)=O)[C@H](O[P](O)(O)=O)[C@H]1O[P](O)(O)=O,SMILES_CANONICAL/CACTVS,36.0,True,False,excluded: configuration differs from the CCD,False,False
7KFN,7KFN:D:801,IHP_D_801,IHP,D,801,,36,6,InsP6,-83.09300020005968,-4.103583342085282,44.72038904825846,2.5,X-RAY DIFFRACTION,2021-06-16T00:00:00Z,G:1ZY7,G:1ZY7,P78563,cryptic,0.0821130582222541,67,1,False,1.0,False,False,,False,False,O[P](O)(=O)O[C@@H]1[C@H](O[P](O)(O)=O)[C@H](O[P](O)(O)=O)[C@@H](O[P](O)(O)=O)[C@H](O[P](O)(O)=O)[C@H]1O[P](O)(O)=O,SMILES_CANONICAL/CACTVS,36.0,True,False,excluded: configuration differs from the CCD,False,False
7SGL,7SGL:B:701,IHP_B_701,IHP,B,701,,36,6,InsP6,208.6055836147732,210.7454164293077,97.4027779897054,3.0,ELECTRON MICROSCOPY,2022-01-12T00:00:00Z,G:7SGL,G:1B55,P12956;P13010;P78527;Q96SD1,surface,0.5078993282848462,29,2,True,1.0,False,False,,False,,O[P](O)(=O)O[C@@H]1[C@H](O[P](O)(O)=O)[C@H](O[P](O)(O)=O)[C@@H](O[P](O)(O)=O)[C@H](O[P](O)(O)=O)[C@H]1O[P](O)(O)=O,SMILES_CANONICAL/CACTVS,36.0,True,False,excluded: configuration differs from the CCD,False,False
8CVS,8CVS:c:1901,IHP_c_1901,IHP,c,1901,,36,6,InsP6,144.5712776184082,186.2129173278809,67.59524981180827,3.1,ELECTRON MICROSCOPY,2022-11-02T00:00:00Z,G:6KWY,G:6KWY,O14818;P20618;P25786;P25787;P25788;P25789;P28066;P28070;P28072;P28074;P49720;P49721;P60900;Q14997;Q99436,surface,0.3402750012286495,35,1,False,1.0,False,False,,False,,O[P](O)(=O)O[C@@H]1[C@H](O[P](O)(O)=O)[C@H](O[P](O)(O)=O)[C@@H](O[P](O)(O)=O)[C@H](O[P](O)(O)=O)[C@H]1O[P](O)(O)=O,SMILES_CANONICAL/CACTVS,36.0,True,False,excluded: configuration differs from the CCD,False,False
8CVS,8CVS:c:1902,IHP_c_1902,IHP,c,1902,,36,6,InsP6,156.0794440375434,142.7923617892795,60.7269164191352,3.1,ELECTRON MICROSCOPY,2022-11-02T00:00:00Z,G:6KWY,G:6KWY,O14818;P20618;P25786;P25787;P25788;P25789;P28066;P28070;P28072;P28074;P49720;P49721;P60900;Q14997;Q99436,surface,0.478661351853075,26,1,False,1.0,False,False,,False,,O[P](O)(=O)O[C@@H]1[C@H](O[P](O)(O)=O)[C@H](O[P](O)(O)=O)[C@@H](O[P](O)(O)=O)[C@H](O[P](O)(O)=O)[C@H]1O[P](O)(O)=O,SMILES_CANONICAL/CACTVS,36.0,True,False,excluded: configuration differs from the CCD,False,False
8QP8,8QP8:A:2401,IHP_A_2401,IHP,A,2401,,36,6,InsP6,256.8696674770779,266.93247477213544,296.0141101413303,3.5,ELECTRON MICROSCOPY,2024-05-22T00:00:00Z,G:3PEU,G:1B55,O43290;O43395;O94906;P83876;Q15029;Q15459;Q53GS9;Q6P2Q9;Q8WVK2;Q8WWY3;Q9BTD8;Q9BUQ8,surface,0.3759028218736976,49,1,False,1.0,False,False,,False,,O[P](O)(=O)O[C@@H]1[C@H](O[P](O)(O)=O)[C@H](O[P](O)(O)=O)[C@@H](O[P](O)(O)=O)[C@H](O[P](O)(O)=O)[C@H]1O[P](O)(O)=O,SMILES_CANONICAL/CACTVS,36.0,True,False,excluded: configuration differs from the CCD,False,False
9BJA,9BJA:A:301,IHP_A_301,IHP,A,301,,36,6,InsP6,10.302833305464851,18.359861135482788,-44.314194679260254,2.1,X-RAY DIFFRACTION,2024-07-03T00:00:00Z,G:3HO6,G:3EEB,P18177,surface,0.3267204979318721,44,1,False,1.0,False,False,,False,False,O[P](O)(=O)O[C@@H]1[C@H](O[P](O)(O)=O)[C@H](O[P](O)(O)=O)[C@@H](O[P](O)(O)=O)[C@H](O[P](O)(O)=O)[C@H]1O[P](O)(O)=O,SMILES_CANONICAL/CACTVS,36.0,True,True,eligible,True,True
9BJA,9BJA:B:301,IHP_B_301,IHP,B,301,,36,6,InsP6,20.36994446648492,21.50552776124742,11.888694458537632,2.1,X-RAY DIFFRACTION,2024-07-03T00:00:00Z,G:3HO6,G:3EEB,P18177,surface,0.3241084962924355,45,1,False,1.0,False,False,,False,False,O[P](O)(=O)O[C@@H]1[C@H](O[P](O)(O)=O)[C@H](O[P](O)(O)=O)[C@@H](O[P](O)(O)=O)[C@H](O[P](O)(O)=O)[C@H]1O[P](O)(O)=O,SMILES_CANONICAL/CACTVS,36.0,True,True,eligible,False,False
9ED7,9ED7:A:3003,IHP_A_3003,IHP,A,3003,,36,6,InsP6,227.47097057766385,210.5835829840766,259.45886018541125,3.16,ELECTRON MICROSCOPY,2025-09-10T00:00:00Z,G:6ZWM,G:1B55,P42345;Q15382;Q9BVC4,surface,0.4655373685994046,27,1,False,1.0,False,False,,False,,O[P](O)(=O)O[C@@H]1[C@H](O[P](O)(O)=O)[C@H](O[P](O)(O)=O)[C@@H](O[P](O)(O)=O)[C@H](O[P](O)(O)=O)[C@H]1O[P](O)(O)=O,SMILES_CANONICAL/CACTVS,36.0,True,True,eligible,True,True
9R3D,9R3D:A:2401,IHP_A_2401,IHP,A,2401,,36,6,InsP6,247.05780580308704,247.02911207411023,341.5742763943142,3.12,ELECTRON MICROSCOPY,2026-05-13T00:00:00Z,G:3PEU,G:1B55,O14776;O60508;O75643;P41223;P55081;Q13356;Q13573;Q15029;Q6P2Q9;Q8NAV1;Q96NC0;Q9BZL1;Q9NW64;Q9Y2W2,semi_cryptic,0.2391343826298497,51,2,True,1.0,False,False,,False,,O[P](O)(=O)O[C@@H]1[C@H](O[P](O)(O)=O)[C@H](O[P](O)(O)=O)[C@@H](O[P](O)(O)=O)[C@H](O[P](O)(O)=O)[C@H]1O[P](O)(O)=O,SMILES_CANONICAL/CACTVS,36.0,True,False,excluded: configuration differs from the CCD,False,False
9TDT,9TDT:A:2601,IHP_A_2601,IHP,A,2601,,36,6,InsP6,266.25286187065973,273.22991434733075,217.39538998074,3.0,ELECTRON MICROSCOPY,2026-04-22T00:00:00Z,G:6ZWM,G:1B55,P42345;Q6R327;Q9BPZ7;Q9BVC4,surface,0.5224849655183016,28,1,False,1.0,False,False,,False,,O[P](O)(=O)O[C@@H]1[C@H](O[P](O)(O)=O)[C@H](O[P](O)(O)=O)[C@@H](O[P](O)(O)=O)[C@H](O[P](O)(O)=O)[C@H]1O[P](O)(O)=O,SMILES_CANONICAL/CACTVS,36.0,True,True,eligible,True,True
1FHW,1FHW:A:1001,I5P_A_1001,I5P,A,1001,,32,5,InsP5,-7.127281233668327,26.47999995946884,9.58753128349781,1.9,X-RAY DIFFRACTION,2000-08-23T00:00:00Z,G:1FAO,G:1B55,O08967,surface,0.2690958429858359,53,1,False,1.0,False,False,,False,False,O[C@H]1[C@H](O[P](O)(O)=O)[C@@H](O[P](O)(O)=O)[C@@H](O[P](O)(O)=O)[C@H](O[P](O)(O)=O)[C@H]1O[P](O)(O)=O,SMILES_CANONICAL/CACTVS,32.0,True,False,excluded: configuration differs from the CCD,False,False
1FHW,1FHW:B:1002,I5P_B_1002,I5P,B,1002,,32,5,InsP5,-0.4573750055860728,0.4720624990295619,20.76262503862381,1.9,X-RAY DIFFRACTION,2000-08-23T00:00:00Z,G:1FAO,G:1B55,O08967,surface,0.2835490650577066,52,1,False,1.0,False,False,,False,False,O[C@H]1[C@H](O[P](O)(O)=O)[C@@H](O[P](O)(O)=O)[C@@H](O[P](O)(O)=O)[C@H](O[P](O)(O)=O)[C@H]1O[P](O)(O)=O,SMILES_CANONICAL/CACTVS,32.0,True,True,eligible,True,True
1UNQ,1UNQ:A:1117,4IP_A_1117,4IP,A,1117,,28,4,InsP4,15.296428578240532,24.65125002179827,15.776678664343695,0.98,X-RAY DIFFRACTION,2004-09-16T00:00:00Z,G:1FAO,G:1B55,P31749,surface,0.3736417579448752,50,1,False,1.0,False,False,,False,True,O[C@H]1[C@@H](O[P](O)(O)=O)[C@H](O)[C@@H](O[P](O)(O)=O)[C@H](O[P](O)(O)=O)[C@H]1O[P](O)(O)=O,SMILES_CANONICAL/CACTVS,28.0,True,True,eligible,True,True
2P1P,2P1P:B:595,IHP_B_595,IHP,B,595,,36,6,InsP6,14.230527745352852,-122.97883309258356,-26.10197220908271,2.21,X-RAY DIFFRACTION,2007-04-10T00:00:00Z,G:28MJ,G:1B55,Q39255;Q570C0,surface,0.3544518004633994,44,1,False,1.0,False,False,,False,False,O[P](O)(=O)O[C@@H]1[C@H](O[P](O)(O)=O)[C@H](O[P](O)(O)=O)[C@@H](O[P](O)(O)=O)[C@H](O[P](O)(O)=O)[C@H]1O[P](O)(O)=O,SMILES_CANONICAL/CACTVS,36.0,True,True,eligible,True,True
3EEB,3EEB:A:210,IHP_A_210,IHP,A,210,,36,6,InsP6,-47.7046390109592,-2.8053333301925,3.329416665765974,2.1,X-RAY DIFFRACTION,2008-10-21T00:00:00Z,G:3EEB,G:3EEB,Q9KS12,semi_cryptic,0.1925128240798663,57,1,False,1.0,False,False,,False,False,O[P](O)(=O)O[C@@H]1[C@H](O[P](O)(O)=O)[C@H](O[P](O)(O)=O)[C@@H](O[P](O)(O)=O)[C@H](O[P](O)(O)=O)[C@H]1O[P](O)(O)=O,SMILES_CANONICAL/CACTVS,36.0,True,True,eligible,True,True
3EEB,3EEB:B:210,IHP_B_210,IHP,B,210,,36,6,InsP6,-6.037111063798268,19.149611049228245,-37.45891677008735,2.1,X-RAY DIFFRACTION,2008-10-21T00:00:00Z,G:3EEB,G:3EEB,Q9KS12,semi_cryptic,0.1712086093883608,63,1,False,1.0,False,False,,False,False,O[P](O)(=O)O[C@@H]1[C@H](O[P](O)(O)=O)[C@H](O[P](O)(O)=O)[C@@H](O[P](O)(O)=O)[C@H](O[P](O)(O)=O)[C@H]1O[P](O)(O)=O,SMILES_CANONICAL/CACTVS,36.0,True,True,eligible,False,False
4A6H,4A6H:A:1584,I4D_A_1584,I4D,A,1584,,16,1,InsP1,16.211249887943268,-28.364312529563904,20.62749981880188,1.45,X-RAY DIFFRACTION,2012-06-13T00:00:00Z,G:4A6H,G:1B55,P40485,surface,0.4271700582401925,27,1,False,1.0,False,False,,False,True,O[C@H]1[C@H](O)[C@@H](O)[C@H](O[P](O)(O)=O)[C@@H](O)[C@H]1O,SMILES_CANONICAL/CACTVS,16.0,True,True,eligible,True,True
4A6H,4A6H:A:1585,I4D_A_1585,I4D,A,1585,,16,1,InsP1,11.56431245803833,-4.525687471032143,10.524062424898148,1.45,X-RAY DIFFRACTION,2012-06-13T00:00:00Z,G:4A6H,G:1B55,P40485,cryptic,0.1166167548831959,63,1,False,1.0,False,False,,False,False,O[C@H]1[C@H](O)[C@@H](O)[C@H](O[P](O)(O)=O)[C@@H](O)[C@H]1O,SMILES_CANONICAL/CACTVS,16.0,True,True,eligible,True,True
4A6H,4A6H:B:1585,I4D_B_1585,I4D,B,1585,,16,1,InsP1,16.257937490940094,28.431249976158146,20.552937626838684,1.45,X-RAY DIFFRACTION,2012-06-13T00:00:00Z,G:4A6H,G:1B55,P40485,surface,0.4255044149349328,30,1,False,1.0,False,False,,False,True,O[C@H]1[C@H](O)[C@@H](O)[C@H](O[P](O)(O)=O)[C@@H](O)[C@H]1O,SMILES_CANONICAL/CACTVS,16.0,True,True,eligible,False,False
4XF6,4XF6:A:301,LIP_A_301,LIP,A,301,,16,1,InsP1,13.547625064849854,74.08724927902222,-0.0193749966565519,2.08,X-RAY DIFFRACTION,2015-06-03T00:00:00Z,G:4XF6,G:4XF6,Q5JDA3,cryptic,0.0,59,1,False,0.7,True,True,MG,True,False,O[C@@H]1[C@@H](O)[C@H](O)[C@@H](O[P]([O-])([O-])=O)[C@@H](O)[C@H]1O,SMILES_CANONICAL/CACTVS,16.0,True,True,eligible,True,True
4XF6,4XF6:B:301,LIP_B_301,LIP,B,301,,16,1,InsP1,10.736625015735626,46.36137533187866,-13.676687479019163,2.08,X-RAY DIFFRACTION,2015-06-03T00:00:00Z,G:4XF6,G:4XF6,Q5JDA3,cryptic,0.0,60,1,False,0.7,True,True,MG,True,False,O[C@@H]1[C@@H](O)[C@H](O)[C@@H](O[P]([O-])([O-])=O)[C@@H](O)[C@H]1O,SMILES_CANONICAL/CACTVS,16.0,True,True,eligible,False,False
5J67,5J67:A:1311,I3P_A_1311,I3P,A,1311,,24,3,InsP3,55.54108349482218,60.47083361943563,10.155583341916405,3.16,X-RAY DIFFRACTION,2016-05-25T00:00:00Z,G:5J67,G:1B55,O75129,surface,0.6108860631456056,18,1,False,1.0,False,False,,False,False,O[C@@H]1[C@H](O)[C@@H](O[P](O)(O)=O)[C@H](O[P](O)(O)=O)[C@@H](O)[C@@H]1O[P](O)(O)=O,SMILES_CANONICAL/CACTVS,24.0,True,True,eligible,True,True
5J67,5J67:B:1311,I3P_B_1311,I3P,B,1311,,24,3,InsP3,23.82529163360596,92.64883327484132,76.3744166692098,3.16,X-RAY DIFFRACTION,2016-05-25T00:00:00Z,G:5J67,G:1B55,O75129,surface,0.4007945553057466,25,2,True,1.0,False,False,,False,False,O[C@@H]1[C@H](O)[C@@H](O[P](O)(O)=O)[C@H](O[P](O)(O)=O)[C@@H](O)[C@@H]1O[P](O)(O)=O,SMILES_CANONICAL/CACTVS,24.0,True,True,eligible,False,False
5J67,5J67:C:1311,I3P_C_1311,I3P,C,1311,,24,3,InsP3,4.354833365573238,90.98533407847088,13.773083289464315,3.16,X-RAY DIFFRACTION,2016-05-25T00:00:00Z,G:5J67,G:1B55,O75129,surface,0.3649651470249812,35,2,True,1.0,False,False,,False,False,O[C@@H]1[C@H](O)[C@@H](O[P](O)(O)=O)[C@H](O[P](O)(O)=O)[C@@H](O)[C@@H]1O[P](O)(O)=O,SMILES_CANONICAL/CACTVS,24.0,True,True,eligible,False,False
5J67,5J67:D:1311,I3P_D_1311,I3P,D,1311,,24,3,InsP3,73.38162485758464,69.93716684977214,58.519916693369545,3.16,X-RAY DIFFRACTION,2016-05-25T00:00:00Z,G:5J67,G:1B55,O75129,surface,0.6056966866745808,14,1,False,1.0,False,False,,False,False,O[C@@H]1[C@H](O)[C@@H](O[P](O)(O)=O)[C@H](O[P](O)(O)=O)[C@@H](O)[C@@H]1O[P](O)(O)=O,SMILES_CANONICAL/CACTVS,24.0,True,True,eligible,False,False
5Y88,5Y88:A:3000,IHP_A_3000,IHP,A,3000,,36,6,InsP6,263.61627790662976,314.5088628133138,271.84216732449,3.46,ELECTRON MICROSCOPY,2018-08-01T00:00:00Z,G:3PEU,G:1B55,P25337;P28004;P28320;P32523;P33334;P36048;P36118;P38241;P40018;P40204;P40567;P40968;P43321;P52868;P53131;P53277;P54999;Q02260;Q03654;Q03772;Q04048;Q06091;Q06217;Q06411;Q08963;Q12046;Q12309;Q12330;Q12417,surface,0.3940820862908826,38,1,False,1.0,False,False,,False,,O[P](O)(=O)O[C@@H]1[C@H](O[P](O)(O)=O)[C@H](O[P](O)(O)=O)[C@@H](O[P](O)(O)=O)[C@H](O[P](O)(O)=O)[C@H]1O[P](O)(O)=O,SMILES_CANONICAL/CACTVS,36.0,True,True,eligible,True,True
6ID1,6ID1:A:3000,IHP_A_3000,IHP,A,3000,,36,6,InsP6,260.076416015625,317.7805285983616,271.4918891059028,2.86,ELECTRON MICROSCOPY,2019-03-13T00:00:00Z,G:3PEU,G:1B55,O43143;O43660;O60306;O60508;O75934;O95926;P08579;P09661;P14678;P41223;P62304;P62306;P62308;P62314;P62316;P62318;Q13573;Q15029;Q2TBE0;Q6P2Q9;Q96DI7;Q99459;Q9BZJ0;Q9HCS7;Q9NW64;Q9P013;Q9UMS4;Q9UNP9;Q9Y3C6,surface,0.4179802981290255,36,1,False,1.0,False,False,,False,,O[P](O)(=O)O[C@@H]1[C@H](O[P](O)(O)=O)[C@H](O[P](O)(O)=O)[C@@H](O[P](O)(O)=O)[C@H](O[P](O)(O)=O)[C@H]1O[P](O)(O)=O,SMILES_CANONICAL/CACTVS,36.0,True,True,eligible,True,True
6Z3R,6Z3R:A:3702,IHP_A_3702,IHP,A,3702,,36,6,InsP6,165.98439068264432,196.2455834282769,145.48108334011502,2.97,ELECTRON MICROSCOPY,2020-06-24T00:00:00Z,G:6SYT,G:1B55,Q8ND04;Q92900;Q96Q15;Q9H0W8,surface,0.4878062738452371,26,1,False,1.0,False,False,,False,,O[P](O)(=O)O[C@@H]1[C@H](O[P](O)(O)=O)[C@H](O[P](O)(O)=O)[C@@H](O[P](O)(O)=O)[C@H](O[P](O)(O)=O)[C@H]1O[P](O)(O)=O,SMILES_CANONICAL/CACTVS,36.0,True,False,excluded: configuration differs from the CCD,False,False
7KIR,7KIR:A:501,2IP_A_501,2IP,A,501,,20,2,InsP2,-8.996700072288514,18.633200073242183,39.29564971923829,2.6,X-RAY DIFFRACTION,2020-11-25T00:00:00Z,G:7KIR,G:1AWB,P21327,semi_cryptic,0.157701079199212,56,1,False,1.0,False,True,CA,False,False,O[C@@H]1[C@H](O)[C@@H](O[P](O)(O)=O)[C@H](O)[C@@H](O)[C@H]1O[P](O)(O)=O,SMILES_CANONICAL/CACTVS,20.0,True,False,excluded: configuration differs from the CCD,False,False
7SN8,7SN8:I:701,IHP_I_701,IHP,I,701,,36,6,InsP6,111.35577795240614,127.9758063422309,133.51300133599176,2.74,ELECTRON MICROSCOPY,2022-10-12T00:00:00Z,G:7SN8,G:1B55,Q95TS5;Q9VAH9;Q9W3E1,surface,0.3293862373863177,51,3,True,1.0,False,False,,False,,O[P](O)(=O)O[C@@H]1[C@H](O[P](O)(O)=O)[C@H](O[P](O)(O)=O)[C@@H](O[P](O)(O)=O)[C@H](O[P](O)(O)=O)[C@H]1O[P](O)(O)=O,SMILES_CANONICAL/CACTVS,36.0,True,True,eligible,True,True
8E0F,8E0F:A:801,IHP_A_801,IHP,A,801,,36,6,InsP6,-41.80258327060275,10.40327783425649,37.277250077989365,2.7,X-RAY DIFFRACTION,2022-10-26T00:00:00Z,G:1ZY7,G:1ZY7,P78563,cryptic,0.1043946280361462,66,1,False,1.0,False,False,,False,False,O[P](O)(=O)O[C@@H]1[C@H](O[P](O)(O)=O)[C@H](O[P](O)(O)=O)[C@@H](O[P](O)(O)=O)[C@H](O[P](O)(O)=O)[C@H]1O[P](O)(O)=O,SMILES_CANONICAL/CACTVS,36.0,True,True,eligible,True,True
8E0F,8E0F:B:801,IHP_B_801,IHP,B,801,,36,6,InsP6,-76.61011123657227,9.732000033060707,54.80547184414334,2.7,X-RAY DIFFRACTION,2022-10-26T00:00:00Z,G:1ZY7,G:1ZY7,P78563,cryptic,0.0950741273414328,66,1,False,1.0,False,False,,False,False,O[P](O)(=O)O[C@@H]1[C@H](O[P](O)(O)=O)[C@H](O[P](O)(O)=O)[C@@H](O[P](O)(O)=O)[C@H](O[P](O)(O)=O)[C@H]1O[P](O)(O)=O,SMILES_CANONICAL/CACTVS,36.0,True,True,eligible,False,False
8QPE,8QPE:A:2401,IHP_A_2401,IHP,A,2401,,36,6,InsP6,346.5828908284505,248.15044275919595,353.66000111897785,3.1,ELECTRON MICROSCOPY,2024-05-22T00:00:00Z,G:3PEU,G:1B55,O43172;O43290;O43395;O75554;O94906;P55081;P55769;P83876;Q15029;Q15459;Q53GS9;Q6P2Q9;Q8NAV1;Q8WWY3;Q96NC0,surface,0.3792893238194186,46,1,False,1.0,False,False,,False,,O[P](O)(=O)O[C@@H]1[C@H](O[P](O)(O)=O)[C@H](O[P](O)(O)=O)[C@@H](O[P](O)(O)=O)[C@H](O[P](O)(O)=O)[C@H]1O[P](O)(O)=O,SMILES_CANONICAL/CACTVS,36.0,True,False,excluded: configuration differs from the CCD,False,False
9CAD,9CAD:D:3901,IHP_D_3901,IHP,D,3901,,36,6,InsP6,177.16888809204102,163.93741607666016,134.42041481865778,3.05,ELECTRON MICROSCOPY,2025-06-18T00:00:00Z,G:3PEU,G:1B55,Q96L91;Q9Y4A5,surface,0.3082249304019476,44,1,False,1.0,False,False,,False,,O[P](O)(=O)O[C@@H]1[C@H](O[P](O)(O)=O)[C@H](O[P](O)(O)=O)[C@@H](O[P](O)(O)=O)[C@H](O[P](O)(O)=O)[C@H]1O[P](O)(O)=O,SMILES_CANONICAL/CACTVS,36.0,True,False,excluded: configuration differs from the CCD,False,False
9FPZ,9FPZ:B:901,IHP_B_901,IHP,B,901,,36,6,InsP6,324.1022220187717,203.004027472602,423.6312493218316,2.69,ELECTRON MICROSCOPY,2024-07-03T00:00:00Z,G:3PEU,G:1B55,P36578;P41227;P42766;P46779;P50579;P61254;P62750;P63173;P84098;Q02878;Q9BXJ9,surface,0.5038816868234075,22,1,False,1.0,False,False,,False,,O[P](O)(=O)O[C@@H]1[C@H](O[P](O)(O)=O)[C@H](O[P](O)(O)=O)[C@@H](O[P](O)(O)=O)[C@H](O[P](O)(O)=O)[C@H]1O[P](O)(O)=O,SMILES_CANONICAL/CACTVS,36.0,True,False,excluded: configuration differs from the CCD,False,False
9R4I,9R4I:A:501,IHP_A_501,IHP,A,501,,36,6,InsP6,166.20894453260632,151.6879709031847,135.88152652316623,2.92,ELECTRON MICROSCOPY,2026-02-25T00:00:00Z,G:5ICN,G:1B55,Q13547;Q6PJG2;Q9H147,surface,0.4383120069792516,30,2,True,1.0,False,False,,False,,O[P](O)(=O)O[C@@H]1[C@H](O[P](O)(O)=O)[C@H](O[P](O)(O)=O)[C@@H](O[P](O)(O)=O)[C@H](O[P](O)(O)=O)[C@H]1O[P](O)(O)=O,SMILES_CANONICAL/CACTVS,36.0,True,True,eligible,True,True
9R4I,9R4I:E:901,IHP_E_901,IHP,E,901,,36,6,InsP6,182.029360877143,230.25488832261829,209.3981107076009,2.92,ELECTRON MICROSCOPY,2026-02-25T00:00:00Z,G:5ICN,G:1B55,Q13547;Q6PJG2;Q9H147,surface,0.5530739291361076,25,2,True,1.0,False,False,,False,,O[P](O)(=O)O[C@@H]1[C@H](O[P](O)(O)=O)[C@H](O[P](O)(O)=O)[C@@H](O[P](O)(O)=O)[C@H](O[P](O)(O)=O)[C@H]1O[P](O)(O)=O,SMILES_CANONICAL/CACTVS,36.0,True,True,eligible,False,False
9TFX,9TFX:AAAA:501,IHP_AAAA_501,IHP,AAAA,501,,36,6,InsP6,-0.2681483219688137,19.942932075924343,11.790319230821398,1.7,X-RAY DIFFRACTION,2025-12-10T00:00:00Z,G:3W8L,G:1B55,Q08467,surface,0.6828208056235547,16,1,False,1.0,False,False,,False,True,O[P](O)(=O)O[C@@H]1[C@H](O[P](O)(O)=O)[C@H](O[P](O)(O)=O)[C@@H](O[P](O)(O)=O)[C@H](O[P](O)(O)=O)[C@H]1O[P](O)(O)=O,SMILES_CANONICAL/CACTVS,36.0,True,True,eligible,True,True
1FHX,1FHX:A:1001,4IP_A_1001,4IP,A,1001,,28,4,InsP4,56.33660697937012,2.362214279494115,17.266249997275217,2.5,X-RAY DIFFRACTION,2000-08-23T00:00:00Z,G:1FAO,G:1B55,O08967,semi_cryptic,0.1986012466937134,61,1,False,1.0,False,False,,False,False,O[C@H]1[C@@H](O[P](O)(O)=O)[C@H](O)[C@@H](O[P](O)(O)=O)[C@H](O[P](O)(O)=O)[C@H]1O[P](O)(O)=O,SMILES_CANONICAL/CACTVS,28.0,True,True,eligible,True,True
1FHX,1FHX:B:1002,4IP_B_1002,4IP,B,1002,,28,4,InsP4,42.9176424571446,0.5351785596992288,42.36464296068464,2.5,X-RAY DIFFRACTION,2000-08-23T00:00:00Z,G:1FAO,G:1B55,O08967,semi_cryptic,0.1952044952617976,55,1,False,1.0,False,False,,False,True,O[C@H]1[C@@H](O[P](O)(O)=O)[C@H](O)[C@@H](O[P](O)(O)=O)[C@H](O[P](O)(O)=O)[C@H]1O[P](O)(O)=O,SMILES_CANONICAL/CACTVS,28.0,True,True,eligible,False,False
1UPR,1UPR:A:2154,4IP_A_2154,4IP,A,2154,,28,4,InsP4,18.765857117516653,31.18696437563215,18.440107243401663,2.27,X-RAY DIFFRACTION,2004-10-20T00:00:00Z,G:1FAO,G:1B55,Q9H4M7,surface,0.5491212666447329,31,1,False,1.0,False,False,,False,True,O[C@H]1[C@@H](O[P](O)(O)=O)[C@H](O)[C@@H](O[P](O)(O)=O)[C@H](O[P](O)(O)=O)[C@H]1O[P](O)(O)=O,SMILES_CANONICAL/CACTVS,28.0,True,True,eligible,True,True
2P1Q,2P1Q:B:801,IHP_B_801,IHP,B,801,,36,6,InsP6,13.744888888465034,-123.05441686842175,-26.012861198849148,1.91,X-RAY DIFFRACTION,2007-04-10T00:00:00Z,G:28MJ,G:1B55,Q38825;Q39255;Q570C0,surface,0.3726287273784156,44,1,False,1.0,False,False,,False,False,O[P](O)(=O)O[C@@H]1[C@H](O[P](O)(O)=O)[C@H](O[P](O)(O)=O)[C@@H](O[P](O)(O)=O)[C@H](O[P](O)(O)=O)[C@H]1O[P](O)(O)=O,SMILES_CANONICAL/CACTVS,36.0,True,True,eligible,True,True
3FZY,3FZY:A:8000,IHP_A_8000,IHP,A,8000,,36,6,InsP6,7.102444489796956,18.739361074235703,38.53675026363797,1.95,X-RAY DIFFRACTION,2009-02-17T00:00:00Z,G:3EEB,G:3EEB,Q9KS12,semi_cryptic,0.1863364624752465,64,1,False,1.0,False,False,,False,False,O[P](O)(=O)O[C@@H]1[C@H](O[P](O)(O)=O)[C@H](O[P](O)(O)=O)[C@@H](O[P](O)(O)=O)[C@H](O[P](O)(O)=O)[C@H]1O[P](O)(O)=O,SMILES_CANONICAL/CACTVS,36.0,True,True,eligible,True,True
3FZY,3FZY:B:8001,IHP_B_8001,IHP,B,8001,,36,6,InsP6,47.4029721154107,-2.710361094524463,-4.240166648808453,1.95,X-RAY DIFFRACTION,2009-02-17T00:00:00Z,G:3EEB,G:3EEB,Q9KS12,semi_cryptic,0.1861340240413684,63,1,False,1.0,False,False,,False,False,O[P](O)(=O)O[C@@H]1[C@H](O[P](O)(O)=O)[C@H](O[P](O)(O)=O)[C@@H](O[P](O)(O)=O)[C@H](O[P](O)(O)=O)[C@H]1O[P](O)(O)=O,SMILES_CANONICAL/CACTVS,36.0,True,True,eligible,False,False
4A6K,4A6K:A:1585,I4D_A_1585,I4D,A,1585,,16,1,InsP1,18.26650023460388,-26.962937355041504,22.26981246471405,1.8,X-RAY DIFFRACTION,2012-06-13T00:00:00Z,G:4A6H,G:1B55,P40485,surface,0.5932985678619319,15,1,False,1.0,False,False,,False,True,O[C@H]1[C@H](O)[C@@H](O)[C@H](O[P](O)(O)=O)[C@@H](O)[C@H]1O,SMILES_CANONICAL/CACTVS,16.0,True,True,eligible,True,True
4A6K,4A6K:B:1586,I4D_B_1586,I4D,B,1586,,16,1,InsP1,18.55231249332428,27.65499985218048,18.484687447547916,1.8,X-RAY DIFFRACTION,2012-06-13T00:00:00Z,G:4A6H,G:1B55,P40485,surface,0.6011612133912155,18,1,False,1.0,False,False,,False,True,O[C@H]1[C@H](O)[C@@H](O)[C@H](O[P](O)(O)=O)[C@@H](O)[C@H]1O,SMILES_CANONICAL/CACTVS,16.0,True,True,eligible,False,False
4A6K,4A6K:C:1583,I4D_C_1583,I4D,C,1583,,16,1,InsP1,-1.2446875274181366,-1.7569374865852296,-13.95193737745285,1.8,X-RAY DIFFRACTION,2012-06-13T00:00:00Z,G:4A6H,G:1B55,P40485,surface,0.4471659134201438,26,1,False,1.0,False,False,,False,True,O[C@H]1[C@H](O)[C@@H](O)[C@H](O[P](O)(O)=O)[C@@H](O)[C@H]1O,SMILES_CANONICAL/CACTVS,16.0,True,True,eligible,False,False
4XNH,4XNH:A:901,IHP_A_901,IHP,A,901,,36,6,InsP6,21.79602771335178,7.899750014146169,-3.880805580980248,2.1,X-RAY DIFFRACTION,2016-07-20T00:00:00Z,G:3PEU,G:1B55,P01189;P07347;P12945;Q08689,semi_cryptic,0.2014413232506976,46,2,True,1.0,False,False,,False,False,O[P](O)(=O)O[C@@H]1[C@H](O[P](O)(O)=O)[C@H](O[P](O)(O)=O)[C@@H](O[P](O)(O)=O)[C@H](O[P](O)(O)=O)[C@H]1O[P](O)(O)=O,SMILES_CANONICAL/CACTVS,36.0,True,True,eligible,True,True
5KLP,5KLP:A:401,IHP_A_401,IHP,A,401,,36,6,InsP6,8.992611050605774,7.410166674190098,-15.498277849621244,2.0,X-RAY DIFFRACTION,2016-08-10T00:00:00Z,G:5KLP,G:5KLP,Q6VE93,surface,0.3220088111758222,49,1,False,1.0,False,False,,False,False,O[P](O)(=O)O[C@@H]1[C@H](O[P](O)(O)=O)[C@H](O[P](O)(O)=O)[C@@H](O[P](O)(O)=O)[C@H](O[P](O)(O)=O)[C@H]1O[P](O)(O)=O,SMILES_CANONICAL/CACTVS,36.0,True,False,excluded: configuration differs from the CCD,False,False
5KLP,5KLP:B:401,IHP_B_401,IHP,B,401,,36,6,InsP6,-31.931666745079887,13.753277778625488,-13.003444486194187,2.0,X-RAY DIFFRACTION,2016-08-10T00:00:00Z,G:5KLP,G:5KLP,Q6VE93,surface,0.2884041803261056,50,1,False,1.0,False,False,,False,False,O[P](O)(=O)O[C@@H]1[C@H](O[P](O)(O)=O)[C@H](O[P](O)(O)=O)[C@@H](O[P](O)(O)=O)[C@H](O[P](O)(O)=O)[C@H]1O[P](O)(O)=O,SMILES_CANONICAL/CACTVS,36.0,True,False,excluded: configuration differs from the CCD,False,False
5KLP,5KLP:C:401,IHP_C_401,IHP,C,401,,36,6,InsP6,-39.2293611102634,11.26061114999983,-30.57708348168267,2.0,X-RAY DIFFRACTION,2016-08-10T00:00:00Z,G:5KLP,G:5KLP,Q6VE93,surface,0.3120835262552523,49,1,False,1.0,False,False,,False,False,O[P](O)(=O)O[C@@H]1[C@H](O[P](O)(O)=O)[C@H](O[P](O)(O)=O)[C@@H](O[P](O)(O)=O)[C@H](O[P](O)(O)=O)[C@H]1O[P](O)(O)=O,SMILES_CANONICAL/CACTVS,36.0,True,False,excluded: configuration differs from the CCD,False,False
6A73,6A73:A:401,IHP_A_401,IHP,A,401,,36,6,InsP6,6.511638879776001,-19.61966660287645,-79.21263885498047,2.45,X-RAY DIFFRACTION,2019-07-03T00:00:00Z,G:5IJJ,G:5IJJ,P00720;P61201,surface,0.5239253423210767,23,1,False,1.0,False,False,,False,False,O[P](O)(=O)O[C@@H]1[C@H](O[P](O)(O)=O)[C@H](O[P](O)(O)=O)[C@@H](O[P](O)(O)=O)[C@H](O[P](O)(O)=O)[C@H]1O[P](O)(O)=O,SMILES_CANONICAL/CACTVS,36.0,True,True,eligible,True,True
6A73,6A73:B:401,IHP_B_401,IHP,B,401,,36,6,InsP6,6.449666652414534,34.692222383287216,-36.669721868303085,2.45,X-RAY DIFFRACTION,2019-07-03T00:00:00Z,G:5IJJ,G:5IJJ,P00720;P61201,surface,0.5491646498200037,21,1,False,1.0,False,False,,False,False,O[P](O)(=O)O[C@@H]1[C@H](O[P](O)(O)=O)[C@H](O[P](O)(O)=O)[C@@H](O[P](O)(O)=O)[C@H](O[P](O)(O)=O)[C@H]1O[P](O)(O)=O,SMILES_CANONICAL/CACTVS,36.0,True,True,eligible,False,False
6J6G,6J6G:A:3000,IHP_A_3000,IHP,A,3000,,36,6,InsP6,265.5130827162001,317.24405585394965,274.6905288696289,3.2,ELECTRON MICROSCOPY,2019-04-24T00:00:00Z,G:3PEU,G:1B55,P21374;P25337;P28004;P32523;P33334;P36048;P38241;P40018;P40204;P40567;P40968;P43321;P53277;P53333;P54999;Q02260;Q03375;Q03654;Q03772;Q04048;Q06091;Q06217;Q08963;Q12046;Q12309;Q12330;Q12417,surface,0.4185046387642083,35,1,False,1.0,False,False,,False,,O[P](O)(=O)O[C@@H]1[C@H](O[P](O)(O)=O)[C@H](O[P](O)(O)=O)[C@@H](O[P](O)(O)=O)[C@H](O[P](O)(O)=O)[C@H]1O[P](O)(O)=O,SMILES_CANONICAL/CACTVS,36.0,True,True,eligible,True,True
6ZWM,6ZWM:A:2602,IHP_A_2602,IHP,A,2602,,36,6,InsP6,218.33283233642575,249.29613833957248,197.8816655476888,3.2,ELECTRON MICROSCOPY,2020-11-18T00:00:00Z,G:6ZWM,G:1B55,P42345;Q6R327;Q9BPZ7;Q9BVC4,surface,0.5414385152804078,23,1,False,1.0,False,False,,False,,O[P](O)(=O)O[C@@H]1[C@H](O[P](O)(O)=O)[C@H](O[P](O)(O)=O)[C@@H](O[P](O)(O)=O)[C@H](O[P](O)(O)=O)[C@H]1O[P](O)(O)=O,SMILES_CANONICAL/CACTVS,36.0,True,True,eligible,True,True
6ZWM,6ZWM:B:2602,IHP_B_2602,IHP,B,2602,,36,6,InsP6,208.396304236518,176.11730575561523,198.13691753811307,3.2,ELECTRON MICROSCOPY,2020-11-18T00:00:00Z,G:6ZWM,G:1B55,P42345;Q6R327;Q9BPZ7;Q9BVC4,surface,0.5317935257669346,23,1,False,1.0,False,False,,False,,O[P](O)(=O)O[C@@H]1[C@H](O[P](O)(O)=O)[C@H](O[P](O)(O)=O)[C@@H](O[P](O)(O)=O)[C@H](O[P](O)(O)=O)[C@H]1O[P](O)(O)=O,SMILES_CANONICAL/CACTVS,36.0,True,True,eligible,False,False
7KJZ,7KJZ:B:301,4IP_B_301,4IP,B,301,,28,4,InsP4,25.984285627092635,2.219785713058497,-12.011499983923777,2.43,X-RAY DIFFRACTION,2021-04-07T00:00:00Z,G:1FAO,G:1B55,Q6IQ23,cryptic,0.0416327818857093,59,2,True,1.0,False,False,,False,False,O[C@H]1[C@@H](O[P](O)(O)=O)[C@H](O)[C@@H](O[P](O)(O)=O)[C@H](O[P](O)(O)=O)[C@H]1O[P](O)(O)=O,SMILES_CANONICAL/CACTVS,28.0,True,True,eligible,True,True
7KJZ,7KJZ:B:302,4IP_B_302,4IP,B,302,,28,4,InsP4,36.647499901907786,8.141249980245318,-14.189357212611608,2.43,X-RAY DIFFRACTION,2021-04-07T00:00:00Z,G:1FAO,G:1B55,Q6IQ23,surface,0.5470166565421617,20,2,True,1.0,False,False,,False,False,O[C@H]1[C@@H](O[P](O)(O)=O)[C@H](O)[C@@H](O[P](O)(O)=O)[C@H](O[P](O)(O)=O)[C@H]1O[P](O)(O)=O,SMILES_CANONICAL/CACTVS,28.0,True,True,eligible,True,True
7SNQ,7SNQ:B:301,IHP_B_301,IHP,B,301,,36,6,InsP6,-9.815722227096558,43.928305519951714,20.32491657469008,2.81,X-RAY DIFFRACTION,2022-09-07T00:00:00Z,G:30OE,G:30OE,P03366;Q16630,surface,0.7667624311807875,8,4,True,1.0,False,False,,False,False,O[P](O)(=O)O[C@@H]1[C@H](O[P](O)(O)=O)[C@H](O[P](O)(O)=O)[C@@H](O[P](O)(O)=O)[C@H](O[P](O)(O)=O)[C@H]1O[P](O)(O)=O,SMILES_CANONICAL/CACTVS,36.0,True,True,eligible,True,True
7SNQ,7SNQ:E:301,IHP_E_301,IHP,E,301,,36,6,InsP6,-18.993694570329453,54.15927770402696,23.088000032636856,2.81,X-RAY DIFFRACTION,2022-09-07T00:00:00Z,G:30OE,G:30OE,P03366;Q16630,surface,0.7066101284111492,12,4,True,1.0,False,False,,False,False,O[P](O)(=O)O[C@@H]1[C@H](O[P](O)(O)=O)[C@H](O[P](O)(O)=O)[C@@H](O[P](O)(O)=O)[C@H](O[P](O)(O)=O)[C@H]1O[P](O)(O)=O,SMILES_CANONICAL/CACTVS,36.0,True,True,eligible,False,False
7SNQ,7SNQ:G:301,IHP_G_301,IHP,G,301,,36,6,InsP6,-58.82691701253256,89.66086069742839,32.56847222646078,2.81,X-RAY DIFFRACTION,2022-09-07T00:00:00Z,G:30OE,G:30OE,P03366;Q16630,surface,0.5724273466692179,20,6,True,1.0,False,False,,False,False,O[P](O)(=O)O[C@@H]1[C@H](O[P](O)(O)=O)[C@H](O[P](O)(O)=O)[C@@H](O[P](O)(O)=O)[C@H](O[P](O)(O)=O)[C@H]1O[P](O)(O)=O,SMILES_CANONICAL/CACTVS,36.0,True,True,eligible,False,False
7SNQ,7SNQ:K:301,IHP_K_301,IHP,K,301,,36,6,InsP6,-48.42316669887967,80.8803333706326,31.10355546739366,2.81,X-RAY DIFFRACTION,2022-09-07T00:00:00Z,G:30OE,G:30OE,P03366;Q16630,surface,0.690524735258375,13,5,True,1.0,False,False,,False,False,O[P](O)(=O)O[C@@H]1[C@H](O[P](O)(O)=O)[C@H](O[P](O)(O)=O)[C@@H](O[P](O)(O)=O)[C@H](O[P](O)(O)=O)[C@H]1O[P](O)(O)=O,SMILES_CANONICAL/CACTVS,36.0,True,True,eligible,False,False
8E1S,8E1S:A:402,IHP_A_402,IHP,A,402,,36,6,InsP6,13.121111101574368,-21.82944446139865,21.821499983469646,1.72,X-RAY DIFFRACTION,2022-11-30T00:00:00Z,G:3T9C,G:1Z2P,O74429,surface,0.2653942411754834,42,2,True,0.5799999999999997,True,False,,True,False,O[P](O)(=O)O[C@@H]1[C@H](O[P](O)(O)=O)[C@H](O[P](O)(O)=O)[C@@H](O[P](O)(O)=O)[C@H](O[P](O)(O)=O)[C@H]1O[P](O)(O)=O,SMILES_CANONICAL/CACTVS,36.0,True,True,eligible,True,True
8T8Y,8T8Y:A:404,I3P_A_404,I3P,A,404,,24,3,InsP3,-16.193416595458984,-24.412750085194904,-2.207249972348412,2.5,X-RAY DIFFRACTION,2023-11-15T00:00:00Z,G:8T8Y,G:1W2C,A0A3G4ZNY6,semi_cryptic,0.1447145501125196,38,1,False,1.0,False,True,MG,False,True,O[C@@H]1[C@H](O)[C@@H](O[P](O)(O)=O)[C@H](O[P](O)(O)=O)[C@@H](O)[C@@H]1O[P](O)(O)=O,SMILES_CANONICAL/CACTVS,24.0,True,True,eligible,True,True
9CAF,9CAF:D:3901,IHP_D_3901,IHP,D,3901,,36,6,InsP6,183.04633246527777,175.18422232733832,146.87641694810657,2.35,ELECTRON MICROSCOPY,2025-06-18T00:00:00Z,G:3PEU,G:1B55,P0A3G4;Q96L91;Q9Y4A5,surface,0.3169981200370105,41,1,False,1.0,False,False,,False,,O[P](O)(=O)O[C@@H]1[C@H](O[P](O)(O)=O)[C@H](O[P](O)(O)=O)[C@@H](O[P](O)(O)=O)[C@H](O[P](O)(O)=O)[C@H]1O[P](O)(O)=O,SMILES_CANONICAL/CACTVS,36.0,True,False,excluded: configuration differs from the CCD,False,False
9HZG,9HZG:A:701,IHP_A_701,IHP,A,701,,36,6,InsP6,118.663416756524,113.30555534362792,134.27163908216687,3.33,ELECTRON MICROSCOPY,2026-05-20T00:00:00Z,G:7SGL,G:1B55,P12956;P13010;Q14191,surface,0.49195792419332,29,2,True,1.0,False,False,,False,,O[P](O)(=O)O[C@@H]1[C@H](O[P](O)(O)=O)[C@H](O[P](O)(O)=O)[C@@H](O[P](O)(O)=O)[C@H](O[P](O)(O)=O)[C@H]1O[P](O)(O)=O,SMILES_CANONICAL/CACTVS,36.0,True,True,eligible,True,True
9R7L,9R7L:C:101,IHP_C_101,IHP,C,101,,36,6,InsP6,209.71252865261505,207.8255560133192,165.4968893263075,3.0,ELECTRON MICROSCOPY,2026-05-27T00:00:00Z,G:9R7L,G:9R7L,Q01524,surface,0.2750704040770523,50,6,True,1.0,False,False,,False,,O[P](O)(=O)O[C@@H]1[C@H](O[P](O)(O)=O)[C@H](O[P](O)(O)=O)[C@@H](O[P](O)(O)=O)[C@H](O[P](O)(O)=O)[C@H]1O[P](O)(O)=O,SMILES_CANONICAL/CACTVS,36.0,True,True,eligible,True,True
9R7L,9R7L:F:101,IHP_F_101,IHP,F,101,,36,6,InsP6,214.3826942443848,208.63486184014212,184.85813988579645,3.0,ELECTRON MICROSCOPY,2026-05-27T00:00:00Z,G:9R7L,G:9R7L,Q01524,semi_cryptic,0.2319146432264181,55,8,True,1.0,False,False,,False,,O[P](O)(=O)O[C@@H]1[C@H](O[P](O)(O)=O)[C@H](O[P](O)(O)=O)[C@@H](O[P](O)(O)=O)[C@H](O[P](O)(O)=O)[C@H]1O[P](O)(O)=O,SMILES_CANONICAL/CACTVS,36.0,True,True,eligible,True,True
9R7L,9R7L:L:101,IHP_L_101,IHP,L,101,,36,6,InsP6,214.33722390068905,208.14627753363715,205.9269167582194,3.0,ELECTRON MICROSCOPY,2026-05-27T00:00:00Z,G:9R7L,G:9R7L,Q01524,semi_cryptic,0.232445871776507,51,8,True,1.0,False,False,,False,,O[P](O)(=O)O[C@@H]1[C@H](O[P](O)(O)=O)[C@H](O[P](O)(O)=O)[C@@H](O[P](O)(O)=O)[C@H](O[P](O)(O)=O)[C@H]1O[P](O)(O)=O,SMILES_CANONICAL/CACTVS,36.0,True,True,eligible,False,False
9R7L,9R7L:M:101,IHP_M_101,IHP,M,101,,36,6,InsP6,213.43849987453885,212.65275065104169,225.34763802422415,3.0,ELECTRON MICROSCOPY,2026-05-27T00:00:00Z,G:9R7L,G:9R7L,Q01524,semi_cryptic,0.2265604903335891,55,7,True,1.0,False,False,,False,,O[P](O)(=O)O[C@@H]1[C@H](O[P](O)(O)=O)[C@H](O[P](O)(O)=O)[C@@H](O[P](O)(O)=O)[C@H](O[P](O)(O)=O)[C@H]1O[P](O)(O)=O,SMILES_CANONICAL/CACTVS,36.0,True,True,eligible,False,False
9R7L,9R7L:Q:101,IHP_Q_101,IHP,Q,101,,36,6,InsP6,213.6544443766276,212.22480477227103,246.3687778049045,3.0,ELECTRON MICROSCOPY,2026-05-27T00:00:00Z,G:9R7L,G:9R7L,Q01524,surface,0.2764600485554556,48,6,True,1.0,False,False,,False,,O[P](O)(=O)O[C@@H]1[C@H](O[P](O)(O)=O)[C@H](O[P](O)(O)=O)[C@@H](O[P](O)(O)=O)[C@H](O[P](O)(O)=O)[C@H]1O[P](O)(O)=O,SMILES_CANONICAL/CACTVS,36.0,True,True,eligible,False,False
9TMS,9TMS:c:1901,IHP_c_1901,IHP,c,1901,,36,6,InsP6,204.1484171549479,146.35594516330295,295.88697136773004,2.9,ELECTRON MICROSCOPY,2026-09-09T00:00:00Z,G:6KWY,G:6KWY,P20618;P25786;P25787;P25788;P25789;P28066;P28070;P28072;P28074;P49720;P49721;P60900;Q14997;Q8TAA3;Q99436,surface,0.297733615770506,43,1,False,1.0,False,False,,False,,O[P](O)(=O)O[C@@H]1[C@H](O[P](O)(O)=O)[C@H](O[P](O)(O)=O)[C@@H](O[P](O)(O)=O)[C@H](O[P](O)(O)=O)[C@H]1O[P](O)(O)=O,SMILES_CANONICAL/CACTVS,36.0,True,False,excluded: configuration differs from the CCD,False,False
1G0H,1G0H:A:292,IPD_A_292,IPD,A,292,,16,1,InsP1,21.135437488555908,20.520562529563904,43.54756212234497,2.3,X-RAY DIFFRACTION,2001-03-14T00:00:00Z,G:1AWB,G:1AWB,Q57573,semi_cryptic,0.2161916290127917,43,1,False,1.0,False,True,CA,False,False,O[C@@H]1[C@@H](O)[C@@H](O)[C@@H](O[P]([O-])([O-])=O)[C@H](O)[C@H]1O,SMILES_CANONICAL/CACTVS,16.0,True,True,eligible,True,True
1G0H,1G0H:B:592,IPD_B_592,IPD,B,592,,16,1,InsP1,6.836124986410141,40.69181227684021,55.26862502098084,2.3,X-RAY DIFFRACTION,2001-03-14T00:00:00Z,G:1AWB,G:1AWB,Q57573,semi_cryptic,0.2040420381362062,41,1,False,1.0,False,True,CA,False,False,O[C@@H]1[C@@H](O)[C@@H](O)[C@@H](O[P]([O-])([O-])=O)[C@H](O)[C@H]1O,SMILES_CANONICAL/CACTVS,16.0,True,True,eligible,False,False
1W1D,1W1D:A:1552,4IP_A_1552,4IP,A,1552,,28,4,InsP4,11.604678630828856,33.29282133919852,7.022071421146393,1.5,X-RAY DIFFRACTION,2004-11-19T00:00:00Z,G:1W1D,G:1B55,O15530,surface,0.4494571024242399,33,1,False,1.0,False,False,,False,False,O[C@H]1[C@@H](O[P](O)(O)=O)[C@H](O)[C@@H](O[P](O)(O)=O)[C@H](O[P](O)(O)=O)[C@H]1O[P](O)(O)=O,SMILES_CANONICAL/CACTVS,28.0,True,True,eligible,True,True
2Q9P,2Q9P:A:201,IHP_A_201,IHP,A,201,,36,6,InsP6,16.519583410686916,4.737611073379715,14.460722181532118,1.65,X-RAY DIFFRACTION,2007-09-11T00:00:00Z,G:2FVV,G:2FVV,O95989,surface,0.2781623499217444,50,1,False,0.59,True,True,MG,True,False,O[P](O)(=O)O[C@@H]1[C@H](O[P](O)(O)=O)[C@H](O[P](O)(O)=O)[C@@H](O[P](O)(O)=O)[C@H](O[P](O)(O)=O)[C@H]1O[P](O)(O)=O,SMILES_CANONICAL/CACTVS,36.0,True,True,eligible,True,True
3GCD,3GCD:A:214,IHP_A_214,IHP,A,214,,36,6,InsP6,-16.37097218301561,12.77647230360243,-67.08299922943115,2.35,X-RAY DIFFRACTION,2009-05-26T00:00:00Z,G:3EEB,G:3EEB,Q9KS12,semi_cryptic,0.188948767338394,57,1,False,1.0,False,False,,False,False,O[P](O)(=O)O[C@@H]1[C@H](O[P](O)(O)=O)[C@H](O[P](O)(O)=O)[C@@H](O[P](O)(O)=O)[C@H](O[P](O)(O)=O)[C@H]1O[P](O)(O)=O,SMILES_CANONICAL/CACTVS,36.0,True,True,eligible,True,True
3GCD,3GCD:B:214,IHP_B_214,IHP,B,214,,36,6,InsP6,27.150222089555527,33.28116703033447,-27.456333213382297,2.35,X-RAY DIFFRACTION,2009-05-26T00:00:00Z,G:3EEB,G:3EEB,Q9KS12,semi_cryptic,0.1827592132713709,61,1,False,1.0,False,False,,False,False,O[P](O)(=O)O[C@@H]1[C@H](O[P](O)(O)=O)[C@H](O[P](O)(O)=O)[C@@H](O[P](O)(O)=O)[C@H](O[P](O)(O)=O)[C@H]1O[P](O)(O)=O,SMILES_CANONICAL/CACTVS,36.0,True,True,eligible,False,False
3GCD,3GCD:C:214,IHP_C_214,IHP,C,214,,36,6,InsP6,-8.980249961217245,-9.490416685740152,-38.48875003390842,2.35,X-RAY DIFFRACTION,2009-05-26T00:00:00Z,G:3EEB,G:3EEB,Q9KS12,semi_cryptic,0.1697919981170056,58,1,False,1.0,False,False,,False,False,O[P](O)(=O)O[C@@H]1[C@H](O[P](O)(O)=O)[C@H](O[P](O)(O)=O)[C@@H](O[P](O)(O)=O)[C@H](O[P](O)(O)=O)[C@H]1O[P](O)(O)=O,SMILES_CANONICAL/CACTVS,36.0,True,True,eligible,False,False
3GCD,3GCD:D:214,IHP_D_214,IHP,D,214,,36,6,InsP6,5.893944488631354,26.761250072055397,-7.685388935936822,2.35,X-RAY DIFFRACTION,2009-05-26T00:00:00Z,G:3EEB,G:3EEB,Q9KS12,semi_cryptic,0.1495464203687249,62,2,True,1.0,False,False,,False,False,O[P](O)(=O)O[C@@H]1[C@H](O[P](O)(O)=O)[C@H](O[P](O)(O)=O)[C@@H](O[P](O)(O)=O)[C@H](O[P](O)(O)=O)[C@H]1O[P](O)(O)=O,SMILES_CANONICAL/CACTVS,36.0,True,True,eligible,False,False
4AIW,4AIW:A:1001,IHP_A_1001,IHP,A,1001,,36,6,InsP6,-4.318222214778264,30.953972392612037,7.681611054473453,1.5,X-RAY DIFFRACTION,2012-08-08T00:00:00Z,G:4AIW,G:4AIW,Q9H4G4,crystal_artifact,0.8912748421281234,5,1,False,0.5,True,False,,False,True,,,,,,excluded: crystal artefact,False,False
4Y94,4Y94:A:501,IHP_A_501,IHP,A,501,,36,6,InsP6,7.567555526892344,15.403138822979397,-37.40788904825846,2.4,X-RAY DIFFRACTION,2015-03-18T00:00:00Z,G:1B55,G:1B55,Q3ZC95,surface,0.5153680211864272,22,2,True,1.0,False,False,,False,False,O[P](O)(=O)O[C@@H]1[C@H](O[P](O)(O)=O)[C@H](O[P](O)(O)=O)[C@@H](O[P](O)(O)=O)[C@H](O[P](O)(O)=O)[C@H]1O[P](O)(O)=O,SMILES_CANONICAL/CACTVS,36.0,True,True,eligible,True,True
4Y94,4Y94:A:502,IHP_A_502,IHP,A,502,,36,6,InsP6,-4.083527776774847,-1.4430000108356278,-36.457416746351456,2.4,X-RAY DIFFRACTION,2015-03-18T00:00:00Z,G:1B55,G:1B55,Q3ZC95,surface,0.4759665806947704,35,2,True,1.0,False,False,,False,False,O[P](O)(=O)O[C@@H]1[C@H](O[P](O)(O)=O)[C@H](O[P](O)(O)=O)[C@@H](O[P](O)(O)=O)[C@H](O[P](O)(O)=O)[C@H]1O[P](O)(O)=O,SMILES_CANONICAL/CACTVS,36.0,True,True,eligible,False,False
4Y94,4Y94:B:201,IHP_B_201,IHP,B,201,,36,6,InsP6,4.939833376142714,32.029249880048965,-31.952389028337265,2.4,X-RAY DIFFRACTION,2015-03-18T00:00:00Z,G:1B55,G:1B55,Q3ZC95,surface,0.6174407823216247,28,1,False,1.0,False,False,,False,False,O[P](O)(=O)O[C@@H]1[C@H](O[P](O)(O)=O)[C@H](O[P](O)(O)=O)[C@@H](O[P](O)(O)=O)[C@H](O[P](O)(O)=O)[C@H]1O[P](O)(O)=O,SMILES_CANONICAL/CACTVS,36.0,True,True,eligible,False,False
4Y94,4Y94:C:201,IHP_C_201,IHP,C,201,,36,6,InsP6,2.435138901695609,30.69241677390205,-67.14347256554498,2.4,X-RAY DIFFRACTION,2015-03-18T00:00:00Z,G:1B55,G:1B55,Q3ZC95,surface,0.5214837444364436,38,1,False,1.0,False,False,,False,False,O[P](O)(=O)O[C@@H]1[C@H](O[P](O)(O)=O)[C@H](O[P](O)(O)=O)[C@@H](O[P](O)(O)=O)[C@H](O[P](O)(O)=O)[C@H]1O[P](O)(O)=O,SMILES_CANONICAL/CACTVS,36.0,True,True,eligible,False,False
4Y94,4Y94:D:201,IHP_D_201,IHP,D,201,,36,6,InsP6,-6.825722250673506,0.0040833453337351,-71.91677792867024,2.4,X-RAY DIFFRACTION,2015-03-18T00:00:00Z,G:1B55,G:1B55,Q3ZC95,surface,0.4164383303005749,42,2,True,1.0,False,False,,False,False,O[P](O)(=O)O[C@@H]1[C@H](O[P](O)(O)=O)[C@H](O[P](O)(O)=O)[C@@H](O[P](O)(O)=O)[C@H](O[P](O)(O)=O)[C@H]1O[P](O)(O)=O,SMILES_CANONICAL/CACTVS,36.0,True,True,eligible,False,False
4Y94,4Y94:D:202,IHP_D_202,IHP,D,202,,36,6,InsP6,-9.451916641659206,-16.901527616712784,-66.19583341810439,2.4,X-RAY DIFFRACTION,2015-03-18T00:00:00Z,G:1B55,G:1B55,Q3ZC95,surface,0.719198515700034,17,1,False,1.0,False,False,,False,False,O[P](O)(=O)O[C@@H]1[C@H](O[P](O)(O)=O)[C@H](O[P](O)(O)=O)[C@@H](O[P](O)(O)=O)[C@H](O[P](O)(O)=O)[C@H]1O[P](O)(O)=O,SMILES_CANONICAL/CACTVS,36.0,True,True,eligible,False,False
5KLQ,5KLQ:A:401,IHP_A_401,IHP,A,401,,36,6,InsP6,19.92724996142917,-38.36091666751437,-95.4044166141086,3.4,X-RAY DIFFRACTION,2016-08-17T00:00:00Z,G:5KLP,G:5KLP,Q6VE93,surface,0.3080301471226171,52,1,False,1.0,False,False,,False,False,O[P](O)(=O)O[C@@H]1[C@H](O[P](O)(O)=O)[C@H](O[P](O)(O)=O)[C@@H](O[P](O)(O)=O)[C@H](O[P](O)(O)=O)[C@H]1O[P](O)(O)=O,SMILES_CANONICAL/CACTVS,36.0,True,False,excluded: configuration differs from the CCD,False,False
5KLQ,5KLQ:B:401,IHP_B_401,IHP,B,401,,36,6,InsP6,30.41872236463759,-58.26102818383111,-71.85983318752713,3.4,X-RAY DIFFRACTION,2016-08-17T00:00:00Z,G:5KLP,G:5KLP,Q6VE93,surface,0.3194174376100918,45,1,False,1.0,False,False,,False,False,O[P](O)(=O)O[C@@H]1[C@H](O[P](O)(O)=O)[C@H](O[P](O)(O)=O)[C@@H](O[P](O)(O)=O)[C@H](O[P](O)(O)=O)[C@H]1O[P](O)(O)=O,SMILES_CANONICAL/CACTVS,36.0,True,False,excluded: configuration differs from the CCD,False,False
5KLQ,5KLQ:C:401,IHP_C_401,IHP,C,401,,36,6,InsP6,8.04413890838623,-41.65583345625136,-29.133166631062824,3.4,X-RAY DIFFRACTION,2016-08-17T00:00:00Z,G:5KLP,G:5KLP,Q6VE93,surface,0.2911610379618163,53,1,False,1.0,False,False,,False,False,O[P](O)(=O)O[C@@H]1[C@H](O[P](O)(O)=O)[C@H](O[P](O)(O)=O)[C@@H](O[P](O)(O)=O)[C@H](O[P](O)(O)=O)[C@H]1O[P](O)(O)=O,SMILES_CANONICAL/CACTVS,36.0,True,False,excluded: configuration differs from the CCD,False,False
6B4H,6B4H:A:601,IHP_A_601,IHP,A,601,,36,6,InsP6,124.29105567932127,-10.61830555068122,53.13988897535536,2.17,X-RAY DIFFRACTION,2018-06-20T00:00:00Z,G:6B4H,G:1B55,G0S381;G0S7F3,surface,0.4682313710786904,24,1,False,1.0,False,True,ZN,False,True,O[P](O)(=O)O[C@@H]1[C@H](O[P](O)(O)=O)[C@H](O[P](O)(O)=O)[C@@H](O[P](O)(O)=O)[C@H](O[P](O)(O)=O)[C@H]1O[P](O)(O)=O,SMILES_CANONICAL/CACTVS,36.0,True,True,eligible,True,True
6B4H,6B4H:A:602,IHP_A_602,IHP,A,602,,36,6,InsP6,118.42666625976562,-3.1356388611925974,52.97933355967204,2.17,X-RAY DIFFRACTION,2018-06-20T00:00:00Z,G:6B4H,G:1B55,G0S381;G0S7F3,crystal_artifact,0.7966225656180084,4,1,False,0.97,True,True,ZN,False,True,,,,,,excluded: crystal artefact,False,False
6B4H,6B4H:A:603,IHP_A_603,IHP,A,603,,36,6,InsP6,144.03586196899414,11.86880546145969,69.701111263699,2.17,X-RAY DIFFRACTION,2018-06-20T00:00:00Z,G:6B4H,G:1B55,G0S381;G0S7F3,surface,0.6228167379188265,16,1,False,1.0,False,False,,False,True,O[P](O)(=O)O[C@@H]1[C@H](O[P](O)(O)=O)[C@H](O[P](O)(O)=O)[C@@H](O[P](O)(O)=O)[C@H](O[P](O)(O)=O)[C@H]1O[P](O)(O)=O,SMILES_CANONICAL/CACTVS,36.0,True,True,eligible,False,False
6B4H,6B4H:C:601,IHP_C_601,IHP,C,601,,36,6,InsP6,120.01391686333552,-12.167638778686523,111.79302745395236,2.17,X-RAY DIFFRACTION,2018-06-20T00:00:00Z,G:6B4H,G:1B55,G0S381;G0S7F3,surface,0.477951371731096,25,1,False,0.97,True,True,ZN,False,True,O[P](O)(=O)O[C@@H]1[C@H](O[P](O)(O)=O)[C@H](O[P](O)(O)=O)[C@@H](O[P](O)(O)=O)[C@H](O[P](O)(O)=O)[C@H]1O[P](O)(O)=O,SMILES_CANONICAL/CACTVS,36.0,True,True,eligible,False,False
6B4H,6B4H:C:602,IHP_C_602,IHP,C,602,,36,6,InsP6,114.15761142306856,-4.674249992602402,111.63027742173936,2.17,X-RAY DIFFRACTION,2018-06-20T00:00:00Z,G:6B4H,G:1B55,G0S381;G0S7F3,crystal_artifact,0.7943556085626673,5,1,False,1.0,False,True,ZN,False,True,,,,,,excluded: crystal artefact,False,False
6B4H,6B4H:C:603,IHP_C_603,IHP,C,603,,36,6,InsP6,139.66749996609158,10.618277774916756,128.31336169772678,2.17,X-RAY DIFFRACTION,2018-06-20T00:00:00Z,G:6B4H,G:1B55,G0S381;G0S7F3,surface,0.5960781265398396,18,1,False,1.0,False,False,,False,True,O[P](O)(=O)O[C@@H]1[C@H](O[P](O)(O)=O)[C@H](O[P](O)(O)=O)[C@@H](O[P](O)(O)=O)[C@H](O[P](O)(O)=O)[C@H]1O[P](O)(O)=O,SMILES_CANONICAL/CACTVS,36.0,True,True,eligible,False,False
6KWY,6KWY:c:1901,K0W_c_1901,K0W,c,1901,,44,8,InsP8,201.6757039156827,216.3125235817649,94.90597707575016,2.72,ELECTRON MICROSCOPY,2020-04-01T00:00:00Z,G:6KWY,G:6KWY,O14818;P20618;P25786;P25787;P25788;P25789;P28066;P28070;P28072;P28074;P49720;P49721;P60900;Q14997;Q99436,surface,0.4023240868713073,40,1,False,1.0,False,False,,False,,O[P](O)(=O)O[C@H]1[C@H](O[P](O)(O)=O)[C@@H](O[P](O)(O)=O)[C@H](O[P](O)(=O)O[P](O)(O)=O)[C@H](O[P](O)(=O)O[P](O)(O)=O)[C@@H]1O[P](O)(O)=O,SMILES_CANONICAL/CACTVS,44.0,True,True,eligible,True,True
6KWY,6KWY:c:1902,IHP_c_1902,IHP,c,1902,,36,6,InsP6,238.093805525038,189.8273056877984,104.24061075846356,2.72,ELECTRON MICROSCOPY,2020-04-01T00:00:00Z,G:6KWY,G:6KWY,O14818;P20618;P25786;P25787;P25788;P25789;P28066;P28070;P28072;P28074;P49720;P49721;P60900;Q14997;Q99436,surface,0.2941432398817912,49,1,False,1.0,False,False,,False,,O[P](O)(=O)O[C@@H]1[C@H](O[P](O)(O)=O)[C@H](O[P](O)(O)=O)[C@@H](O[P](O)(O)=O)[C@H](O[P](O)(O)=O)[C@H]1O[P](O)(O)=O,SMILES_CANONICAL/CACTVS,36.0,True,True,eligible,False,False
6ZWO,6ZWO:B:2602,IHP_B_2602,IHP,B,2602,,36,6,InsP6,208.9275271097819,175.19808366563586,198.3229717678494,3.0,ELECTRON MICROSCOPY,2020-11-18T00:00:00Z,G:6ZWM,G:1B55,P42345;Q6R327;Q9BPZ7;Q9BVC4,surface,0.540536154018186,24,1,False,1.0,False,False,,False,,O[P](O)(=O)O[C@@H]1[C@H](O[P](O)(O)=O)[C@H](O[P](O)(O)=O)[C@@H](O[P](O)(O)=O)[C@H](O[P](O)(O)=O)[C@H]1O[P](O)(O)=O,SMILES_CANONICAL/CACTVS,36.0,True,True,eligible,True,True
7KTR,7KTR:A:4001,IHP_A_4001,IHP,A,4001,,36,6,InsP6,269.1190287272136,236.6690271165636,209.83866585625543,2.93,ELECTRON MICROSCOPY,2021-11-10T00:00:00Z,G:3PEU,G:1B55,O15265;O75486;O75529;O94864;Q12962;Q16514;Q8NEM7;Q96BN2;Q9HBM6;Q9Y4A5;Q9Y6J9,surface,0.485493276780231,29,1,False,1.0,False,False,,False,,O[P](O)(=O)O[C@@H]1[C@H](O[P](O)(O)=O)[C@H](O[P](O)(O)=O)[C@@H](O[P](O)(O)=O)[C@H](O[P](O)(O)=O)[C@H]1O[P](O)(O)=O,SMILES_CANONICAL/CACTVS,36.0,True,False,excluded: configuration differs from the CCD,False,False
7SOL,7SOL:A:1101,IHP_A_1101,IHP,A,1101,,36,6,InsP6,39.31727801428901,11.593638870451183,123.65077781677246,2.25,X-RAY DIFFRACTION,2022-11-02T00:00:00Z,G:28MJ,G:1B55,A0AVT1;P69326,surface,0.3697679370366741,32,1,False,1.0,False,False,,False,False,O[P](O)(=O)O[C@@H]1[C@H](O[P](O)(O)=O)[C@H](O[P](O)(O)=O)[C@@H](O[P](O)(O)=O)[C@H](O[P](O)(O)=O)[C@H]1O[P](O)(O)=O,SMILES_CANONICAL/CACTVS,36.0,True,True,eligible,True,True
8E1V,8E1V:B:501,IHP_B_501,IHP,B,501,,36,6,InsP6,11.927694347169664,-20.392166561550564,20.119527763790558,1.9,X-RAY DIFFRACTION,2022-11-30T00:00:00Z,G:3T9C,G:1Z2P,O74429,surface,0.280961203675852,35,2,True,0.8247222222222221,True,False,,False,False,O[P](O)(=O)O[C@@H]1[C@H](O[P](O)(O)=O)[C@H](O[P](O)(O)=O)[C@@H](O[P](O)(O)=O)[C@H](O[P](O)(O)=O)[C@H]1O[P](O)(O)=O,SMILES_CANONICAL/CACTVS,36.0,True,True,eligible,True,True
8T91,8T91:A:403,IHP_A_403,IHP,A,403,,36,6,InsP6,-15.729138798183865,-26.0017499393887,-0.7289722145845493,2.56,X-RAY DIFFRACTION,2023-11-15T00:00:00Z,G:8T8Y,G:1W2C,A0A3G4ZNY6,surface,0.2626042427417227,56,1,False,1.0,False,False,,False,True,O[P](O)(=O)O[C@@H]1[C@H](O[P](O)(O)=O)[C@H](O[P](O)(O)=O)[C@@H](O[P](O)(O)=O)[C@H](O[P](O)(O)=O)[C@H]1O[P](O)(O)=O,SMILES_CANONICAL/CACTVS,36.0,True,True,eligible,True,True
9CLJ,9CLJ:A:301,IHP_A_301,IHP,A,301,,36,6,InsP6,103.6109447479248,179.71563890245227,132.77708307902017,1.98,ELECTRON MICROSCOPY,2025-03-05T00:00:00Z,G:30OE,G:30OE,P18042,surface,0.866403409925659,8,1,False,0.17,True,False,,False,,O[P](O)(=O)O[C@@H]1[C@H](O[P](O)(O)=O)[C@H](O[P](O)(O)=O)[C@@H](O[P](O)(O)=O)[C@H](O[P](O)(O)=O)[C@H]1O[P](O)(O)=O,SMILES_CANONICAL/CACTVS,36.0,True,True,eligible,True,True
9CLJ,9CLJ:A:302,IHP_A_302,IHP,A,302,,36,6,InsP6,113.27808380126952,179.62980482313367,138.12938944498697,1.98,ELECTRON MICROSCOPY,2025-03-05T00:00:00Z,G:30OE,G:30OE,P18042,surface,0.8106934381223765,10,1,False,0.17,True,False,,False,,O[P](O)(=O)O[C@@H]1[C@H](O[P](O)(O)=O)[C@H](O[P](O)(O)=O)[C@@H](O[P](O)(O)=O)[C@H](O[P](O)(O)=O)[C@H]1O[P](O)(O)=O,SMILES_CANONICAL/CACTVS,36.0,True,True,eligible,False,False
9IK4,9IK4:A:801,IHP_A_801,IHP,A,801,,36,6,InsP6,103.99313926696776,130.7350836859809,87.15733316209581,3.34,ELECTRON MICROSCOPY,2025-01-22T00:00:00Z,G:5IJJ,G:5IJJ,Q93ZF5,surface,0.581521445012469,23,2,True,1.0,False,False,,False,,O[P](O)(=O)O[C@@H]1[C@H](O[P](O)(O)=O)[C@H](O[P](O)(O)=O)[C@@H](O[P](O)(O)=O)[C@H](O[P](O)(O)=O)[C@H]1O[P](O)(O)=O,SMILES_CANONICAL/CACTVS,36.0,True,True,eligible,True,True
9IK4,9IK4:B:1002,IHP_B_1002,IHP,B,1002,,36,6,InsP6,153.36113866170248,126.52308336893718,87.19508383009169,3.34,ELECTRON MICROSCOPY,2025-01-22T00:00:00Z,G:5IJJ,G:5IJJ,Q93ZF5,surface,0.5725346294689477,23,2,True,1.0,False,False,,False,,O[P](O)(=O)O[C@@H]1[C@H](O[P](O)(O)=O)[C@H](O[P](O)(O)=O)[C@@H](O[P](O)(O)=O)[C@H](O[P](O)(O)=O)[C@H]1O[P](O)(O)=O,SMILES_CANONICAL/CACTVS,36.0,True,True,eligible,False,False
9R7M,9R7M:C:101,IHP_C_101,IHP,C,101,,32,5,InsP5,214.41996908187863,213.6313753128052,172.22268676757812,2.9,ELECTRON MICROSCOPY,2026-05-27T00:00:00Z,G:9R7L,G:9R7L,Q01524,surface,0.2744626798104584,38,6,True,1.0,False,False,,False,,O[P](O)(=O)O[C@@H]1[C@H](O[P](O)(O)=O)[C@H](O[P](O)(O)=O)[C@@H](O[P](O)(O)=O)[C@H](O[P](O)(O)=O)[C@H]1O[P](O)(O)=O,SMILES_CANONICAL/CACTVS,36.0,False,,eligible,True,False
9R7M,9R7M:F:101,IHP_F_101,IHP,F,101,,32,5,InsP5,214.0765299797058,213.9054684638977,192.99749994277957,2.9,ELECTRON MICROSCOPY,2026-05-27T00:00:00Z,G:9R7L,G:9R7L,Q01524,semi_cryptic,0.2258003472851917,44,8,True,1.0,False,False,,False,,O[P](O)(=O)O[C@@H]1[C@H](O[P](O)(O)=O)[C@H](O[P](O)(O)=O)[C@@H](O[P](O)(O)=O)[C@H](O[P](O)(O)=O)[C@H]1O[P](O)(O)=O,SMILES_CANONICAL/CACTVS,36.0,False,,eligible,True,False
9R7M,9R7M:K:101,IHP_K_101,IHP,K,101,,32,5,InsP5,209.48946952819824,215.36137437820437,211.16228103637692,2.9,ELECTRON MICROSCOPY,2026-05-27T00:00:00Z,G:9R7L,G:9R7L,Q01524,semi_cryptic,0.2239278236192465,42,8,True,1.0,False,False,,False,,O[P](O)(=O)O[C@@H]1[C@H](O[P](O)(O)=O)[C@H](O[P](O)(O)=O)[C@@H](O[P](O)(O)=O)[C@H](O[P](O)(O)=O)[C@H]1O[P](O)(O)=O,SMILES_CANONICAL/CACTVS,36.0,False,,eligible,False,False
9R7M,9R7M:N:101,IHP_N_101,IHP,N,101,,32,5,InsP5,208.99103307724,214.75484418869016,231.99296855926517,2.9,ELECTRON MICROSCOPY,2026-05-27T00:00:00Z,G:9R7L,G:9R7L,Q01524,semi_cryptic,0.2174197464366038,43,8,True,1.0,False,False,,False,,O[P](O)(=O)O[C@@H]1[C@H](O[P](O)(O)=O)[C@H](O[P](O)(O)=O)[C@@H](O[P](O)(O)=O)[C@H](O[P](O)(O)=O)[C@H]1O[P](O)(O)=O,SMILES_CANONICAL/CACTVS,36.0,False,,eligible,False,False
9R7M,9R7M:Q:101,IHP_Q_101,IHP,Q,101,,32,5,InsP5,206.98109483718872,210.07265710830688,249.91018629074097,2.9,ELECTRON MICROSCOPY,2026-05-27T00:00:00Z,G:9R7L,G:9R7L,Q01524,surface,0.2947351062803336,42,6,True,1.0,False,False,,False,,O[P](O)(=O)O[C@@H]1[C@H](O[P](O)(O)=O)[C@H](O[P](O)(O)=O)[C@@H](O[P](O)(O)=O)[C@H](O[P](O)(O)=O)[C@H]1O[P](O)(O)=O,SMILES_CANONICAL/CACTVS,36.0,False,,eligible,False,False
9UMG,9UMG:D:801,IHP_D_801,IHP,D,801,,36,6,InsP6,136.62213685777454,120.37844467163086,84.1381384531657,3.04,ELECTRON MICROSCOPY,2026-01-21T00:00:00Z,G:5IJJ,G:5IJJ,P38966;P40046;P47075;Q02725,surface,0.5948651849291001,19,2,True,1.0,False,False,,False,,O[P](O)(=O)O[C@@H]1[C@H](O[P](O)(O)=O)[C@H](O[P](O)(O)=O)[C@@H](O[P](O)(O)=O)[C@H](O[P](O)(O)=O)[C@H]1O[P](O)(O)=O,SMILES_CANONICAL/CACTVS,36.0,True,False,excluded: configuration differs from the CCD,False,False
9UMG,9UMG:D:802,IHP_D_802,IHP,D,802,,36,6,InsP6,152.53891711764865,138.07791646321616,105.79736116197374,3.04,ELECTRON MICROSCOPY,2026-01-21T00:00:00Z,G:5IJJ,G:5IJJ,P38966;P40046;P47075;Q02725,semi_cryptic,0.228421568426573,36,1,False,1.0,False,False,,False,,O[P](O)(=O)O[C@@H]1[C@H](O[P](O)(O)=O)[C@H](O[P](O)(O)=O)[C@@H](O[P](O)(O)=O)[C@H](O[P](O)(O)=O)[C@H]1O[P](O)(O)=O,SMILES_CANONICAL/CACTVS,36.0,True,False,excluded: configuration differs from the CCD,False,False
9UMG,9UMG:E:901,IHP_E_901,IHP,E,901,,36,6,InsP6,159.1303604973687,145.46433300442166,138.5985281202528,3.04,ELECTRON MICROSCOPY,2026-01-21T00:00:00Z,G:5IJJ,G:5IJJ,P38966;P40046;P47075;Q02725,surface,0.4171628201960708,32,5,True,1.0,False,False,,False,,O[P](O)(=O)O[C@@H]1[C@H](O[P](O)(O)=O)[C@H](O[P](O)(O)=O)[C@@H](O[P](O)(O)=O)[C@H](O[P](O)(O)=O)[C@H]1O[P](O)(O)=O,SMILES_CANONICAL/CACTVS,36.0,True,False,excluded: configuration differs from the CCD,False,False
1GC6,1GC6:A:1229,I3P_A_1229,I3P,A,1229,,24,3,InsP3,81.98683261871338,73.11287466684978,93.28687572479248,2.9,X-RAY DIFFRACTION,2000-09-20T00:00:00Z,G:1GC6,G:1GC6,P26043,surface,0.5991791137208218,17,1,False,1.0,False,False,,False,False,O[C@@H]1[C@H](O)[C@@H](O[P](O)(O)=O)[C@H](O[P](O)(O)=O)[C@@H](O)[C@@H]1O[P](O)(O)=O,SMILES_CANONICAL/CACTVS,24.0,True,True,eligible,True,True
1W2C,1W2C:A:1463,I3P_A_1463,I3P,A,1463,,24,3,InsP3,11.496333380540213,28.72279167175293,85.26145839691162,1.95,X-RAY DIFFRACTION,2004-09-09T00:00:00Z,G:1W2C,G:1W2C,P23677,surface,0.3338175759123507,25,1,False,1.0,False,False,,False,False,O[C@@H]1[C@H](O)[C@@H](O[P](O)(O)=O)[C@H](O[P](O)(O)=O)[C@@H](O)[C@@H]1O[P](O)(O)=O,SMILES_CANONICAL/CACTVS,24.0,True,True,eligible,True,True
1W2C,1W2C:B:1463,I3P_B_1463,I3P,B,1463,,24,3,InsP3,19.404249986012776,49.39845832188925,62.746458530426025,1.95,X-RAY DIFFRACTION,2004-09-09T00:00:00Z,G:1W2C,G:1W2C,P23677,surface,0.3107870790932008,27,1,False,1.0,False,False,,False,False,O[C@@H]1[C@H](O)[C@@H](O[P](O)(O)=O)[C@H](O[P](O)(O)=O)[C@@H](O)[C@@H]1O[P](O)(O)=O,SMILES_CANONICAL/CACTVS,24.0,True,True,eligible,False,False
2R09,2R09:A:405,4IP_A_405,4IP,A,405,,28,4,InsP4,79.26978574480329,85.91457148960659,25.992964267730716,1.9,X-RAY DIFFRACTION,2007-12-04T00:00:00Z,G:1FAO,G:1B55,O08967,semi_cryptic,0.1869958838528071,59,1,False,1.0,False,False,,False,True,O[C@H]1[C@@H](O[P](O)(O)=O)[C@H](O)[C@@H](O[P](O)(O)=O)[C@H](O[P](O)(O)=O)[C@H]1O[P](O)(O)=O,SMILES_CANONICAL/CACTVS,28.0,True,True,eligible,True,True
2R09,2R09:B:400,4IP_B_400,4IP,B,400,,28,4,InsP4,20.643035548073904,76.88907132829938,-2.094607111931379,1.9,X-RAY DIFFRACTION,2007-12-04T00:00:00Z,G:1FAO,G:1B55,O08967,semi_cryptic,0.2092980642934821,56,1,False,1.0,False,False,,False,True,O[C@H]1[C@@H](O[P](O)(O)=O)[C@H](O)[C@@H](O[P](O)(O)=O)[C@H](O[P](O)(O)=O)[C@H]1O[P](O)(O)=O,SMILES_CANONICAL/CACTVS,28.0,True,True,eligible,False,False
3HO6,3HO6:A:270,IHP_A_270,IHP,A,270,,36,6,InsP6,75.32144461737738,10.48638884226481,26.97966681586372,1.6,X-RAY DIFFRACTION,2009-06-23T00:00:00Z,G:3HO6,G:3EEB,P16154,surface,0.3023202887605021,44,1,False,1.0,False,False,,False,False,O[P](O)(=O)O[C@@H]1[C@H](O[P](O)(O)=O)[C@H](O[P](O)(O)=O)[C@@H](O[P](O)(O)=O)[C@H](O[P](O)(O)=O)[C@H]1O[P](O)(O)=O,SMILES_CANONICAL/CACTVS,36.0,True,True,eligible,True,True
3HO6,3HO6:B:270,IHP_B_270,IHP,B,270,,36,6,InsP6,40.02236133151584,17.942638927035862,19.38158334626092,1.6,X-RAY DIFFRACTION,2009-06-23T00:00:00Z,G:3HO6,G:3EEB,P16154,surface,0.3036814574727202,42,2,True,1.0,False,False,,False,False,O[P](O)(=O)O[C@@H]1[C@H](O[P](O)(O)=O)[C@H](O[P](O)(O)=O)[C@@H](O[P](O)(O)=O)[C@H](O[P](O)(O)=O)[C@H]1O[P](O)(O)=O,SMILES_CANONICAL/CACTVS,36.0,True,True,eligible,False,False
4AQK,4AQK:A:500,IHP_A_500,IHP,A,500,,36,6,InsP6,-19.465583271450463,-12.12380560239156,-10.074222260051304,2.4,X-RAY DIFFRACTION,2012-05-02T00:00:00Z,G:2XAL,G:2XAL,Q93YN9,semi_cryptic,0.2088926433946046,49,1,False,1.0,False,True,MG,False,False,O[P](O)(=O)O[C@@H]1[C@H](O[P](O)(O)=O)[C@H](O[P](O)(O)=O)[C@@H](O[P](O)(O)=O)[C@H](O[P](O)(O)=O)[C@H]1O[P](O)(O)=O,SMILES_CANONICAL/CACTVS,36.0,True,True,eligible,True,True
4Z33,4Z33:A:304,IP2_A_304,IP2,A,304,,20,2,InsP2,20.20719985961914,-51.7181001663208,-2.7951999738812447,2.45,X-RAY DIFFRACTION,2016-06-29T00:00:00Z,G:4Z33,G:1B55,O00560;O75084,surface,0.4630503383537764,30,2,True,0.5999999999999999,True,False,,False,True,O[C@@H]1[C@H](O)[C@H](O)[C@@H](O[P](O)(O)=O)[C@H](O[P](O)(O)=O)[C@H]1O,SMILES_CANONICAL/CACTVS,20.0,True,True,eligible,True,True
5MOE,5MOE:A:404,IHP_A_404,IHP,A,404,,36,6,InsP6,8.87975001335144,136.47449917263455,333.4320551554362,1.89,X-RAY DIFFRACTION,2017-05-24T00:00:00Z,G:3W8L,G:1B55,P68400,surface,0.7334395739657738,13,1,False,0.5,True,False,,False,True,O[P](O)(=O)O[C@@H]1[C@H](O[P](O)(O)=O)[C@H](O[P](O)(O)=O)[C@@H](O[P](O)(O)=O)[C@H](O[P](O)(O)=O)[C@H]1O[P](O)(O)=O,SMILES_CANONICAL/CACTVS,36.0,True,True,eligible,True,True
5MOE,5MOE:B:404,IHP_B_404,IHP,B,404,,36,6,InsP6,0.2844444717694487,161.0975545247396,416.328862508138,1.89,X-RAY DIFFRACTION,2017-05-24T00:00:00Z,G:3W8L,G:1B55,P68400,surface,0.7124671740093077,10,1,False,0.5,True,False,,False,True,O[P](O)(=O)O[C@@H]1[C@H](O[P](O)(O)=O)[C@H](O[P](O)(O)=O)[C@@H](O[P](O)(O)=O)[C@H](O[P](O)(O)=O)[C@H]1O[P](O)(O)=O,SMILES_CANONICAL/CACTVS,36.0,True,True,eligible,False,False
6BE0,6BE0:A:301,IHP_A_301,IHP,A,301,,36,6,InsP6,-27.51505570941501,17.927916765213013,-23.342472341325543,2.44,X-RAY DIFFRACTION,2018-08-01T00:00:00Z,G:6BE0,G:5KLP,E8XKZ3,surface,0.2854916285699679,48,1,False,1.0,False,False,,False,False,O[P](O)(=O)O[C@@H]1[C@H](O[P](O)(O)=O)[C@H](O[P](O)(O)=O)[C@@H](O[P](O)(O)=O)[C@H](O[P](O)(O)=O)[C@H]1O[P](O)(O)=O,SMILES_CANONICAL/CACTVS,36.0,True,False,excluded: configuration differs from the CCD,False,False
6LCY,6LCY:A:501,IHP_A_501,IHP,A,501,,36,6,InsP6,55.54552788204617,-21.078361140357124,20.75375000635783,2.3,X-RAY DIFFRACTION,2021-03-03T00:00:00Z,G:4NP9,G:1B55,Q9R0N7,surface,0.6387481695845749,22,1,False,1.0,False,False,,False,True,O[P](O)(=O)O[C@@H]1[C@H](O[P](O)(O)=O)[C@H](O[P](O)(O)=O)[C@@H](O[P](O)(O)=O)[C@H](O[P](O)(O)=O)[C@H]1O[P](O)(O)=O,SMILES_CANONICAL/CACTVS,36.0,True,True,eligible,True,True
6LCY,6LCY:A:502,IHP_A_502,IHP,A,502,,36,6,InsP6,46.64863893720839,6.513305551475948,5.221083361241552,2.3,X-RAY DIFFRACTION,2021-03-03T00:00:00Z,G:4NP9,G:1B55,Q9R0N7,surface,0.8374971444618565,11,1,False,1.0,False,False,,False,True,O[P](O)(=O)O[C@@H]1[C@H](O[P](O)(O)=O)[C@H](O[P](O)(O)=O)[C@@H](O[P](O)(O)=O)[C@H](O[P](O)(O)=O)[C@H]1O[P](O)(O)=O,SMILES_CANONICAL/CACTVS,36.0,True,True,eligible,False,False
6ZYM,6ZYM:A:3001,IHP_A_3001,IHP,A,3001,,36,6,InsP6,199.22275034586588,245.20736185709637,266.86999935574,3.4,ELECTRON MICROSCOPY,2020-10-14T00:00:00Z,G:3PEU,G:1B55,O43660;O60508;P41223;Q13573;Q14331;Q15029;Q6P2Q9;Q86X95;Q92620;Q96DI7;Q99459;Q9BW85;Q9BZJ0;Q9HCG8;Q9NW64;Q9NW82;Q9NXE8;Q9P013;Q9ULR0;Q9UQ35;Q9Y3C6,semi_cryptic,0.1849264919411996,49,2,True,1.0,False,False,,False,,O[P](O)(=O)O[C@@H]1[C@H](O[P](O)(O)=O)[C@H](O[P](O)(O)=O)[C@@H](O[P](O)(O)=O)[C@H](O[P](O)(O)=O)[C@H]1O[P](O)(O)=O,SMILES_CANONICAL/CACTVS,36.0,True,False,excluded: configuration differs from the CCD,False,False
7L1K,7L1K:A:301,IHP_A_301,IHP,A,301,,36,6,InsP6,-9.167027804586622,-10.14886114332411,-2.631916635152366,3.16,ELECTRON MICROSCOPY,2021-05-12T00:00:00Z,G:3PEU,G:1B55,O43080;O74311;Q9USY3,surface,0.4410533979966093,34,2,True,1.0,False,False,,False,,O[P](O)(=O)O[C@@H]1[C@H](O[P](O)(O)=O)[C@H](O[P](O)(O)=O)[C@@H](O[P](O)(O)=O)[C@H](O[P](O)(O)=O)[C@H]1O[P](O)(O)=O,SMILES_CANONICAL/CACTVS,36.0,True,False,excluded: configuration differs from the CCD,False,False
7SU3,7SU3:B:701,IHP_B_701,IHP,B,701,,36,6,InsP6,257.1251932779948,172.3863885667589,135.1048617892795,3.3,ELECTRON MICROSCOPY,2022-01-12T00:00:00Z,G:7SGL,G:1B55,P12956;P13010;P78527,surface,0.5125144303472176,22,2,True,1.0,False,False,,False,,O[P](O)(=O)O[C@@H]1[C@H](O[P](O)(O)=O)[C@H](O[P](O)(O)=O)[C@@H](O[P](O)(O)=O)[C@H](O[P](O)(O)=O)[C@H]1O[P](O)(O)=O,SMILES_CANONICAL/CACTVS,36.0,True,False,excluded: configuration differs from the CCD,False,False
8E4X,8E4X:A:801,IHP_A_801,IHP,A,801,,36,6,InsP6,-41.9499167336358,10.440250039100649,37.23413912455241,2.8,X-RAY DIFFRACTION,2022-10-26T00:00:00Z,G:1ZY7,G:1ZY7,P78563,cryptic,0.1014309461777392,67,1,False,1.0,False,False,,False,False,O[P](O)(=O)O[C@@H]1[C@H](O[P](O)(O)=O)[C@H](O[P](O)(O)=O)[C@@H](O[P](O)(O)=O)[C@H](O[P](O)(O)=O)[C@H]1O[P](O)(O)=O,SMILES_CANONICAL/CACTVS,36.0,True,True,eligible,True,True
8E4X,8E4X:B:801,IHP_B_801,IHP,B,801,,36,6,InsP6,-76.83772171868219,9.63322216934628,54.67125002543131,2.8,X-RAY DIFFRACTION,2022-10-26T00:00:00Z,G:1ZY7,G:1ZY7,P78563,cryptic,0.1034630084898468,67,1,False,1.0,False,False,,False,False,O[P](O)(=O)O[C@@H]1[C@H](O[P](O)(O)=O)[C@H](O[P](O)(O)=O)[C@@H](O[P](O)(O)=O)[C@H](O[P](O)(O)=O)[C@H]1O[P](O)(O)=O,SMILES_CANONICAL/CACTVS,36.0,True,True,eligible,False,False
8T96,8T96:A:404,K7V_A_404,K7V,A,404,,32,5,InsP5,-16.241875022649765,-25.112500071525574,-1.1955937379971149,2.36,X-RAY DIFFRACTION,2023-11-15T00:00:00Z,G:8T8Y,G:1W2C,A0A3G4ZNY6,semi_cryptic,0.2113016357025259,47,1,False,1.0,False,True,MG,False,True,O[C@@H]1[C@H](O[P](O)(O)=O)[C@@H](O[P](O)(O)=O)[C@@H](O[P](O)(O)=O)[C@@H](O[P](O)(O)=O)[C@@H]1O[P](O)(O)=O,SMILES_CANONICAL/CACTVS,32.0,True,False,excluded: configuration differs from the CCD,False,False
9CNS,9CNS:A:301,IHP_A_301,IHP,A,301,,36,6,InsP6,225.226804945204,225.22875128852,189.54586113823785,3.25,ELECTRON MICROSCOPY,2025-03-05T00:00:00Z,G:30OE,G:30OE,P18042,crystal_artifact,0.926283086619214,2,1,False,0.17,True,False,,False,,,,,,,excluded: crystal artefact,False,False
9CNS,9CNS:A:302,IHP_A_302,IHP,A,302,,36,6,InsP6,224.96038903130423,225.8713887532552,201.05833350287543,3.25,ELECTRON MICROSCOPY,2025-03-05T00:00:00Z,G:30OE,G:30OE,P18042,crystal_artifact,0.91375118883853,5,1,False,0.17,True,False,,False,,,,,,,excluded: crystal artefact,False,False
9IOL,9IOL:B:801,IHP_B_801,IHP,B,801,,36,6,InsP6,101.02866702609592,121.77319378323024,98.25272199842664,3.46,ELECTRON MICROSCOPY,2025-07-09T00:00:00Z,G:7SGL,G:1B55,P12956;P13010;Q9H9Q4,surface,0.3934490271818804,34,3,True,1.0,False,False,,False,,O[P](O)(=O)O[C@@H]1[C@H](O[P](O)(O)=O)[C@H](O[P](O)(O)=O)[C@@H](O[P](O)(O)=O)[C@H](O[P](O)(O)=O)[C@H]1O[P](O)(O)=O,SMILES_CANONICAL/CACTVS,36.0,True,True,eligible,True,True
9RSQ,9RSQ:A:2501,IHP_A_2501,IHP,A,2501,,36,6,InsP6,224.64541668362088,266.8697747124566,258.70488993326825,3.07,ELECTRON MICROSCOPY,2026-05-06T00:00:00Z,G:6ZWM,G:1B55,P32600;P40061;P41318;P47041;Q04749;Q08236,surface,0.4409706473806172,39,1,False,1.0,False,False,,False,,O[P](O)(=O)O[C@@H]1[C@H](O[P](O)(O)=O)[C@H](O[P](O)(O)=O)[C@@H](O[P](O)(O)=O)[C@H](O[P](O)(O)=O)[C@H]1O[P](O)(O)=O,SMILES_CANONICAL/CACTVS,36.0,True,True,eligible,True,True
9VA7,9VA7:A:501,IHP_A_501,IHP,A,501,,36,6,InsP6,-39.31166638268365,-26.29341681798299,-75.96230549282498,2.23,X-RAY DIFFRACTION,2026-01-21T00:00:00Z,G:9VA7,G:5KLP,A0AAN5PJ36,semi_cryptic,0.1401481788043576,60,1,False,1.0,False,False,,False,False,O[P](O)(=O)O[C@@H]1[C@H](O[P](O)(O)=O)[C@H](O[P](O)(O)=O)[C@@H](O[P](O)(O)=O)[C@H](O[P](O)(O)=O)[C@H]1O[P](O)(O)=O,SMILES_CANONICAL/CACTVS,36.0,True,True,eligible,True,True
9VA7,9VA7:B:501,IHP_B_501,IHP,B,501,,36,6,InsP6,15.096777730517918,-1.8941944632679224,-70.37038824293349,2.23,X-RAY DIFFRACTION,2026-01-21T00:00:00Z,G:9VA7,G:5KLP,A0AAN5PJ36,semi_cryptic,0.123182136019964,62,1,False,1.0,False,False,,False,False,O[P](O)(=O)O[C@@H]1[C@H](O[P](O)(O)=O)[C@H](O[P](O)(O)=O)[C@@H](O[P](O)(O)=O)[C@H](O[P](O)(O)=O)[C@H]1O[P](O)(O)=O,SMILES_CANONICAL/CACTVS,36.0,True,False,excluded: configuration differs from the CCD,False,False
9VA7,9VA7:C:501,IHP_C_501,IHP,C,501,,36,6,InsP6,-15.369222349590723,1.2858611041059096,8.373999979760912,2.23,X-RAY DIFFRACTION,2026-01-21T00:00:00Z,G:9VA7,G:5KLP,A0AAN5PJ36,semi_cryptic,0.1316358087365767,62,1,False,1.0,False,False,,False,False,O[P](O)(=O)O[C@@H]1[C@H](O[P](O)(O)=O)[C@H](O[P](O)(O)=O)[C@@H](O[P](O)(O)=O)[C@H](O[P](O)(O)=O)[C@H]1O[P](O)(O)=O,SMILES_CANONICAL/CACTVS,36.0,True,False,excluded: configuration differs from the CCD,False,False
9VA7,9VA7:D:501,IHP_D_501,IHP,D,501,,36,6,InsP6,23.731138706207275,39.85102759467231,-38.82222239176432,2.23,X-RAY DIFFRACTION,2026-01-21T00:00:00Z,G:9VA7,G:5KLP,A0AAN5PJ36,semi_cryptic,0.14343309283642,62,1,False,1.0,False,False,,False,False,O[P](O)(=O)O[C@@H]1[C@H](O[P](O)(O)=O)[C@H](O[P](O)(O)=O)[C@@H](O[P](O)(O)=O)[C@H](O[P](O)(O)=O)[C@H]1O[P](O)(O)=O,SMILES_CANONICAL/CACTVS,36.0,True,False,excluded: configuration differs from the CCD,False,False
9VA7,9VA7:E:501,IHP_E_501,IHP,E,501,,36,6,InsP6,7.377861075931126,-18.791138860914444,-40.94397226969401,2.23,X-RAY DIFFRACTION,2026-01-21T00:00:00Z,G:9VA7,G:5KLP,A0AAN5PJ36,semi_cryptic,0.1266521042643077,60,1,False,1.0,False,False,,False,False,O[P](O)(=O)O[C@@H]1[C@H](O[P](O)(O)=O)[C@H](O[P](O)(O)=O)[C@@H](O[P](O)(O)=O)[C@H](O[P](O)(O)=O)[C@H]1O[P](O)(O)=O,SMILES_CANONICAL/CACTVS,36.0,True,False,excluded: configuration differs from the CCD,False,False
9VA7,9VA7:F:501,IHP_F_501,IHP,F,501,,36,6,InsP6,-15.888111088011,-48.87691677941216,-87.5446114010281,2.23,X-RAY DIFFRACTION,2026-01-21T00:00:00Z,G:9VA7,G:5KLP,A0AAN5PJ36,semi_cryptic,0.1433795123990764,60,1,False,1.0,False,False,,False,False,O[P](O)(=O)O[C@@H]1[C@H](O[P](O)(O)=O)[C@H](O[P](O)(O)=O)[C@@H](O[P](O)(O)=O)[C@H](O[P](O)(O)=O)[C@H]1O[P](O)(O)=O,SMILES_CANONICAL/CACTVS,36.0,True,False,excluded: configuration differs from the CCD,False,False
9VA7,9VA7:G:501,IHP_G_501,IHP,G,501,,36,6,InsP6,-44.80455578698052,-47.07469442155626,-5.383944424490134,2.23,X-RAY DIFFRACTION,2026-01-21T00:00:00Z,G:9VA7,G:5KLP,A0AAN5PJ36,semi_cryptic,0.1353392729495909,61,1,False,1.0,False,False,,False,False,O[P](O)(=O)O[C@@H]1[C@H](O[P](O)(O)=O)[C@H](O[P](O)(O)=O)[C@@H](O[P](O)(O)=O)[C@H](O[P](O)(O)=O)[C@H]1O[P](O)(O)=O,SMILES_CANONICAL/CACTVS,36.0,True,True,eligible,False,False
9VA7,9VA7:H:501,IHP_H_501,IHP,H,501,,36,6,InsP6,-68.79805564880371,-24.03080564075046,5.0033333442277375,2.23,X-RAY DIFFRACTION,2026-01-21T00:00:00Z,G:9VA7,G:5KLP,A0AAN5PJ36,semi_cryptic,0.1241735753990472,61,1,False,1.0,False,False,,False,False,O[P](O)(=O)O[C@@H]1[C@H](O[P](O)(O)=O)[C@H](O[P](O)(O)=O)[C@@H](O[P](O)(O)=O)[C@H](O[P](O)(O)=O)[C@H]1O[P](O)(O)=O,SMILES_CANONICAL/CACTVS,36.0,True,True,eligible,False,False
1H0A,1H0A:A:1164,I3P_A_1164,I3P,A,1164,,24,3,InsP3,23.29937505722046,33.99116659164429,4.232625002662341,1.7,X-RAY DIFFRACTION,2002-10-03T00:00:00Z,G:1H0A,G:1H0A,O88339,surface,0.3560189693007196,36,1,False,1.0,False,False,,False,True,O[C@@H]1[C@H](O)[C@@H](O[P](O)(O)=O)[C@H](O[P](O)(O)=O)[C@@H](O)[C@@H]1O[P](O)(O)=O,SMILES_CANONICAL/CACTVS,24.0,True,True,eligible,True,True
1W2D,1W2D:A:1463,4IP_A_1463,4IP,A,1463,,28,4,InsP4,11.906000035149711,28.71303571973528,84.90960666111538,1.94,X-RAY DIFFRACTION,2004-09-09T00:00:00Z,G:1W2C,G:1W2C,P23677,surface,0.3626570847937182,27,1,False,1.0,False,True,MN,False,False,O[C@H]1[C@@H](O[P](O)(O)=O)[C@H](O)[C@@H](O[P](O)(O)=O)[C@H](O[P](O)(O)=O)[C@H]1O[P](O)(O)=O,SMILES_CANONICAL/CACTVS,28.0,True,True,eligible,True,True
1W2D,1W2D:B:1463,4IP_B_1463,4IP,B,1463,,28,4,InsP4,18.922250236783707,48.79571424211775,62.49057143075125,1.94,X-RAY DIFFRACTION,2004-09-09T00:00:00Z,G:1W2C,G:1W2C,P23677,surface,0.320219809930489,34,1,False,0.6999999999999998,True,False,,False,False,O[C@H]1[C@@H](O[P](O)(O)=O)[C@H](O)[C@@H](O[P](O)(O)=O)[C@H](O[P](O)(O)=O)[C@H]1O[P](O)(O)=O,SMILES_CANONICAL/CACTVS,28.0,True,True,eligible,False,False
2R0D,2R0D:A:402,4IP_A_402,4IP,A,402,,28,4,InsP4,-4.259535759687424,8.652607134410314,-25.944964272635325,2.04,X-RAY DIFFRACTION,2007-12-04T00:00:00Z,G:1FAO,G:1B55,O08967,semi_cryptic,0.192021285600126,58,1,False,1.0,False,False,,False,True,O[C@H]1[C@@H](O[P](O)(O)=O)[C@H](O)[C@@H](O[P](O)(O)=O)[C@H](O[P](O)(O)=O)[C@H]1O[P](O)(O)=O,SMILES_CANONICAL/CACTVS,28.0,True,True,eligible,True,True
2R0D,2R0D:B:400,4IP_B_400,4IP,B,400,,28,4,InsP4,-62.22910690307617,17.714249883379257,2.077642853371799,2.04,X-RAY DIFFRACTION,2007-12-04T00:00:00Z,G:1FAO,G:1B55,O08967,semi_cryptic,0.2157335559940884,57,1,False,1.0,False,False,,False,True,O[C@H]1[C@@H](O[P](O)(O)=O)[C@H](O)[C@@H](O[P](O)(O)=O)[C@H](O[P](O)(O)=O)[C@H]1O[P](O)(O)=O,SMILES_CANONICAL/CACTVS,28.0,True,True,eligible,False,False
3HXN,3HXN:D:149,IHP_D_149,IHP,D,149,,36,6,InsP6,15.45488879415724,-19.591166655222576,19.802361064487037,2.0,X-RAY DIFFRACTION,2010-06-30T00:00:00Z,G:1NIH,G:1NIH,P68871;P69905,surface,0.5779491444780215,20,2,True,1.0,False,False,,False,True,O[P](O)(=O)O[C@@H]1[C@H](O[P](O)(O)=O)[C@H](O[P](O)(O)=O)[C@@H](O[P](O)(O)=O)[C@H](O[P](O)(O)=O)[C@H]1O[P](O)(O)=O,SMILES_CANONICAL/CACTVS,36.0,True,True,eligible,True,True
4AXF,4AXF:A:900,4MY_A_900,4MY,A,900,,28,4,InsP4,-19.088107109069824,-12.073607121195112,-9.23585718018668,2.93,X-RAY DIFFRACTION,2012-07-04T00:00:00Z,G:2XAL,G:2XAL,Q93YN9,semi_cryptic,0.2105948972034951,43,1,False,1.0,False,False,,False,False,O[C@@H]1[C@H](O)[C@H](O[P](O)(O)=O)[C@@H](O[P](O)(O)=O)[C@H](O[P](O)(O)=O)[C@H]1O[P](O)(O)=O,SMILES_CANONICAL/CACTVS,28.0,True,True,eligible,True,True
5CVH,5CVH:A:402,IHP_A_402,IHP,A,402,,36,6,InsP6,8.808194491598341,137.1147499084473,332.60589175754126,1.85,X-RAY DIFFRACTION,2016-07-27T00:00:00Z,G:3W8L,G:1B55,P68400,surface,0.7806171230689638,10,1,False,0.5,True,False,,False,True,O[P](O)(=O)O[C@@H]1[C@H](O[P](O)(O)=O)[C@H](O[P](O)(O)=O)[C@@H](O[P](O)(O)=O)[C@H](O[P](O)(O)=O)[C@H]1O[P](O)(O)=O,SMILES_CANONICAL/CACTVS,36.0,True,True,eligible,True,True
5CVH,5CVH:B:402,IHP_B_402,IHP,B,402,,36,6,InsP6,-0.5153333423400505,162.28986146714954,416.5369991726345,1.85,X-RAY DIFFRACTION,2016-07-27T00:00:00Z,G:3W8L,G:1B55,P68400,surface,0.7585856726404218,12,1,False,0.5,True,False,,False,True,O[P](O)(=O)O[C@@H]1[C@H](O[P](O)(O)=O)[C@H](O[P](O)(O)=O)[C@@H](O[P](O)(O)=O)[C@H](O[P](O)(O)=O)[C@H]1O[P](O)(O)=O,SMILES_CANONICAL/CACTVS,36.0,True,True,eligible,False,False
5MPJ,5MPJ:A:402,IHP_A_402,IHP,A,402,,36,6,InsP6,9.769361111852858,137.7210833231608,334.29849921332465,2.14,X-RAY DIFFRACTION,2017-05-24T00:00:00Z,G:3W8L,G:1B55,P68400,surface,0.6958159274499551,17,1,False,0.5,True,False,,False,True,O[P](O)(=O)O[C@@H]1[C@H](O[P](O)(O)=O)[C@H](O[P](O)(O)=O)[C@@H](O[P](O)(O)=O)[C@H](O[P](O)(O)=O)[C@H]1O[P](O)(O)=O,SMILES_CANONICAL/CACTVS,36.0,True,True,eligible,True,True
6BHR,6BHR:G:401,IHP_G_401,IHP,G,401,,36,6,InsP6,0.532916655143102,-0.0096666703207625,10.10916675461663,2.91,X-RAY DIFFRACTION,2018-08-08T00:00:00Z,G:30OE,G:30OE,P03347,crystal_artifact,0.8904776511465723,5,1,False,0.16,True,False,,False,True,,,,,,excluded: crystal artefact,False,False
6LFJ,6LFJ:A:304,IPD_A_304,IPD,A,304,,16,1,InsP1,-15.50656247138977,4.889062508940697,8.276687532663345,1.84,X-RAY DIFFRACTION,2020-03-25T00:00:00Z,G:6LFJ,G:2ORK,Q9D8Q7,crystal_artifact,0.657756676214586,0,0,False,1.0,False,False,,False,False,,,,,,excluded: crystal artefact,False,False
6LFJ,6LFJ:B:302,IPD_B_302,IPD,B,302,,16,1,InsP1,-26.046375036239624,35.95775032043457,-18.65506243705749,1.84,X-RAY DIFFRACTION,2020-03-25T00:00:00Z,G:6LFJ,G:2ORK,Q9D8Q7,crystal_artifact,0.8193914585700555,0,0,False,1.0,False,False,,False,False,,,,,,excluded: crystal artefact,False,False
7AUI,7AUI:A:201,IHP_A_201,IHP,A,201,,36,6,InsP6,7.605972230434418,-17.486250135633682,2.378000002457864,1.98,X-RAY DIFFRACTION,2021-05-19T00:00:00Z,G:2FVV,G:2FVV,Q99321,surface,0.3812203607110178,42,1,False,1.0,False,False,,False,False,O[P](O)(=O)O[C@@H]1[C@H](O[P](O)(O)=O)[C@H](O[P](O)(O)=O)[C@@H](O[P](O)(O)=O)[C@H](O[P](O)(O)=O)[C@H]1O[P](O)(O)=O,SMILES_CANONICAL/CACTVS,36.0,True,True,eligible,True,True
7MOF,7MOF:A:501,ZKS_A_501,ZKS,A,501,,40,7,InsP7,83.37547512054444,92.80387477874756,86.37700042724609,1.95,X-RAY DIFFRACTION,2022-03-02T00:00:00Z,G:7MOF,G:3MMJ,Q9ZVN4,surface,0.3355178857410801,61,1,False,1.0,False,False,,False,True,O[P](O)(=O)O[C@H]1[C@@H](O[P](O)(O)=O)[C@@H](O[P](O)(O)=O)[C@H](O[P](O)(=O)O[P](O)(O)=O)[C@@H](O[P](O)(O)=O)[C@@H]1O[P](O)(O)=O,SMILES_CANONICAL/CACTVS,40.0,True,True,eligible,True,True
7MOF,7MOF:A:502,IHP_A_502,IHP,A,502,,36,6,InsP6,72.57438892788358,102.6439437866211,100.70241652594672,1.95,X-RAY DIFFRACTION,2022-03-02T00:00:00Z,G:7MOF,G:3MMJ,Q9ZVN4,surface,0.6611349574646092,26,1,False,1.0,False,False,,False,True,O[P](O)(=O)O[C@@H]1[C@H](O[P](O)(O)=O)[C@H](O[P](O)(O)=O)[C@@H](O[P](O)(O)=O)[C@H](O[P](O)(O)=O)[C@H]1O[P](O)(O)=O,SMILES_CANONICAL/CACTVS,36.0,True,True,eligible,False,False
7MOF,7MOF:B:501,ZKS_B_501,ZKS,B,501,,40,7,InsP7,65.55307493209838,73.55147495269776,65.21967496871949,1.95,X-RAY DIFFRACTION,2022-03-02T00:00:00Z,G:7MOF,G:3MMJ,Q9ZVN4,surface,0.3440645096449437,62,1,False,1.0,False,False,,False,True,O[P](O)(=O)O[C@H]1[C@@H](O[P](O)(O)=O)[C@@H](O[P](O)(O)=O)[C@H](O[P](O)(=O)O[P](O)(O)=O)[C@@H](O[P](O)(O)=O)[C@@H]1O[P](O)(O)=O,SMILES_CANONICAL/CACTVS,40.0,True,True,eligible,False,False
7T3P,7T3P:A:2702,I3P_A_2702,I3P,A,2702,,24,3,InsP3,139.61204210917154,183.80570793151853,157.06249872843424,3.2,ELECTRON MICROSCOPY,2022-03-23T00:00:00Z,G:1N4K,G:1B55,Q14573,surface,0.2733021854163609,40,1,False,1.0,False,False,,False,,O[C@@H]1[C@H](O)[C@@H](O[P](O)(O)=O)[C@H](O[P](O)(O)=O)[C@@H](O)[C@@H]1O[P](O)(O)=O,SMILES_CANONICAL/CACTVS,24.0,True,True,eligible,True,True
7T3P,7T3P:B:2702,I3P_B_2702,I3P,B,2702,,24,3,InsP3,213.429292678833,139.3737506866455,157.1935831705729,3.2,ELECTRON MICROSCOPY,2022-03-23T00:00:00Z,G:1N4K,G:1B55,Q14573,surface,0.2731535796097023,40,1,False,1.0,False,False,,False,,O[C@@H]1[C@H](O)[C@@H](O[P](O)(O)=O)[C@H](O[P](O)(O)=O)[C@@H](O)[C@@H]1O[P](O)(O)=O,SMILES_CANONICAL/CACTVS,24.0,True,True,eligible,False,False
7T3P,7T3P:C:2702,I3P_C_2702,I3P,C,2702,,24,3,InsP3,257.827917098999,213.626916885376,157.06533432006836,3.2,ELECTRON MICROSCOPY,2022-03-23T00:00:00Z,G:1N4K,G:1B55,Q14573,surface,0.2721013824055199,40,1,False,1.0,False,False,,False,,O[C@@H]1[C@H](O)[C@@H](O[P](O)(O)=O)[C@H](O[P](O)(O)=O)[C@@H](O)[C@@H]1O[P](O)(O)=O,SMILES_CANONICAL/CACTVS,24.0,True,True,eligible,False,False
7T3P,7T3P:D:2702,I3P_D_2702,I3P,D,2702,,24,3,InsP3,183.8092098236084,257.8310413360596,157.06354204813638,3.2,ELECTRON MICROSCOPY,2022-03-23T00:00:00Z,G:1N4K,G:1B55,Q14573,surface,0.2727865550326346,40,1,False,1.0,False,False,,False,,O[C@@H]1[C@H](O)[C@@H](O[P](O)(O)=O)[C@H](O[P](O)(O)=O)[C@@H](O)[C@@H]1O[P](O)(O)=O,SMILES_CANONICAL/CACTVS,24.0,True,True,eligible,False,False
8EAR,8EAR:A:2803,I3P_A_2803,I3P,A,2803,,24,3,InsP3,162.16374969482422,238.6087907155355,133.77299880981445,3.5,ELECTRON MICROSCOPY,2022-11-23T00:00:00Z,G:1N4K,G:1B55,P29994,surface,0.4150747685737397,27,1,False,1.0,False,False,,False,,O[C@@H]1[C@H](O)[C@@H](O[P](O)(O)=O)[C@H](O[P](O)(O)=O)[C@@H](O)[C@@H]1O[P](O)(O)=O,SMILES_CANONICAL/CACTVS,24.0,True,True,eligible,True,True
8EAR,8EAR:B:2804,I3P_B_2804,I3P,B,2804,,24,3,InsP3,120.91366704305013,162.16300201416016,133.7714163462321,3.5,ELECTRON MICROSCOPY,2022-11-23T00:00:00Z,G:1N4K,G:1B55,P29994,surface,0.4150121529772824,27,1,False,1.0,False,False,,False,,O[C@@H]1[C@H](O)[C@@H](O[P](O)(O)=O)[C@H](O[P](O)(O)=O)[C@@H](O)[C@@H]1O[P](O)(O)=O,SMILES_CANONICAL/CACTVS,24.0,True,True,eligible,False,False
8EAR,8EAR:C:2808,I3P_C_2808,I3P,C,2808,,24,3,InsP3,197.3564167022705,120.91604169209798,133.7727082570394,3.5,ELECTRON MICROSCOPY,2022-11-23T00:00:00Z,G:1N4K,G:1B55,P29994,surface,0.4176849695467346,27,1,False,1.0,False,False,,False,,O[C@@H]1[C@H](O)[C@@H](O[P](O)(O)=O)[C@H](O[P](O)(O)=O)[C@@H](O)[C@@H]1O[P](O)(O)=O,SMILES_CANONICAL/CACTVS,24.0,True,True,eligible,False,False
8EAR,8EAR:D:2804,I3P_D_2804,I3P,D,2804,,24,3,InsP3,238.6037508646647,197.3561248779297,133.7723331451416,3.5,ELECTRON MICROSCOPY,2022-11-23T00:00:00Z,G:1N4K,G:1B55,P29994,surface,0.4167753781438699,27,1,False,1.0,False,False,,False,,O[C@@H]1[C@H](O)[C@@H](O[P](O)(O)=O)[C@H](O[P](O)(O)=O)[C@@H](O)[C@@H]1O[P](O)(O)=O,SMILES_CANONICAL/CACTVS,24.0,True,True,eligible,False,False
8T97,8T97:A:403,KGN_A_403,KGN,A,403,,36,6,InsP6,-16.419527689615887,-25.11133321126302,-0.5573888774961233,2.46,X-RAY DIFFRACTION,2023-11-15T00:00:00Z,G:8T8Y,G:1W2C,A0A3G4ZNY6,semi_cryptic,0.2100777919635948,56,1,False,1.0,False,False,,False,True,O[P](O)(=O)O[C@H]1[C@@H](O[P](O)(O)=O)[C@H](O[P](O)(O)=O)[C@H](O[P](O)(O)=O)[C@@H](O[P](O)(O)=O)[C@@H]1O[P](O)(O)=O,SMILES_CANONICAL/CACTVS,36.0,True,False,excluded: configuration differs from the CCD,False,False
9CNT,9CNT:A:301,IHP_A_301,IHP,A,301,,36,6,InsP6,225.8380830552843,226.42111036512583,141.48366673787436,2.97,ELECTRON MICROSCOPY,2025-03-05T00:00:00Z,G:30OE,G:30OE,P18042,crystal_artifact,0.8812704569383515,5,1,False,0.17,True,False,,False,,,,,,,excluded: crystal artefact,False,False
9CNT,9CNT:A:302,IHP_A_302,IHP,A,302,,36,6,InsP6,225.87027825249567,225.97636116875543,152.05438868204752,2.97,ELECTRON MICROSCOPY,2025-03-05T00:00:00Z,G:30OE,G:30OE,P18042,crystal_artifact,0.8152354467441765,6,1,False,0.17,True,False,,False,,,,,,,excluded: crystal artefact,False,False
9ITG,9ITG:A:802,IHP_A_802,IHP,A,802,,36,6,InsP6,164.3438343471951,144.4401397705078,114.2749998304579,3.03,ELECTRON MICROSCOPY,2025-04-02T00:00:00Z,G:5IJJ,G:5IJJ,Q9UBH6,surface,0.3368428841966912,34,2,True,1.0,False,False,,False,,O[P](O)(=O)O[C@@H]1[C@H](O[P](O)(O)=O)[C@H](O[P](O)(O)=O)[C@@H](O[P](O)(O)=O)[C@H](O[P](O)(O)=O)[C@H]1O[P](O)(O)=O,SMILES_CANONICAL/CACTVS,36.0,True,True,eligible,True,True
9ITG,9ITG:B:802,IHP_B_802,IHP,B,802,,36,6,InsP6,131.62383270263672,151.5662498474121,114.29472223917644,3.03,ELECTRON MICROSCOPY,2025-04-02T00:00:00Z,G:5IJJ,G:5IJJ,Q9UBH6,surface,0.3215449106995802,37,2,True,1.0,False,False,,False,,O[P](O)(=O)O[C@@H]1[C@H](O[P](O)(O)=O)[C@H](O[P](O)(O)=O)[C@@H](O[P](O)(O)=O)[C@H](O[P](O)(O)=O)[C@H]1O[P](O)(O)=O,SMILES_CANONICAL/CACTVS,36.0,True,True,eligible,False,False
9RSS,9RSS:A:2501,IHP_A_2501,IHP,A,2501,,36,6,InsP6,224.00441614786783,266.724720425076,258.4751370747884,3.01,ELECTRON MICROSCOPY,2026-05-06T00:00:00Z,G:6ZWM,G:1B55,P32600;P40061;P41318;P47041;Q04749;Q08236,surface,0.4346648058079713,39,1,False,1.0,False,False,,False,,O[P](O)(=O)O[C@@H]1[C@H](O[P](O)(O)=O)[C@H](O[P](O)(O)=O)[C@@H](O[P](O)(O)=O)[C@H](O[P](O)(O)=O)[C@H]1O[P](O)(O)=O,SMILES_CANONICAL/CACTVS,36.0,True,True,eligible,True,True
9RSS,9RSS:F:2501,IHP_F_2501,IHP,F,2501,,36,6,InsP6,240.64486185709637,197.92808447943796,258.47922134399414,3.01,ELECTRON MICROSCOPY,2026-05-06T00:00:00Z,G:6ZWM,G:1B55,P32600;P40061;P41318;P47041;Q04749;Q08236,surface,0.4358048613423076,37,1,False,1.0,False,False,,False,,O[P](O)(=O)O[C@@H]1[C@H](O[P](O)(O)=O)[C@H](O[P](O)(O)=O)[C@@H](O[P](O)(O)=O)[C@H](O[P](O)(O)=O)[C@H]1O[P](O)(O)=O,SMILES_CANONICAL/CACTVS,36.0,True,True,eligible,False,False
9VRD,9VRD:A:1601,IHP_A_1601,IHP,A,1601,,36,6,InsP6,133.45994525485568,131.59352705213757,127.56938870747884,3.03,ELECTRON MICROSCOPY,2026-04-01T00:00:00Z,G:9VRD,G:9VRD,Q10RX7,surface,0.7554711342643771,14,1,False,1.0,False,False,,False,,O[P](O)(=O)O[C@@H]1[C@H](O[P](O)(O)=O)[C@H](O[P](O)(O)=O)[C@@H](O[P](O)(O)=O)[C@H](O[P](O)(O)=O)[C@H]1O[P](O)(O)=O,SMILES_CANONICAL/CACTVS,36.0,True,False,excluded: configuration differs from the CCD,False,False
1H10,1H10:A:1118,4IP_A_1118,4IP,A,1118,,28,4,InsP4,15.265285764421735,24.585285799843923,15.779250008719307,1.4,X-RAY DIFFRACTION,2003-06-27T00:00:00Z,G:1FAO,G:1B55,P31749,surface,0.3709073297722661,50,1,False,1.0,False,False,,False,True,O[C@H]1[C@@H](O[P](O)(O)=O)[C@H](O)[C@@H](O[P](O)(O)=O)[C@H](O[P](O)(O)=O)[C@H]1O[P](O)(O)=O,SMILES_CANONICAL/CACTVS,28.0,True,True,eligible,True,True
1Z2P,1Z2P:X:500,I3S_X_500,I3S,X,500,,24,3,InsP3,23.22899993260701,-7.446791638930638,11.179291784763336,1.22,X-RAY DIFFRACTION,2005-04-19T00:00:00Z,G:1Z2P,G:1Z2P,Q9XYQ1,semi_cryptic,0.2490042724411745,40,1,False,1.0,False,False,,False,False,O[C@@H]1[C@@H](O)[C@H](O[P](O)(O)=O)[C@@H](O[P](O)(O)=O)[C@@H](O)[C@H]1O[P](O)(O)=O,SMILES_CANONICAL/CACTVS,24.0,True,True,eligible,True,True
2UZS,2UZS:A:1118,4IP_A_1118,4IP,A,1118,,28,4,InsP4,14.010107176644462,9.876892856189183,14.964071307863508,2.46,X-RAY DIFFRACTION,2007-07-17T00:00:00Z,G:1FAO,G:1B55,P31749,surface,0.3776566988825256,51,1,False,1.0,False,False,,False,True,O[C@H]1[C@@H](O[P](O)(O)=O)[C@H](O)[C@@H](O[P](O)(O)=O)[C@H](O[P](O)(O)=O)[C@H]1O[P](O)(O)=O,SMILES_CANONICAL/CACTVS,28.0,True,True,eligible,True,True
3IKP,3IKP:B:405,IPD_B_405,IPD,B,405,,16,1,InsP1,28.149937391281128,18.93649995326996,-24.78831255435944,1.75,X-RAY DIFFRACTION,2009-11-17T00:00:00Z,G:2ORK,G:2ORK,P35247,surface,0.5350304287013241,22,1,False,1.0,False,True,CA,False,False,O[C@@H]1[C@@H](O)[C@@H](O)[C@@H](O[P]([O-])([O-])=O)[C@H](O)[C@H]1O,SMILES_CANONICAL/CACTVS,16.0,True,True,eligible,True,True
3IKP,3IKP:C:405,IPD_C_405,IPD,C,405,,16,1,InsP1,62.19937515258789,20.413874983787537,8.65856248140335,1.75,X-RAY DIFFRACTION,2009-11-17T00:00:00Z,G:2ORK,G:2ORK,P35247,surface,0.5262207443688185,22,1,False,1.0,False,True,CA,False,False,O[C@@H]1[C@@H](O)[C@@H](O)[C@@H](O[P]([O-])([O-])=O)[C@H](O)[C@H]1O,SMILES_CANONICAL/CACTVS,16.0,True,True,eligible,False,False
4HNW,4HNW:A:901,IHP_A_901,IHP,A,901,,36,6,InsP6,58.48908318413629,-19.705749935574,11.633083356751335,2.8,X-RAY DIFFRACTION,2014-03-26T00:00:00Z,G:3PEU,G:1B55,P07347;P12945,surface,0.2599374388973215,41,2,True,1.0,False,False,,False,False,O[P](O)(=O)O[C@@H]1[C@H](O[P](O)(O)=O)[C@H](O[P](O)(O)=O)[C@@H](O[P](O)(O)=O)[C@H](O[P](O)(O)=O)[C@H]1O[P](O)(O)=O,SMILES_CANONICAL/CACTVS,36.0,True,True,eligible,True,True
5D3X,5D3X:A:501,4IP_A_501,4IP,A,501,,28,4,InsP4,6.273428576333182,7.690357157162258,4.2458571429763525,1.69,X-RAY DIFFRACTION,2016-04-20T00:00:00Z,G:5D3X,G:1B55,Q8TCU6,surface,0.4447152571676533,35,1,False,1.0,False,False,,False,False,O[C@H]1[C@@H](O[P](O)(O)=O)[C@H](O)[C@@H](O[P](O)(O)=O)[C@H](O[P](O)(O)=O)[C@H]1O[P](O)(O)=O,SMILES_CANONICAL/CACTVS,28.0,True,False,excluded: configuration differs from the CCD,False,False
5D3X,5D3X:B:501,4IP_B_501,4IP,B,501,,28,4,InsP4,40.90621389661517,5.685750024659293,-1.1910357223823669,1.69,X-RAY DIFFRACTION,2016-04-20T00:00:00Z,G:5D3X,G:1B55,Q8TCU6,surface,0.5126496900255463,27,1,False,0.5750000000000001,True,False,,False,False,O[C@H]1[C@@H](O[P](O)(O)=O)[C@H](O)[C@@H](O[P](O)(O)=O)[C@H](O[P](O)(O)=O)[C@H]1O[P](O)(O)=O,SMILES_CANONICAL/CACTVS,28.0,True,False,excluded: configuration differs from the CCD,False,False
5MW8,5MW8:A:502,5MY_A_502,5MY,A,502,,32,5,InsP5,3.030093754641712,9.07518756389618,8.259156242012978,2.4,X-RAY DIFFRACTION,2017-05-10T00:00:00Z,G:2XAL,G:2XAL,Q6P1C1,semi_cryptic,0.1423392663943228,44,1,False,1.0,False,True,MG,False,False,O[C@H]1[C@@H](O[P](O)(O)=O)[C@H](O[P](O)(O)=O)[C@@H](O[P](O)(O)=O)[C@H](O[P](O)(O)=O)[C@H]1O[P](O)(O)=O,SMILES_CANONICAL/CACTVS,32.0,True,True,eligible,True,True
6BHS,6BHS:A:301,IHP_A_301,IHP,A,301,,36,6,InsP6,-0.0990277894048227,0.7058888941666939,-7.634388903776805,1.98,X-RAY DIFFRACTION,2018-08-01T00:00:00Z,G:30OE,G:30OE,P12493,crystal_artifact,0.9430750731896588,3,1,False,0.08,True,False,,True,True,,,,,,excluded: crystal artefact,False,False
6O07,6O07:A:920,IHP_A_920,IHP,A,920,,36,6,InsP6,-63.02122211456299,9.09188887808058,40.81563896603055,2.7,X-RAY DIFFRACTION,2019-06-12T00:00:00Z,G:3PEU,G:1B55,P07347;P12945;Q08689,semi_cryptic,0.2459279814107602,42,2,True,1.0,False,False,,False,False,O[P](O)(=O)O[C@@H]1[C@H](O[P](O)(O)=O)[C@H](O[P](O)(O)=O)[C@@H](O[P](O)(O)=O)[C@H](O[P](O)(O)=O)[C@H]1O[P](O)(O)=O,SMILES_CANONICAL/CACTVS,36.0,True,False,excluded: configuration differs from the CCD,False,False
7AUU,7AUU:A:201,IHP_A_201,IHP,A,201,,36,6,InsP6,7.867472204897139,-16.61477777693007,3.3550833633376493,2.45,X-RAY DIFFRACTION,2021-05-19T00:00:00Z,G:2FVV,G:2FVV,Q99321,surface,0.4066896246447651,36,1,False,1.0,False,True,MG,False,False,O[P](O)(=O)O[C@@H]1[C@H](O[P](O)(O)=O)[C@H](O[P](O)(O)=O)[C@@H](O[P](O)(O)=O)[C@H](O[P](O)(O)=O)[C@H]1O[P](O)(O)=O,SMILES_CANONICAL/CACTVS,36.0,True,True,eligible,True,True
7MOR,7MOR:A:501,5A3_A_501,5A3,A,501,,40,7,InsP7,110.58737545013427,43.71727523803711,-11.43612506389618,2.8,X-RAY DIFFRACTION,2021-10-13T00:00:00Z,G:1ZSH,G:1ZSH,P08168,surface,0.5700847802407836,26,1,False,0.75,True,False,,False,False,O[P](O)(=O)C[P](O)(=O)O[C@@H]1[C@@H](O[P](O)(O)=O)[C@H](O[P](O)(O)=O)[C@H](O[P](O)(O)=O)[C@H](O[P](O)(O)=O)[C@H]1O[P](O)(O)=O,SMILES_CANONICAL/CACTVS,40.0,True,True,eligible,True,True
7MOR,7MOR:B:501,5A3_B_501,5A3,B,501,,40,7,InsP7,31.664749956130983,6.623100060224533,11.39297503232956,2.8,X-RAY DIFFRACTION,2021-10-13T00:00:00Z,G:1ZSH,G:1ZSH,P08168,surface,0.6681752677160089,16,1,False,1.0,False,False,,False,False,O[P](O)(=O)C[P](O)(=O)O[C@@H]1[C@@H](O[P](O)(O)=O)[C@H](O[P](O)(O)=O)[C@H](O[P](O)(O)=O)[C@H](O[P](O)(O)=O)[C@H]1O[P](O)(O)=O,SMILES_CANONICAL/CACTVS,40.0,True,True,eligible,False,False
7MOR,7MOR:C:501,5A3_C_501,5A3,C,501,,40,7,InsP7,40.23842477798462,-28.57267508506775,28.281000089645385,2.8,X-RAY DIFFRACTION,2021-10-13T00:00:00Z,G:1ZSH,G:1ZSH,P08168,surface,0.5552540274584592,23,1,False,1.0,False,False,,False,False,O[P](O)(=O)C[P](O)(=O)O[C@@H]1[C@@H](O[P](O)(O)=O)[C@H](O[P](O)(O)=O)[C@H](O[P](O)(O)=O)[C@H](O[P](O)(O)=O)[C@H]1O[P](O)(O)=O,SMILES_CANONICAL/CACTVS,40.0,True,True,eligible,False,False
7MOR,7MOR:C:502,5A3_C_502,5A3,C,502,,40,7,InsP7,29.08217535018921,5.111199996992946,32.74484992027283,2.8,X-RAY DIFFRACTION,2021-10-13T00:00:00Z,G:1ZSH,G:1ZSH,P08168,surface,0.5884862027860357,23,2,True,1.0,False,False,,False,False,O[P](O)(=O)C[P](O)(=O)O[C@@H]1[C@@H](O[P](O)(O)=O)[C@H](O[P](O)(O)=O)[C@H](O[P](O)(O)=O)[C@H](O[P](O)(O)=O)[C@H]1O[P](O)(O)=O,SMILES_CANONICAL/CACTVS,40.0,True,True,eligible,False,False
7MOR,7MOR:D:501,5A3_D_501,5A3,D,501,,40,7,InsP7,73.32612457275391,50.48259992599488,11.206574964523316,2.8,X-RAY DIFFRACTION,2021-10-13T00:00:00Z,G:1ZSH,G:1ZSH,P08168,surface,0.6689170781415832,20,1,False,1.0,False,False,,False,False,O[P](O)(=O)C[P](O)(=O)O[C@@H]1[C@@H](O[P](O)(O)=O)[C@H](O[P](O)(O)=O)[C@H](O[P](O)(O)=O)[C@H](O[P](O)(O)=O)[C@H]1O[P](O)(O)=O,SMILES_CANONICAL/CACTVS,40.0,True,True,eligible,False,False
7MOR,7MOR:D:502,5A3_D_502,5A3,D,502,,40,7,InsP7,75.56405048370361,53.8964750289917,-9.25972501039505,2.8,X-RAY DIFFRACTION,2021-10-13T00:00:00Z,G:1ZSH,G:1ZSH,P08168,surface,0.5082726906679708,27,2,True,1.0,False,False,,False,False,O[P](O)(=O)C[P](O)(=O)O[C@@H]1[C@@H](O[P](O)(O)=O)[C@H](O[P](O)(O)=O)[C@H](O[P](O)(O)=O)[C@H](O[P](O)(O)=O)[C@H]1O[P](O)(O)=O,SMILES_CANONICAL/CACTVS,40.0,True,True,eligible,False,False
7T3Q,7T3Q:A:2702,I3P_A_2702,I3P,A,2702,,24,3,InsP3,139.44829177856445,184.76445897420248,158.1561247507731,3.3,ELECTRON MICROSCOPY,2022-03-23T00:00:00Z,G:1N4K,G:1B55,Q14573,surface,0.3009412683821683,45,1,False,1.0,False,False,,False,,O[C@@H]1[C@H](O)[C@@H](O[P](O)(O)=O)[C@H](O[P](O)(O)=O)[C@@H](O)[C@@H]1O[P](O)(O)=O,SMILES_CANONICAL/CACTVS,24.0,True,True,eligible,True,True
7T3Q,7T3Q:B:2702,I3P_B_2702,I3P,B,2702,,24,3,InsP3,212.6746667226156,139.42504183451334,158.1770420074463,3.3,ELECTRON MICROSCOPY,2022-03-23T00:00:00Z,G:1N4K,G:1B55,Q14573,surface,0.3023001439634256,44,1,False,1.0,False,False,,False,,O[C@@H]1[C@H](O)[C@@H](O[P](O)(O)=O)[C@H](O[P](O)(O)=O)[C@@H](O)[C@@H]1O[P](O)(O)=O,SMILES_CANONICAL/CACTVS,24.0,True,True,eligible,False,False
7T3Q,7T3Q:C:2702,I3P_C_2702,I3P,C,2702,,24,3,InsP3,258.03283309936523,212.68358294169107,158.1761646270752,3.3,ELECTRON MICROSCOPY,2022-03-23T00:00:00Z,G:1N4K,G:1B55,Q14573,surface,0.3006641063780491,44,1,False,1.0,False,False,,False,,O[C@@H]1[C@H](O)[C@@H](O[P](O)(O)=O)[C@H](O[P](O)(O)=O)[C@@H](O)[C@@H]1O[P](O)(O)=O,SMILES_CANONICAL/CACTVS,24.0,True,True,eligible,False,False
7T3Q,7T3Q:D:2702,I3P_D_2702,I3P,D,2702,,24,3,InsP3,184.73933347066244,258.0536231994629,158.1782512664795,3.3,ELECTRON MICROSCOPY,2022-03-23T00:00:00Z,G:1N4K,G:1B55,Q14573,surface,0.3012596322548856,44,1,False,1.0,False,False,,False,,O[C@@H]1[C@H](O)[C@@H](O[P](O)(O)=O)[C@H](O[P](O)(O)=O)[C@@H](O)[C@@H]1O[P](O)(O)=O,SMILES_CANONICAL/CACTVS,24.0,True,True,eligible,False,False
8EEP,8EEP:A:401,IHP_A_401,IHP,A,401,,36,6,InsP6,140.3102217780219,187.75661087036133,217.6647766960992,2.2,ELECTRON MICROSCOPY,2023-02-15T00:00:00Z,G:30OE,G:30OE,P12493,crystal_artifact,0.8432617971952644,6,1,False,0.01,True,False,,False,,,,,,,excluded: crystal artefact,False,False
8EEP,8EEP:A:402,IHP_A_402,IHP,A,402,,36,6,InsP6,140.3970561557346,182.32933298746744,207.3201942443848,2.2,ELECTRON MICROSCOPY,2023-02-15T00:00:00Z,G:30OE,G:30OE,P12493,surface,0.8263171155905756,8,1,False,0.01,True,False,,False,,O[P](O)(=O)O[C@@H]1[C@H](O[P](O)(O)=O)[C@H](O[P](O)(O)=O)[C@@H](O[P](O)(O)=O)[C@H](O[P](O)(O)=O)[C@H]1O[P](O)(O)=O,SMILES_CANONICAL/CACTVS,36.0,True,False,excluded: configuration differs from the CCD,False,False
8VPQ,8VPQ:D:701,IHP_D_701,IHP,D,701,,36,6,InsP6,165.270139058431,152.60144339667426,119.90127838982475,3.3,ELECTRON MICROSCOPY,2024-11-27T00:00:00Z,G:5ICN,G:1B55,Q13547;Q9NVX7;Q9UKL0,surface,0.3779704808391558,35,3,True,1.0,False,False,,False,,O[P](O)(=O)O[C@@H]1[C@H](O[P](O)(O)=O)[C@H](O[P](O)(O)=O)[C@@H](O[P](O)(O)=O)[C@H](O[P](O)(O)=O)[C@H]1O[P](O)(O)=O,SMILES_CANONICAL/CACTVS,36.0,True,True,eligible,True,True
9CNU,9CNU:A:301,IHP_A_301,IHP,A,301,,36,6,InsP6,96.26005617777508,96.16961076524522,119.85702747768826,2.99,ELECTRON MICROSCOPY,2025-03-05T00:00:00Z,G:30OE,G:30OE,P18042;P49790,crystal_artifact,0.9198415714302464,4,1,False,0.17,True,False,,False,,,,,,,excluded: crystal artefact,False,False
9CNU,9CNU:A:302,IHP_A_302,IHP,A,302,,36,6,InsP6,96.2944170633952,95.7953060997857,108.1071114010281,2.99,ELECTRON MICROSCOPY,2025-03-05T00:00:00Z,G:30OE,G:30OE,P18042;P49790,crystal_artifact,0.9123187111182508,3,1,False,0.17,True,False,,False,,,,,,,excluded: crystal artefact,False,False
9L5R,9L5R:J:1001,IHP_J_1001,IHP,J,1001,,36,6,InsP6,129.74986118740506,231.41125064426,198.90888849894205,2.8,ELECTRON MICROSCOPY,2025-03-12T00:00:00Z,G:3PEU,G:1B55,G0RY82;G0RY84;G0RYD8;G0RZD9;G0RZE2;G0RZL0;G0S066;G0S0H7;G0S1V3;G0S2N1;G0S394;G0S405;G0S4Q2;G0S5N3;G0S620;G0S6F0;G0S730;G0S754;G0S7S7;G0S8A6;G0S8J0;G0S9U7;G0SBL9;G0SBV2;G0SDJ6;G0SDM8;G0SF87;G0SFN9;G0SFY0;G0SG70;G0SHQ3;G0SI53;G0SI54,semi_cryptic,0.1922292824155123,58,3,True,1.0,False,False,,False,,O[P](O)(=O)O[C@@H]1[C@H](O[P](O)(O)=O)[C@H](O[P](O)(O)=O)[C@@H](O[P](O)(O)=O)[C@H](O[P](O)(O)=O)[C@H]1O[P](O)(O)=O,SMILES_CANONICAL/CACTVS,36.0,True,False,excluded: configuration differs from the CCD,False,False
9RST,9RST:A:2501,IHP_A_2501,IHP,A,2501,,36,6,InsP6,224.4119987487793,267.1515291002062,258.8299717373318,2.93,ELECTRON MICROSCOPY,2026-05-06T00:00:00Z,G:6ZWM,G:1B55,P32600;P40061;P41318;P47041;Q04749;Q08236,surface,0.4172521457371007,33,1,False,1.0,False,False,,False,,O[P](O)(=O)O[C@@H]1[C@H](O[P](O)(O)=O)[C@H](O[P](O)(O)=O)[C@@H](O[P](O)(O)=O)[C@H](O[P](O)(O)=O)[C@H]1O[P](O)(O)=O,SMILES_CANONICAL/CACTVS,36.0,True,False,excluded: configuration differs from the CCD,False,False
9VRE,9VRE:A:1601,IHP_A_1601,IHP,A,1601,,36,6,InsP6,152.32952796088324,164.74477598402234,161.2108883327908,3.5,ELECTRON MICROSCOPY,2026-04-01T00:00:00Z,G:9VRD,G:9VRD,Q10RX7,surface,0.5159875070396107,27,1,False,1.0,False,False,,False,,O[P](O)(=O)O[C@@H]1[C@H](O[P](O)(O)=O)[C@H](O[P](O)(O)=O)[C@@H](O[P](O)(O)=O)[C@H](O[P](O)(O)=O)[C@H]1O[P](O)(O)=O,SMILES_CANONICAL/CACTVS,36.0,True,False,excluded: configuration differs from the CCD,False,False
1HG2,1HG2:A:1282,IP2_A_1282,IP2,A,1282,,20,2,InsP2,41.77109985351562,66.72385025024414,39.37445011138916,2.0,X-RAY DIFFRACTION,2001-02-12T00:00:00Z,G:1HG2,G:1HG2,O55012,surface,0.6872484812936668,12,1,False,0.5,True,False,,True,False,O[C@@H]1[C@H](O)[C@H](O)[C@@H](O[P](O)(O)=O)[C@H](O[P](O)(O)=O)[C@H]1O,SMILES_CANONICAL/CACTVS,20.0,True,True,eligible,True,True
1ZSH,1ZSH:A:601,IHP_A_601,IHP,A,601,,36,6,InsP6,-22.00830544365777,57.87272209591336,3.298861102097564,2.9,X-RAY DIFFRACTION,2006-01-31T00:00:00Z,G:1ZSH,G:1ZSH,P17870,surface,0.6165810150060841,18,1,False,1.0,False,False,,False,True,O[P](O)(=O)O[C@@H]1[C@H](O[P](O)(O)=O)[C@H](O[P](O)(O)=O)[C@@H](O[P](O)(O)=O)[C@H](O[P](O)(O)=O)[C@H]1O[P](O)(O)=O,SMILES_CANONICAL/CACTVS,36.0,True,True,eligible,True,True
2VGL,2VGL:A:1609,IHP_A_1609,IHP,A,1609,,36,6,InsP6,95.69294442070856,51.91211075252957,-22.81574985716078,2.6,X-RAY DIFFRACTION,2007-12-25T00:00:00Z,G:2VGL,G:1B55,P18484;P62743;P63010;P84092,surface,0.5829541068068007,28,1,False,1.0,False,False,,False,True,O[P](O)(=O)O[C@@H]1[C@H](O[P](O)(O)=O)[C@H](O[P](O)(O)=O)[C@@H](O[P](O)(O)=O)[C@H](O[P](O)(O)=O)[C@H]1O[P](O)(O)=O,SMILES_CANONICAL/CACTVS,36.0,True,True,eligible,True,True
3MMJ,3MMJ:A:1900,IHP_A_1900,IHP,A,1900,,36,6,InsP6,-4.363527764876683,-5.426222213440472,14.534722328186035,1.6,X-RAY DIFFRACTION,2011-06-15T00:00:00Z,G:3MMJ,G:3MMJ,Q7WUJ1,semi_cryptic,0.2256432087595123,60,1,False,0.75,True,False,,True,False,O[P](O)(=O)O[C@@H]1[C@H](O[P](O)(O)=O)[C@H](O[P](O)(O)=O)[C@@H](O[P](O)(O)=O)[C@H](O[P](O)(O)=O)[C@H]1O[P](O)(O)=O,SMILES_CANONICAL/CACTVS,36.0,True,True,eligible,True,True
3MMJ,3MMJ:B:1901,IHP_B_1901,IHP,B,1901,,36,6,InsP6,-12.377583318286472,-43.53233326805962,16.26861106024848,1.6,X-RAY DIFFRACTION,2011-06-15T00:00:00Z,G:3MMJ,G:3MMJ,Q7WUJ1,semi_cryptic,0.2305250772085281,61,1,False,0.75,True,False,,True,False,O[P](O)(=O)O[C@@H]1[C@H](O[P](O)(O)=O)[C@H](O[P](O)(O)=O)[C@@H](O[P](O)(O)=O)[C@H](O[P](O)(O)=O)[C@H]1O[P](O)(O)=O,SMILES_CANONICAL/CACTVS,36.0,True,True,eligible,False,False
4KAX,4KAX:B:1101,4IP_B_1101,4IP,B,1101,,28,4,InsP4,27.8788572038923,3.735107164297785,45.67117854527065,1.85,X-RAY DIFFRACTION,2013-08-14T00:00:00Z,G:1FAO,G:1B55,O43739;P62330,semi_cryptic,0.2284365325656095,57,1,False,1.0,False,False,,False,False,O[C@H]1[C@@H](O[P](O)(O)=O)[C@H](O)[C@@H](O[P](O)(O)=O)[C@H](O[P](O)(O)=O)[C@H]1O[P](O)(O)=O,SMILES_CANONICAL/CACTVS,28.0,True,True,eligible,True,True
5D3Y,5D3Y:A:501,4IP_A_501,4IP,A,501,,28,4,InsP4,11.363678642681666,30.659249918801443,6.087178587913513,1.95,X-RAY DIFFRACTION,2016-04-20T00:00:00Z,G:5D3X,G:1B55,Q8TCU6,surface,0.3880599467676022,36,1,False,1.0,False,False,,False,True,O[C@H]1[C@@H](O[P](O)(O)=O)[C@H](O)[C@@H](O[P](O)(O)=O)[C@H](O[P](O)(O)=O)[C@H]1O[P](O)(O)=O,SMILES_CANONICAL/CACTVS,28.0,True,False,excluded: configuration differs from the CCD,False,False
5D3Y,5D3Y:B:501,4IP_B_501,4IP,B,501,,28,4,InsP4,15.239535706383842,30.644714491707937,44.96867847442627,1.95,X-RAY DIFFRACTION,2016-04-20T00:00:00Z,G:5D3X,G:1B55,Q8TCU6,surface,0.3818021024182306,36,1,False,1.0,False,False,,False,True,O[C@H]1[C@@H](O[P](O)(O)=O)[C@H](O)[C@@H](O[P](O)(O)=O)[C@H](O[P](O)(O)=O)[C@H]1O[P](O)(O)=O,SMILES_CANONICAL/CACTVS,28.0,True,False,excluded: configuration differs from the CCD,False,False
5MWL,5MWL:A:502,5MY_A_502,5MY,A,502,,32,5,InsP5,78.72125053405762,4.154125042026863,27.95262491703033,3.2,X-RAY DIFFRACTION,2017-05-10T00:00:00Z,G:2XAL,G:2XAL,Q6P1C1,semi_cryptic,0.1914812885676992,45,1,False,1.0,False,True,MG,False,False,O[C@H]1[C@@H](O[P](O)(O)=O)[C@H](O[P](O)(O)=O)[C@@H](O[P](O)(O)=O)[C@H](O[P](O)(O)=O)[C@H]1O[P](O)(O)=O,SMILES_CANONICAL/CACTVS,32.0,True,True,eligible,True,True
6BHT,6BHT:C:301,IHP_C_301,IHP,C,301,,36,6,InsP6,-19.26844440566169,-53.40661154852973,-22.11474985546536,2.69,X-RAY DIFFRACTION,2018-08-01T00:00:00Z,G:30OE,G:30OE,P12493,surface,0.6522085817701324,13,5,True,1.0,False,False,,False,False,O[P](O)(=O)O[C@@H]1[C@H](O[P](O)(O)=O)[C@H](O[P](O)(O)=O)[C@@H](O[P](O)(O)=O)[C@H](O[P](O)(O)=O)[C@H]1O[P](O)(O)=O,SMILES_CANONICAL/CACTVS,36.0,True,True,eligible,True,True
6BHT,6BHT:D:301,IHP_D_301,IHP,D,301,,36,6,InsP6,-10.069777780108982,-44.83052762349447,-20.1429721514384,2.69,X-RAY DIFFRACTION,2018-08-01T00:00:00Z,G:30OE,G:30OE,P12493,surface,0.6257586235926837,20,6,True,1.0,False,False,,False,False,O[P](O)(=O)O[C@@H]1[C@H](O[P](O)(O)=O)[C@H](O[P](O)(O)=O)[C@@H](O[P](O)(O)=O)[C@H](O[P](O)(O)=O)[C@H]1O[P](O)(O)=O,SMILES_CANONICAL/CACTVS,36.0,True,True,eligible,False,False
6BHT,6BHT:K:301,IHP_K_301,IHP,K,301,,36,6,InsP6,-49.01791667938232,-82.83730612860785,-31.37533336215549,2.69,X-RAY DIFFRACTION,2018-08-01T00:00:00Z,G:30OE,G:30OE,P12493,surface,0.5388234668900302,26,6,True,1.0,False,False,,False,False,O[P](O)(=O)O[C@@H]1[C@H](O[P](O)(O)=O)[C@H](O[P](O)(O)=O)[C@@H](O[P](O)(O)=O)[C@H](O[P](O)(O)=O)[C@H]1O[P](O)(O)=O,SMILES_CANONICAL/CACTVS,36.0,True,True,eligible,False,False
6BHT,6BHT:K:302,IHP_K_302,IHP,K,302,,36,6,InsP6,-58.88563866085477,-90.12233352661131,-33.34011099073622,2.69,X-RAY DIFFRACTION,2018-08-01T00:00:00Z,G:30OE,G:30OE,P12493,surface,0.6911195449634049,15,5,True,0.5100000000000002,True,False,,True,False,O[P](O)(=O)O[C@@H]1[C@H](O[P](O)(O)=O)[C@H](O[P](O)(O)=O)[C@@H](O[P](O)(O)=O)[C@H](O[P](O)(O)=O)[C@H]1O[P](O)(O)=O,SMILES_CANONICAL/CACTVS,36.0,True,True,eligible,False,False
6PPL,6PPL:B:901,IHP_B_901,IHP,B,901,,36,6,InsP6,0.1682500114871395,-10.00094453493754,-0.982083328689138,3.02,ELECTRON MICROSCOPY,2020-02-19T00:00:00Z,G:3PEU,G:1B55,P41227;Q9BXJ9;Q9GZZ1,surface,0.392431099666072,31,2,True,1.0,False,False,,False,,O[P](O)(=O)O[C@@H]1[C@H](O[P](O)(O)=O)[C@H](O[P](O)(O)=O)[C@@H](O[P](O)(O)=O)[C@H](O[P](O)(O)=O)[C@H]1O[P](O)(O)=O,SMILES_CANONICAL/CACTVS,36.0,True,False,excluded: configuration differs from the CCD,False,False
7D3Y,7D3Y:A:401,IHP_A_401,IHP,A,401,,36,6,InsP6,17.70358329349094,-17.30694447623359,66.42374971177843,3.11,X-RAY DIFFRACTION,2021-10-06T00:00:00Z,G:5IJJ,G:5IJJ,A2X254;O75367;Q6Z156,crystal_artifact,0.8016577733684539,5,2,True,1.0,False,False,,False,False,,,,,,excluded: crystal artefact,False,False
7D3Y,7D3Y:A:402,IHP_A_402,IHP,A,402,,36,6,InsP6,38.170722325642906,-92.31177753872342,-5.398611154821184,3.11,X-RAY DIFFRACTION,2021-10-06T00:00:00Z,G:5IJJ,G:5IJJ,A2X254;O75367;Q6Z156,surface,0.6929102017038585,15,2,True,1.0,False,False,,False,False,O[P](O)(=O)O[C@@H]1[C@H](O[P](O)(O)=O)[C@H](O[P](O)(O)=O)[C@@H](O[P](O)(O)=O)[C@H](O[P](O)(O)=O)[C@H]1O[P](O)(O)=O,SMILES_CANONICAL/CACTVS,36.0,True,False,excluded: configuration differs from the CCD,False,False
7NAQ,7NAQ:c:1901,IHP_c_1901,IHP,c,1901,,36,6,InsP6,158.03872214423285,225.6681111653646,285.62999640570746,3.2,ELECTRON MICROSCOPY,2022-11-02T00:00:00Z,G:6KWY,G:6KWY,O14818;P20618;P25786;P25787;P25788;P25789;P28066;P28070;P28072;P28074;P49720;P49721;P60900;Q14997;Q99436,surface,0.2928001902093421,40,1,False,1.0,False,False,,False,,O[P](O)(=O)O[C@@H]1[C@H](O[P](O)(O)=O)[C@H](O[P](O)(O)=O)[C@@H](O[P](O)(O)=O)[C@H](O[P](O)(O)=O)[C@H]1O[P](O)(O)=O,SMILES_CANONICAL/CACTVS,36.0,True,False,excluded: configuration differs from the CCD,False,False
7T3R,7T3R:A:2702,I3P_A_2702,I3P,A,2702,,24,3,InsP3,139.53787485758463,184.0333735148112,157.57475090026855,3.4,ELECTRON MICROSCOPY,2022-03-23T00:00:00Z,G:1N4K,G:1B55,Q14573,surface,0.2804313512331199,40,1,False,1.0,False,False,,False,,O[C@@H]1[C@H](O)[C@@H](O[P](O)(O)=O)[C@H](O[P](O)(O)=O)[C@@H](O)[C@@H]1O[P](O)(O)=O,SMILES_CANONICAL/CACTVS,24.0,True,True,eligible,True,True
7T3R,7T3R:B:2702,I3P_B_2702,I3P,B,2702,,24,3,InsP3,213.39183362325036,139.5094165802002,157.58287493387857,3.4,ELECTRON MICROSCOPY,2022-03-23T00:00:00Z,G:1N4K,G:1B55,Q14573,surface,0.2826905078104856,41,1,False,1.0,False,False,,False,,O[C@@H]1[C@H](O)[C@@H](O[P](O)(O)=O)[C@H](O[P](O)(O)=O)[C@@H](O)[C@@H]1O[P](O)(O)=O,SMILES_CANONICAL/CACTVS,24.0,True,True,eligible,False,False
7T3R,7T3R:C:2702,I3P_C_2702,I3P,C,2702,,24,3,InsP3,257.9565836588542,213.3773339589437,157.583376566569,3.4,ELECTRON MICROSCOPY,2022-03-23T00:00:00Z,G:1N4K,G:1B55,Q14573,surface,0.2789335715862852,41,1,False,1.0,False,False,,False,,O[C@@H]1[C@H](O)[C@@H](O[P](O)(O)=O)[C@H](O[P](O)(O)=O)[C@@H](O)[C@@H]1O[P](O)(O)=O,SMILES_CANONICAL/CACTVS,24.0,True,True,eligible,False,False
7T3R,7T3R:D:2702,I3P_D_2702,I3P,D,2702,,24,3,InsP3,184.05979220072427,257.9882475535075,157.5842088063558,3.4,ELECTRON MICROSCOPY,2022-03-23T00:00:00Z,G:1N4K,G:1B55,Q14573,surface,0.2841622886625969,41,1,False,1.0,False,False,,False,,O[C@@H]1[C@H](O)[C@@H](O[P](O)(O)=O)[C@H](O[P](O)(O)=O)[C@@H](O)[C@@H]1O[P](O)(O)=O,SMILES_CANONICAL/CACTVS,24.0,True,True,eligible,False,False
8EET,8EET:A:401,IHP_A_401,IHP,A,401,,36,6,InsP6,187.40191650390625,234.2244160970052,264.76225111219617,3.1,ELECTRON MICROSCOPY,2023-02-15T00:00:00Z,G:30OE,G:30OE,P12493,crystal_artifact,0.8510980447883442,4,1,False,0.01,True,False,,False,,,,,,,excluded: crystal artefact,False,False
8EET,8EET:A:402,IHP_A_402,IHP,A,402,,36,6,InsP6,187.4972784254286,228.32758331298828,253.69988886515296,3.1,ELECTRON MICROSCOPY,2023-02-15T00:00:00Z,G:30OE,G:30OE,P12493,surface,0.8079599305567018,12,1,False,0.01,True,False,,False,,O[P](O)(=O)O[C@@H]1[C@H](O[P](O)(O)=O)[C@H](O[P](O)(O)=O)[C@@H](O[P](O)(O)=O)[C@H](O[P](O)(O)=O)[C@H]1O[P](O)(O)=O,SMILES_CANONICAL/CACTVS,36.0,True,True,eligible,True,True
8VRT,8VRT:D:701,IHP_D_701,IHP,D,701,,36,6,InsP6,167.47836134168836,153.79911168416342,135.3181093004015,3.42,ELECTRON MICROSCOPY,2024-11-27T00:00:00Z,G:5ICN,G:1B55,Q13547;Q9NVX7;Q9UKL0,surface,0.2773544519312075,54,3,True,1.0,False,False,,False,,O[P](O)(=O)O[C@@H]1[C@H](O[P](O)(O)=O)[C@H](O[P](O)(O)=O)[C@@H](O[P](O)(O)=O)[C@H](O[P](O)(O)=O)[C@H]1O[P](O)(O)=O,SMILES_CANONICAL/CACTVS,36.0,True,True,eligible,True,True
9CNV,9CNV:A:301,IHP_A_301,IHP,A,301,,36,6,InsP6,96.15383360120984,97.3707767062717,75.36899948120117,3.16,ELECTRON MICROSCOPY,2025-03-05T00:00:00Z,G:30OE,G:30OE,P18042;Q16630,crystal_artifact,0.9210645863937624,3,1,False,0.17,True,False,,False,,,,,,,excluded: crystal artefact,False,False
9CNV,9CNV:A:302,IHP_A_302,IHP,A,302,,36,6,InsP6,95.8503057691786,96.63755649990506,84.95963838365343,3.16,ELECTRON MICROSCOPY,2025-03-05T00:00:00Z,G:30OE,G:30OE,P18042;Q16630,crystal_artifact,0.9234810782607636,3,1,False,0.17,True,False,,False,,,,,,,excluded: crystal artefact,False,False
9MNM,9MNM:A:302,IHP_A_302,IHP,A,302,,36,6,InsP6,147.70855543348523,147.40902794731988,137.12710995144317,3.5,ELECTRON MICROSCOPY,2026-01-14T00:00:00Z,G:30OE,G:30OE,P12493,crystal_artifact,0.9171712813884544,4,1,False,1.0,False,False,,False,,,,,,,excluded: crystal artefact,False,False
9MNM,9MNM:A:303,IHP_A_303,IHP,A,303,,36,6,InsP6,147.10533396402994,148.21030468410916,148.46436182657877,3.5,ELECTRON MICROSCOPY,2026-01-14T00:00:00Z,G:30OE,G:30OE,P12493,crystal_artifact,0.9036504567691748,6,1,False,1.0,False,False,,False,,,,,,,excluded: crystal artefact,False,False
9S2F,9S2F:A:3000,IHP_A_3000,IHP,A,3000,,36,6,InsP6,291.01077609592016,233.5501395331489,218.49366082085504,3.14,ELECTRON MICROSCOPY,2026-07-29T00:00:00Z,G:3PEU,G:1B55,O43660;O60306;O60508;O75643;O75934;O95926;P14678;P41223;P62304;P62306;P62308;P62314;P62316;P62318;Q13573;Q15029;Q6P2Q9;Q8WUD4;Q96DI7;Q99459;Q9BRR8;Q9BRX9;Q9BZJ0;Q9H5Z1;Q9HCS7;Q9NW64;Q9P013;Q9ULR0;Q9UMS4;Q9UNP9;Q9Y3C6,surface,0.3985557351506607,36,1,False,1.0,False,False,,False,,O[P](O)(=O)O[C@@H]1[C@H](O[P](O)(O)=O)[C@H](O[P](O)(O)=O)[C@@H](O[P](O)(O)=O)[C@H](O[P](O)(O)=O)[C@H]1O[P](O)(O)=O,SMILES_CANONICAL/CACTVS,36.0,True,True,eligible,True,True
9W1B,9W1B:A:710,IHP_A_710,IHP,A,710,,36,6,InsP6,205.5075836181641,169.2130012512207,230.8224711947971,2.87,ELECTRON MICROSCOPY,2026-03-18T00:00:00Z,G:9W1B,G:5IJJ,Q9UU86,surface,0.6879024859802494,14,2,True,1.0,False,False,,False,,O[P](O)(=O)O[C@@H]1[C@H](O[P](O)(O)=O)[C@H](O[P](O)(O)=O)[C@@H](O[P](O)(O)=O)[C@H](O[P](O)(O)=O)[C@H]1O[P](O)(O)=O,SMILES_CANONICAL/CACTVS,36.0,True,False,excluded: configuration differs from the CCD,False,False
9W1B,9W1B:A:715,IHP_A_715,IHP,A,715,,36,6,InsP6,185.82449934217664,222.1228879292806,230.81247202555335,2.87,ELECTRON MICROSCOPY,2026-03-18T00:00:00Z,G:9W1B,G:5IJJ,Q9UU86,surface,0.6837177948851846,14,2,True,1.0,False,False,,False,,O[P](O)(=O)O[C@@H]1[C@H](O[P](O)(O)=O)[C@H](O[P](O)(O)=O)[C@@H](O[P](O)(O)=O)[C@H](O[P](O)(O)=O)[C@H]1O[P](O)(O)=O,SMILES_CANONICAL/CACTVS,36.0,True,False,excluded: configuration differs from the CCD,False,False
9W1B,9W1B:A:716,IHP_A_716,IHP,A,716,,36,6,InsP6,184.7969733344184,221.0984992980957,217.7134166293674,2.87,ELECTRON MICROSCOPY,2026-03-18T00:00:00Z,G:9W1B,G:5IJJ,Q9UU86,surface,0.5250781798311165,30,2,True,1.0,False,False,,False,,O[P](O)(=O)O[C@@H]1[C@H](O[P](O)(O)=O)[C@H](O[P](O)(O)=O)[C@@H](O[P](O)(O)=O)[C@H](O[P](O)(O)=O)[C@H]1O[P](O)(O)=O,SMILES_CANONICAL/CACTVS,36.0,True,False,excluded: configuration differs from the CCD,False,False
9W1B,9W1B:E:702,IHP_E_702,IHP,E,702,,36,6,InsP6,206.532165951199,170.23566733466254,217.72302881876627,2.87,ELECTRON MICROSCOPY,2026-03-18T00:00:00Z,G:9W1B,G:5IJJ,Q9UU86,surface,0.5059822567340693,30,2,True,1.0,False,False,,False,,O[P](O)(=O)O[C@@H]1[C@H](O[P](O)(O)=O)[C@H](O[P](O)(O)=O)[C@@H](O[P](O)(O)=O)[C@H](O[P](O)(O)=O)[C@H]1O[P](O)(O)=O,SMILES_CANONICAL/CACTVS,36.0,True,False,excluded: configuration differs from the CCD,False,False
1BQ3,1BQ3:A:360,IHP_A_360,IHP,A,360,,36,6,InsP6,3.886138894077805,-9.127194470829432,35.42769447962443,2.7,X-RAY DIFFRACTION,1998-08-26T00:00:00Z,G:1BQ3,G:1BQ3,P00950,semi_cryptic,0.2390579854900776,62,1,False,1.0,False,False,,False,False,O[P](O)(=O)O[C@@H]1[C@H](O[P](O)(O)=O)[C@H](O[P](O)(O)=O)[C@@H](O[P](O)(O)=O)[C@H](O[P](O)(O)=O)[C@H]1O[P](O)(O)=O,SMILES_CANONICAL/CACTVS,36.0,True,False,excluded: configuration differs from the CCD,False,False
1BQ3,1BQ3:D:350,IHP_D_350,IHP,D,350,,36,6,InsP6,26.880833360883926,8.843249970012241,98.6300277709961,2.7,X-RAY DIFFRACTION,1998-08-26T00:00:00Z,G:1BQ3,G:1BQ3,P00950,surface,0.3193791660877036,54,1,False,1.0,False,False,,False,False,O[P](O)(=O)O[C@@H]1[C@H](O[P](O)(O)=O)[C@H](O[P](O)(O)=O)[C@@H](O[P](O)(O)=O)[C@H](O[P](O)(O)=O)[C@H]1O[P](O)(O)=O,SMILES_CANONICAL/CACTVS,36.0,True,False,excluded: configuration differs from the CCD,False,False
1IMA,1IMA:A:279,IPD_A_279,IPD,A,279,,16,1,InsP1,5.600187495350838,52.62250018119812,13.132375061511992,2.3,X-RAY DIFFRACTION,1995-02-27T00:00:00Z,G:1AWB,G:1AWB,P29218,semi_cryptic,0.1318676560118563,51,1,False,1.0,False,False,,False,False,O[C@@H]1[C@@H](O)[C@@H](O)[C@@H](O[P]([O-])([O-])=O)[C@H](O)[C@H]1O,SMILES_CANONICAL/CACTVS,16.0,True,True,eligible,True,True
1IMA,1IMA:B:279,IPD_B_279,IPD,B,279,,16,1,InsP1,-10.556250035762789,50.57487511634827,34.354687333106995,2.3,X-RAY DIFFRACTION,1995-02-27T00:00:00Z,G:1AWB,G:1AWB,P29218,semi_cryptic,0.1283980155522446,50,1,False,1.0,False,False,,False,False,O[C@@H]1[C@@H](O)[C@@H](O)[C@@H](O[P]([O-])([O-])=O)[C@H](O)[C@H]1O,SMILES_CANONICAL/CACTVS,16.0,True,True,eligible,False,False
28MO,28MO:B:1101,IHP_B_1101,IHP,B,1101,,36,6,InsP6,134.42183346218533,131.0579982333713,116.8851392534044,3.01,ELECTRON MICROSCOPY,2026-09-23T00:00:00Z,G:28MJ,G:1B55,A0AVT1;P0CG47;Q9H832,surface,0.3815136389933392,26,2,True,1.0,False,False,,False,,O[P](O)(=O)O[C@@H]1[C@H](O[P](O)(O)=O)[C@H](O[P](O)(O)=O)[C@@H](O[P](O)(O)=O)[C@H](O[P](O)(O)=O)[C@H]1O[P](O)(O)=O,SMILES_CANONICAL/CACTVS,36.0,True,True,eligible,True,True
2XAN,2XAN:A:500,5MY_A_500,5MY,A,500,,32,5,InsP5,37.87421882152557,69.72315621376038,47.25409388542175,2.2,X-RAY DIFFRACTION,2010-05-19T00:00:00Z,G:2XAL,G:2XAL,Q93YN9,semi_cryptic,0.2030218936791261,48,1,False,1.0,False,False,,False,False,O[C@H]1[C@@H](O[P](O)(O)=O)[C@H](O[P](O)(O)=O)[C@@H](O[P](O)(O)=O)[C@H](O[P](O)(O)=O)[C@H]1O[P](O)(O)=O,SMILES_CANONICAL/CACTVS,32.0,True,True,eligible,True,True
2XAN,2XAN:B:500,5MY_B_500,5MY,B,500,,32,5,InsP5,66.35809314250946,56.181562542915344,64.120187997818,2.2,X-RAY DIFFRACTION,2010-05-19T00:00:00Z,G:2XAL,G:2XAL,Q93YN9,semi_cryptic,0.2104420718333544,46,1,False,1.0,False,False,,False,False,O[C@H]1[C@@H](O[P](O)(O)=O)[C@H](O[P](O)(O)=O)[C@@H](O[P](O)(O)=O)[C@H](O[P](O)(O)=O)[C@H]1O[P](O)(O)=O,SMILES_CANONICAL/CACTVS,32.0,True,True,eligible,False,False
3PA8,3PA8:A:257,IHP_A_257,IHP,A,257,,36,6,InsP6,32.1745277510749,10.77236114607917,25.9940832985772,2.0,X-RAY DIFFRACTION,2010-12-15T00:00:00Z,G:3HO6,G:3EEB,Q189K3,semi_cryptic,0.1716334590757594,48,1,False,1.0,False,True,CA,False,False,O[P](O)(=O)O[C@@H]1[C@H](O[P](O)(O)=O)[C@H](O[P](O)(O)=O)[C@@H](O[P](O)(O)=O)[C@H](O[P](O)(O)=O)[C@H]1O[P](O)(O)=O,SMILES_CANONICAL/CACTVS,36.0,True,True,eligible,True,True
3PA8,3PA8:B:256,IHP_B_256,IHP,B,256,,36,6,InsP6,43.39397229088677,11.982166568438211,23.07224988937378,2.0,X-RAY DIFFRACTION,2010-12-15T00:00:00Z,G:3HO6,G:3EEB,Q189K3,semi_cryptic,0.1695341053613162,50,1,False,1.0,False,True,CA,False,False,O[P](O)(=O)O[C@@H]1[C@H](O[P](O)(O)=O)[C@H](O[P](O)(O)=O)[C@@H](O[P](O)(O)=O)[C@H](O[P](O)(O)=O)[C@H]1O[P](O)(O)=O,SMILES_CANONICAL/CACTVS,36.0,True,True,eligible,False,False
4O4D,4O4D:A:403,I3P_A_403,I3P,A,403,,24,3,InsP3,28.04483334223429,-13.978333274523417,20.851750135421756,2.1,X-RAY DIFFRACTION,2014-06-18T00:00:00Z,G:4O4D,G:1W2C,N9UNA8,surface,0.3520862308297562,23,1,False,1.0,False,False,,False,True,O[C@@H]1[C@H](O)[C@@H](O[P](O)(O)=O)[C@H](O[P](O)(O)=O)[C@@H](O)[C@@H]1O[P](O)(O)=O,SMILES_CANONICAL/CACTVS,24.0,True,True,eligible,True,True
5ED1,5ED1:A:801,IHP_A_801,IHP,A,801,,36,6,InsP6,-7.169638885392083,-19.544472111596,40.35697227054172,2.77,X-RAY DIFFRACTION,2016-04-13T00:00:00Z,G:1ZY7,G:1ZY7,P78563,cryptic,0.1003215198359737,62,1,False,1.0,False,False,,False,False,O[P](O)(=O)O[C@@H]1[C@H](O[P](O)(O)=O)[C@H](O[P](O)(O)=O)[C@@H](O[P](O)(O)=O)[C@H](O[P](O)(O)=O)[C@H]1O[P](O)(O)=O,SMILES_CANONICAL/CACTVS,36.0,True,True,eligible,True,True
5ED1,5ED1:D:801,IHP_D_801,IHP,D,801,,36,6,InsP6,-21.74344454871284,-50.99113909403483,8.043944438298544,2.77,X-RAY DIFFRACTION,2016-04-13T00:00:00Z,G:1ZY7,G:1ZY7,P78563,cryptic,0.0986816766349634,63,1,False,1.0,False,False,,False,False,O[P](O)(=O)O[C@@H]1[C@H](O[P](O)(O)=O)[C@H](O[P](O)(O)=O)[C@@H](O[P](O)(O)=O)[C@H](O[P](O)(O)=O)[C@H]1O[P](O)(O)=O,SMILES_CANONICAL/CACTVS,36.0,True,True,eligible,False,False
5OC7,5OC7:D:902,IP2_D_902,IP2,D,902,,20,2,InsP2,4.33190004825592,-49.38100051879883,92.5905502319336,1.65,X-RAY DIFFRACTION,2017-12-27T00:00:00Z,G:5OC7,G:1B55,P11274,surface,0.7251982783209049,9,1,False,0.91,True,False,,False,False,O[C@@H]1[C@H](O)[C@H](O)[C@@H](O[P](O)(O)=O)[C@H](O[P](O)(O)=O)[C@H]1O,SMILES_CANONICAL/CACTVS,20.0,True,True,eligible,True,True
6C95,6C95:A:901,IHP_A_901,IHP,A,901,,36,6,InsP6,112.52549913194444,88.79272206624348,-11.704305582576328,3.15,X-RAY DIFFRACTION,2018-06-06T00:00:00Z,G:3PEU,G:1B55,P41227;Q9BXJ9;Q9NX55,surface,0.3985341721818588,35,2,True,1.0,False,False,,False,False,O[P](O)(=O)O[C@@H]1[C@H](O[P](O)(O)=O)[C@H](O[P](O)(O)=O)[C@@H](O[P](O)(O)=O)[C@H](O[P](O)(O)=O)[C@H]1O[P](O)(O)=O,SMILES_CANONICAL/CACTVS,36.0,,,"excluded: crystal copy does not match the CCD template: Explicit valence for atom # 26 O, 3, is greater than permitted",False,False
6R8C,6R8C:A:301,5MY_A_301,5MY,A,301,,32,5,InsP5,-0.8707812512293458,0.4075312479399144,-7.896375045180321,1.92,X-RAY DIFFRACTION,2020-05-06T00:00:00Z,G:30OE,G:30OE,B6DRA0,surface,0.8266479540296403,10,1,False,0.16,True,False,,False,True,O[C@H]1[C@@H](O[P](O)(O)=O)[C@H](O[P](O)(O)=O)[C@@H](O[P](O)(O)=O)[C@H](O[P](O)(O)=O)[C@H]1O[P](O)(O)=O,SMILES_CANONICAL/CACTVS,32.0,True,True,eligible,True,True
7E1J,7E1J:A:201,IHP_A_201,IHP,A,201,,36,6,InsP6,31.226277563307026,16.63847221268548,36.628972159491646,2.72,X-RAY DIFFRACTION,2021-08-04T00:00:00Z,G:7E1I,G:7E1I,P12493,surface,0.6307267609108994,23,2,True,1.0,False,False,,False,False,O[P](O)(=O)O[C@@H]1[C@H](O[P](O)(O)=O)[C@H](O[P](O)(O)=O)[C@@H](O[P](O)(O)=O)[C@H](O[P](O)(O)=O)[C@H]1O[P](O)(O)=O,SMILES_CANONICAL/CACTVS,36.0,True,False,excluded: configuration differs from the CCD,False,False
7E1J,7E1J:B:201,IHP_B_201,IHP,B,201,,36,6,InsP6,36.3926944202847,-1.2818611191792622,102.65752792358398,2.72,X-RAY DIFFRACTION,2021-08-04T00:00:00Z,G:7E1I,G:7E1I,P12493,surface,0.7909848341310409,12,1,False,1.0,False,False,,False,True,O[P](O)(=O)O[C@@H]1[C@H](O[P](O)(O)=O)[C@H](O[P](O)(O)=O)[C@@H](O[P](O)(O)=O)[C@H](O[P](O)(O)=O)[C@H]1O[P](O)(O)=O,SMILES_CANONICAL/CACTVS,36.0,True,False,excluded: configuration differs from the CCD,False,False
7E1J,7E1J:C:201,IHP_C_201,IHP,C,201,,36,6,InsP6,89.06188922458225,-11.424305518468222,58.65058337317573,2.72,X-RAY DIFFRACTION,2021-08-04T00:00:00Z,G:7E1I,G:7E1I,P12493,surface,0.7932817691122985,14,1,False,0.5399999999999999,True,False,,True,True,O[P](O)(=O)O[C@@H]1[C@H](O[P](O)(O)=O)[C@H](O[P](O)(O)=O)[C@@H](O[P](O)(O)=O)[C@H](O[P](O)(O)=O)[C@H]1O[P](O)(O)=O,SMILES_CANONICAL/CACTVS,36.0,True,False,excluded: configuration differs from the CCD,False,False
7E1J,7E1J:D:201,IHP_D_201,IHP,D,201,,36,6,InsP6,43.21472199757894,0.5533888847049739,41.870888815985786,2.72,X-RAY DIFFRACTION,2021-08-04T00:00:00Z,G:7E1I,G:7E1I,P12493,surface,0.6691319656570194,19,2,True,1.0,False,False,,False,True,O[P](O)(=O)O[C@@H]1[C@H](O[P](O)(O)=O)[C@H](O[P](O)(O)=O)[C@@H](O[P](O)(O)=O)[C@H](O[P](O)(O)=O)[C@H]1O[P](O)(O)=O,SMILES_CANONICAL/CACTVS,36.0,True,False,excluded: configuration differs from the CCD,False,False
7E1J,7E1J:E:201,IHP_E_201,IHP,E,201,,36,6,InsP6,-19.181499905056423,18.33869446648492,66.62252786424425,2.72,X-RAY DIFFRACTION,2021-08-04T00:00:00Z,G:7E1I,G:7E1I,P12493,surface,0.8326620442561262,10,1,False,0.6900000000000001,True,False,,True,True,O[P](O)(=O)O[C@@H]1[C@H](O[P](O)(O)=O)[C@H](O[P](O)(O)=O)[C@@H](O[P](O)(O)=O)[C@H](O[P](O)(O)=O)[C@H]1O[P](O)(O)=O,SMILES_CANONICAL/CACTVS,36.0,True,False,excluded: configuration differs from the CCD,False,False
7E1J,7E1J:F:201,IHP_F_201,IHP,F,201,,36,6,InsP6,0.087694462078313,29.223055574629043,-0.296499992824263,2.72,X-RAY DIFFRACTION,2021-08-04T00:00:00Z,G:7E1I,G:7E1I,P12493,surface,0.8367986947229604,9,1,False,0.5300000000000001,True,False,,False,True,O[P](O)(=O)O[C@@H]1[C@H](O[P](O)(O)=O)[C@H](O[P](O)(O)=O)[C@@H](O[P](O)(O)=O)[C@H](O[P](O)(O)=O)[C@H]1O[P](O)(O)=O,SMILES_CANONICAL/CACTVS,36.0,True,False,excluded: configuration differs from the CCD,False,False
7OR1,7OR1:A:1206,IHP_A_1206,IHP,A,1206,,36,6,InsP6,166.1751946343316,157.83327696058484,131.82733387417264,2.64,ELECTRON MICROSCOPY,2022-06-22T00:00:00Z,G:7OR0,G:1B55,O75762,surface,0.6905418669991784,12,2,True,1.0,False,False,,False,,O[P](O)(=O)O[C@@H]1[C@H](O[P](O)(O)=O)[C@H](O[P](O)(O)=O)[C@@H](O[P](O)(O)=O)[C@H](O[P](O)(O)=O)[C@H]1O[P](O)(O)=O,SMILES_CANONICAL/CACTVS,36.0,True,False,excluded: configuration differs from the CCD,False,False
7OR1,7OR1:B:1206,IHP_B_1206,IHP,B,1206,,36,6,InsP6,158.14725070529514,134.47641838921442,131.71288871765137,2.64,ELECTRON MICROSCOPY,2022-06-22T00:00:00Z,G:7OR0,G:1B55,O75762,surface,0.667833652490239,13,2,True,1.0,False,False,,False,,O[P](O)(=O)O[C@@H]1[C@H](O[P](O)(O)=O)[C@H](O[P](O)(O)=O)[C@@H](O[P](O)(O)=O)[C@H](O[P](O)(O)=O)[C@H]1O[P](O)(O)=O,SMILES_CANONICAL/CACTVS,36.0,True,False,excluded: configuration differs from the CCD,False,False
7OR1,7OR1:C:1206,IHP_C_1206,IHP,C,1206,,36,6,InsP6,134.56158277723523,142.82633336385092,131.66008271111383,2.64,ELECTRON MICROSCOPY,2022-06-22T00:00:00Z,G:7OR0,G:1B55,O75762,surface,0.6898229494442272,12,2,True,1.0,False,False,,False,,O[P](O)(=O)O[C@@H]1[C@H](O[P](O)(O)=O)[C@H](O[P](O)(O)=O)[C@@H](O[P](O)(O)=O)[C@H](O[P](O)(O)=O)[C@H]1O[P](O)(O)=O,SMILES_CANONICAL/CACTVS,36.0,True,False,excluded: configuration differs from the CCD,False,False
7OR1,7OR1:D:1201,IHP_D_1201,IHP,D,1201,,36,6,InsP6,142.8479436238607,166.23330476548938,131.65836079915366,2.64,ELECTRON MICROSCOPY,2022-06-22T00:00:00Z,G:7OR0,G:1B55,O75762,surface,0.6757448835979891,13,2,True,1.0,False,False,,False,,O[P](O)(=O)O[C@@H]1[C@H](O[P](O)(O)=O)[C@H](O[P](O)(O)=O)[C@@H](O[P](O)(O)=O)[C@H](O[P](O)(O)=O)[C@H]1O[P](O)(O)=O,SMILES_CANONICAL/CACTVS,36.0,True,False,excluded: configuration differs from the CCD,False,False
7URT,7URT:A:401,IHP_A_401,IHP,A,401,,36,6,InsP6,276.24302842881946,324.28094312879773,353.82505798339844,2.39,ELECTRON MICROSCOPY,2023-02-15T00:00:00Z,G:30OE,G:30OE,P12493,crystal_artifact,0.8604248872532516,6,1,False,0.01,True,False,,False,,,,,,,excluded: crystal artefact,False,False
7URT,7URT:A:402,IHP_A_402,IHP,A,402,,36,6,InsP6,276.5013893975152,318.2255859375,343.25850084092883,2.39,ELECTRON MICROSCOPY,2023-02-15T00:00:00Z,G:30OE,G:30OE,P12493,surface,0.8372985914505218,8,1,False,0.01,True,False,,False,,O[P](O)(=O)O[C@@H]1[C@H](O[P](O)(O)=O)[C@H](O[P](O)(O)=O)[C@@H](O[P](O)(O)=O)[C@H](O[P](O)(O)=O)[C@H]1O[P](O)(O)=O,SMILES_CANONICAL/CACTVS,36.0,True,True,eligible,True,True
8FIM,8FIM:A:201,IHP_A_201,IHP,A,201,,36,6,InsP6,-14.179083400302464,2.487083312124014,55.01222207811144,2.22,X-RAY DIFFRACTION,2023-09-06T00:00:00Z,G:8FIK,G:8FIK,P31941,surface,0.8053715159012299,19,1,False,1.0,False,False,,False,True,O[P](O)(=O)O[C@@H]1[C@H](O[P](O)(O)=O)[C@H](O[P](O)(O)=O)[C@@H](O[P](O)(O)=O)[C@H](O[P](O)(O)=O)[C@H]1O[P](O)(O)=O,SMILES_CANONICAL/CACTVS,36.0,True,True,eligible,True,True
8FIM,8FIM:B:201,IHP_B_201,IHP,B,201,,36,6,InsP6,36.904777738783096,-12.95469445652432,-4.415805569953388,2.22,X-RAY DIFFRACTION,2023-09-06T00:00:00Z,G:8FIK,G:8FIK,P31941,surface,0.794591914437579,21,1,False,1.0,False,False,,False,True,O[P](O)(=O)O[C@@H]1[C@H](O[P](O)(O)=O)[C@H](O[P](O)(O)=O)[C@@H](O[P](O)(O)=O)[C@H](O[P](O)(O)=O)[C@H]1O[P](O)(O)=O,SMILES_CANONICAL/CACTVS,36.0,True,True,eligible,False,False
8XUO,8XUO:A:902,IHP_A_902,IHP,A,902,,36,6,InsP6,136.59875022040472,167.2177217271593,143.9321395026313,2.84,ELECTRON MICROSCOPY,2024-05-22T00:00:00Z,G:8XUO,G:1B55,A0A3Q7IF17,surface,0.3930474216674132,28,1,False,1.0,False,False,,False,,O[P](O)(=O)O[C@@H]1[C@H](O[P](O)(O)=O)[C@H](O[P](O)(O)=O)[C@@H](O[P](O)(O)=O)[C@H](O[P](O)(O)=O)[C@H]1O[P](O)(O)=O,SMILES_CANONICAL/CACTVS,36.0,True,False,excluded: configuration differs from the CCD,False,False
8XUO,8XUO:G:902,IHP_G_902,IHP,G,902,,36,6,InsP6,135.23172208997937,104.56647215949164,143.99908362494574,2.84,ELECTRON MICROSCOPY,2024-05-22T00:00:00Z,G:8XUO,G:1B55,A0A3Q7IF17,surface,0.4257674693866445,29,1,False,1.0,False,False,,False,,O[P](O)(=O)O[C@@H]1[C@H](O[P](O)(O)=O)[C@H](O[P](O)(O)=O)[C@@H](O[P](O)(O)=O)[C@H](O[P](O)(O)=O)[C@H]1O[P](O)(O)=O,SMILES_CANONICAL/CACTVS,36.0,True,False,excluded: configuration differs from the CCD,False,False
9D5K,9D5K:A:801,IHP_A_801,IHP,A,801,,36,6,InsP6,44.59282345241971,12.03216638829973,37.11850304073758,2.7,X-RAY DIFFRACTION,2024-11-06T00:00:00Z,G:1ZY7,G:1ZY7,P78563,cryptic,0.074981884928322,67,1,False,1.0,False,True,MG,False,False,O[P](O)(=O)O[C@@H]1[C@H](O[P](O)(O)=O)[C@H](O[P](O)(O)=O)[C@@H](O[P](O)(O)=O)[C@H](O[P](O)(O)=O)[C@H]1O[P](O)(O)=O,SMILES_CANONICAL/CACTVS,36.0,True,True,eligible,True,True
9D5K,9D5K:B:801,IHP_B_801,IHP,B,801,,36,6,InsP6,9.683329992824133,12.162186251746284,54.06603219774034,2.7,X-RAY DIFFRACTION,2024-11-06T00:00:00Z,G:1ZY7,G:1ZY7,P78563,semi_cryptic,0.1234054686258547,68,1,False,1.0,False,False,,False,False,O[P](O)(=O)O[C@@H]1[C@H](O[P](O)(O)=O)[C@H](O[P](O)(O)=O)[C@@H](O[P](O)(O)=O)[C@H](O[P](O)(O)=O)[C@H]1O[P](O)(O)=O,SMILES_CANONICAL/CACTVS,36.0,True,True,eligible,True,True
9OP3,9OP3:A:801,IHP_A_801,IHP,A,801,,36,6,InsP6,-41.72119437323676,10.274749954541525,37.11669455634223,2.59,X-RAY DIFFRACTION,2025-10-08T00:00:00Z,G:1ZY7,G:1ZY7,P78563,cryptic,0.0591096764583542,66,1,False,1.0,False,False,,False,False,O[P](O)(=O)O[C@@H]1[C@H](O[P](O)(O)=O)[C@H](O[P](O)(O)=O)[C@@H](O[P](O)(O)=O)[C@H](O[P](O)(O)=O)[C@H]1O[P](O)(O)=O,SMILES_CANONICAL/CACTVS,36.0,True,True,eligible,True,True
9OP3,9OP3:B:801,IHP_B_801,IHP,B,801,,36,6,InsP6,-76.33477783203125,10.090555482440523,54.84358321295844,2.59,X-RAY DIFFRACTION,2025-10-08T00:00:00Z,G:1ZY7,G:1ZY7,P78563,cryptic,0.0782883618129332,66,1,False,1.0,False,False,,False,False,O[P](O)(=O)O[C@@H]1[C@H](O[P](O)(O)=O)[C@H](O[P](O)(O)=O)[C@@H](O[P](O)(O)=O)[C@H](O[P](O)(O)=O)[C@H]1O[P](O)(O)=O,SMILES_CANONICAL/CACTVS,36.0,True,True,eligible,False,False
9T4I,9T4I:A:201,IHP_A_201,IHP,A,201,,36,6,InsP6,-21.58433331383599,-2.9695833350221315,-7.743833250469631,1.41,X-RAY DIFFRACTION,2026-06-10T00:00:00Z,G:2FVV,G:2FVV,O95989,surface,0.3087070344980012,43,1,False,0.5,True,True,MG,True,False,O[P](O)(=O)O[C@@H]1[C@H](O[P](O)(O)=O)[C@H](O[P](O)(O)=O)[C@@H](O[P](O)(O)=O)[C@H](O[P](O)(O)=O)[C@H]1O[P](O)(O)=O,SMILES_CANONICAL/CACTVS,36.0,True,True,eligible,True,True
9YLB,9YLB:A:1101,IHP_A_1101,IHP,A,1101,,36,6,InsP6,143.28675079345703,125.40516620212132,167.0458615620931,3.24,ELECTRON MICROSCOPY,2026-08-12T00:00:00Z,G:28MJ,G:1B55,A0A1U9X8S9;A0AVT1;Q9H832,surface,0.3782761921412164,30,2,True,1.0,False,False,,False,,O[P](O)(=O)O[C@@H]1[C@H](O[P](O)(O)=O)[C@H](O[P](O)(O)=O)[C@@H](O[P](O)(O)=O)[C@H](O[P](O)(O)=O)[C@H]1O[P](O)(O)=O,SMILES_CANONICAL/CACTVS,36.0,True,False,excluded: configuration differs from the CCD,False,False
1BTN,1BTN:A:107,I3P_A_107,I3P,A,107,,24,3,InsP3,1.2739583271710824,56.62166659037272,28.217999935150143,2.0,X-RAY DIFFRACTION,1996-03-08T00:00:00Z,G:1BTN,G:1B55,Q62261,surface,0.5152115687893302,25,1,False,1.0,False,False,,False,True,O[C@@H]1[C@H](O)[C@@H](O[P](O)(O)=O)[C@H](O[P](O)(O)=O)[C@@H](O)[C@@H]1O[P](O)(O)=O,SMILES_CANONICAL/CACTVS,24.0,True,True,eligible,True,True
1IMB,1IMB:A:279,LIP_A_279,LIP,A,279,,16,1,InsP1,5.269812494516373,52.32406234741211,13.17243754863739,2.2,X-RAY DIFFRACTION,1995-02-27T00:00:00Z,G:1AWB,G:1AWB,P29218,semi_cryptic,0.1524309536018332,49,1,False,1.0,False,False,,False,False,O[C@@H]1[C@@H](O)[C@H](O)[C@@H](O[P]([O-])([O-])=O)[C@@H](O)[C@H]1O,SMILES_CANONICAL/CACTVS,16.0,True,True,eligible,True,True
1IMB,1IMB:B:279,LIP_B_279,LIP,B,279,,16,1,InsP1,-10.333812534809113,50.31612515449524,34.33087491989136,2.2,X-RAY DIFFRACTION,1995-02-27T00:00:00Z,G:1AWB,G:1AWB,P29218,semi_cryptic,0.138821338104783,48,1,False,1.0,False,False,,False,False,O[C@@H]1[C@@H](O)[C@H](O)[C@@H](O[P]([O-])([O-])=O)[C@@H](O)[C@H]1O,SMILES_CANONICAL/CACTVS,16.0,True,True,eligible,False,False
28MP,28MP:B:1101,IHP_B_1101,IHP,B,1101,,36,6,InsP6,134.16372299194336,131.06369569566516,116.79627715216742,3.12,ELECTRON MICROSCOPY,2026-09-23T00:00:00Z,G:28MJ,G:1B55,A0AVT1;P0CG47;Q9H832,surface,0.3950382986069039,27,2,True,1.0,False,False,,False,,O[P](O)(=O)O[C@@H]1[C@H](O[P](O)(O)=O)[C@H](O[P](O)(O)=O)[C@@H](O[P](O)(O)=O)[C@H](O[P](O)(O)=O)[C@H]1O[P](O)(O)=O,SMILES_CANONICAL/CACTVS,36.0,True,True,eligible,True,True
2XAO,2XAO:A:500,5MY_A_500,5MY,A,500,,32,5,InsP5,40.51453113555908,69.13718771934509,48.91340625286102,2.9,X-RAY DIFFRACTION,2010-05-19T00:00:00Z,G:2XAL,G:2XAL,Q93YN9,semi_cryptic,0.2202426072139859,43,1,False,1.0,False,False,,False,False,O[C@H]1[C@@H](O[P](O)(O)=O)[C@H](O[P](O)(O)=O)[C@@H](O[P](O)(O)=O)[C@H](O[P](O)(O)=O)[C@H]1O[P](O)(O)=O,SMILES_CANONICAL/CACTVS,32.0,True,True,eligible,True,True
2XAO,2XAO:B:500,5MY_B_500,5MY,B,500,,32,5,InsP5,69.50115585327148,55.96096861362457,66.35243773460388,2.9,X-RAY DIFFRACTION,2010-05-19T00:00:00Z,G:2XAL,G:2XAL,Q93YN9,semi_cryptic,0.2264402131576808,45,1,False,1.0,False,False,,False,False,O[C@H]1[C@@H](O[P](O)(O)=O)[C@H](O[P](O)(O)=O)[C@@H](O[P](O)(O)=O)[C@H](O[P](O)(O)=O)[C@H]1O[P](O)(O)=O,SMILES_CANONICAL/CACTVS,32.0,True,True,eligible,False,False
3PEE,3PEE:A:255,IHP_A_255,IHP,A,255,,36,6,InsP6,-31.846638891432026,-11.224499940872192,26.19774993260701,2.1,X-RAY DIFFRACTION,2011-02-16T00:00:00Z,G:3HO6,G:3EEB,Q189K3,semi_cryptic,0.2065505040894372,50,1,False,1.0,False,True,CA,False,False,O[P](O)(=O)O[C@@H]1[C@H](O[P](O)(O)=O)[C@H](O[P](O)(O)=O)[C@@H](O[P](O)(O)=O)[C@H](O[P](O)(O)=O)[C@H]1O[P](O)(O)=O,SMILES_CANONICAL/CACTVS,36.0,True,True,eligible,True,True
3PEE,3PEE:B:256,IHP_B_256,IHP,B,256,,36,6,InsP6,-20.61036115222507,-10.021972285376656,23.26174995634291,2.1,X-RAY DIFFRACTION,2011-02-16T00:00:00Z,G:3HO6,G:3EEB,Q189K3,semi_cryptic,0.2074016828380603,48,1,False,1.0,False,True,CA,False,False,O[P](O)(=O)O[C@@H]1[C@H](O[P](O)(O)=O)[C@H](O[P](O)(O)=O)[C@@H](O[P](O)(O)=O)[C@H](O[P](O)(O)=O)[C@H]1O[P](O)(O)=O,SMILES_CANONICAL/CACTVS,36.0,True,True,eligible,False,False
4O4E,4O4E:A:403,5MY_A_403,5MY,A,403,,32,5,InsP5,27.318593740463257,-12.432250022888184,22.585624992847443,1.9,X-RAY DIFFRACTION,2014-06-18T00:00:00Z,G:4O4D,G:1W2C,N9UNA8,surface,0.3763798768827269,28,1,False,1.0,False,True,MG,False,True,O[C@H]1[C@@H](O[P](O)(O)=O)[C@H](O[P](O)(O)=O)[C@@H](O[P](O)(O)=O)[C@H](O[P](O)(O)=O)[C@H]1O[P](O)(O)=O,SMILES_CANONICAL/CACTVS,32.0,True,True,eligible,True,True
5ED2,5ED2:A:801,IHP_A_801,IHP,A,801,,36,6,InsP6,27.77761099073622,20.67074992921617,76.45427809821234,2.95,X-RAY DIFFRACTION,2016-04-13T00:00:00Z,G:1ZY7,G:1ZY7,P78563,cryptic,0.080845951967259,65,1,False,1.0,False,False,,False,False,O[P](O)(=O)O[C@@H]1[C@H](O[P](O)(O)=O)[C@H](O[P](O)(O)=O)[C@@H](O[P](O)(O)=O)[C@H](O[P](O)(O)=O)[C@H]1O[P](O)(O)=O,SMILES_CANONICAL/CACTVS,36.0,True,True,eligible,True,True
5ED2,5ED2:D:801,IHP_D_801,IHP,D,801,,36,6,InsP6,0.0065833110776212,32.47911135355631,11.444027768241035,2.95,X-RAY DIFFRACTION,2016-04-13T00:00:00Z,G:1ZY7,G:1ZY7,P78563,cryptic,0.0863411048680803,67,1,False,1.0,False,False,,False,False,O[P](O)(=O)O[C@@H]1[C@H](O[P](O)(O)=O)[C@H](O[P](O)(O)=O)[C@@H](O[P](O)(O)=O)[C@H](O[P](O)(O)=O)[C@H]1O[P](O)(O)=O,SMILES_CANONICAL/CACTVS,36.0,True,True,eligible,False,False
5OQU,5OQU:A:408,IHP_A_408,IHP,A,408,,36,6,InsP6,10.079722245534262,134.3773053487142,332.5113313462999,2.32,X-RAY DIFFRACTION,2018-02-28T00:00:00Z,G:3W8L,G:1B55,P68400,surface,0.7710038520319105,13,1,False,0.5,True,False,,False,True,O[P](O)(=O)O[C@@H]1[C@H](O[P](O)(O)=O)[C@H](O[P](O)(O)=O)[C@@H](O[P](O)(O)=O)[C@H](O[P](O)(O)=O)[C@H]1O[P](O)(O)=O,SMILES_CANONICAL/CACTVS,36.0,True,True,eligible,True,True
6C9M,6C9M:A:901,IHP_A_901,IHP,A,901,,36,6,InsP6,31.948055585225426,-19.193638934029472,-0.1249444451597001,2.8,X-RAY DIFFRACTION,2018-06-06T00:00:00Z,G:3PEU,G:1B55,P41227;Q9BXJ9,surface,0.3955894303974064,35,2,True,1.0,False,False,,False,False,O[P](O)(=O)O[C@@H]1[C@H](O[P](O)(O)=O)[C@H](O[P](O)(O)=O)[C@@H](O[P](O)(O)=O)[C@H](O[P](O)(O)=O)[C@H]1O[P](O)(O)=O,SMILES_CANONICAL/CACTVS,36.0,True,False,excluded: configuration differs from the CCD,False,False
6C9M,6C9M:C:902,IHP_C_902,IHP,C,902,,36,6,InsP6,58.82433329688178,56.07555569542779,-38.01352776421441,2.8,X-RAY DIFFRACTION,2018-06-06T00:00:00Z,G:3PEU,G:1B55,P41227;Q9BXJ9,surface,0.4079006173632364,31,2,True,1.0,False,False,,False,False,O[P](O)(=O)O[C@@H]1[C@H](O[P](O)(O)=O)[C@H](O[P](O)(O)=O)[C@@H](O[P](O)(O)=O)[C@H](O[P](O)(O)=O)[C@H]1O[P](O)(O)=O,SMILES_CANONICAL/CACTVS,36.0,True,True,eligible,True,True
6REY,6REY:c:1901,IHP_c_1901,IHP,c,1901,,36,6,InsP6,212.9629987080892,337.56375291612414,271.40833282470703,3.0,ELECTRON MICROSCOPY,2019-09-04T00:00:00Z,G:6KWY,G:6KWY,O14818;P20618;P25786;P25787;P25788;P25789;P28066;P28070;P28072;P28074;P49720;P49721;P60900;Q14997;Q99436,surface,0.3007308371714461,50,1,False,1.0,False,False,,False,,O[P](O)(=O)O[C@@H]1[C@H](O[P](O)(O)=O)[C@H](O[P](O)(O)=O)[C@@H](O[P](O)(O)=O)[C@H](O[P](O)(O)=O)[C@H]1O[P](O)(O)=O,SMILES_CANONICAL/CACTVS,36.0,True,True,eligible,True,True
6REY,6REY:c:1902,K0W_c_1902,K0W,c,1902,,44,8,InsP8,222.79859161376956,347.6020910089666,227.2898632396351,3.0,ELECTRON MICROSCOPY,2019-09-04T00:00:00Z,G:6KWY,G:6KWY,O14818;P20618;P25786;P25787;P25788;P25789;P28066;P28070;P28072;P28074;P49720;P49721;P60900;Q14997;Q99436,surface,0.5104805924553776,31,1,False,1.0,False,False,,False,,O[P](O)(=O)O[C@H]1[C@H](O[P](O)(O)=O)[C@@H](O[P](O)(O)=O)[C@H](O[P](O)(=O)O[P](O)(O)=O)[C@H](O[P](O)(=O)O[P](O)(O)=O)[C@@H]1O[P](O)(O)=O,SMILES_CANONICAL/CACTVS,44.0,True,True,eligible,False,False
6REY,6REY:d:1901,IHP_d_1901,IHP,d,1901,,36,6,InsP6,253.59855567084415,128.98741637335883,271.4118609958225,3.0,ELECTRON MICROSCOPY,2019-09-04T00:00:00Z,G:6KWY,G:6KWY,O14818;P20618;P25786;P25787;P25788;P25789;P28066;P28070;P28072;P28074;P49720;P49721;P60900;Q14997;Q99436,surface,0.3048001869358008,50,1,False,1.0,False,False,,False,,O[P](O)(=O)O[C@@H]1[C@H](O[P](O)(O)=O)[C@H](O[P](O)(O)=O)[C@@H](O[P](O)(O)=O)[C@H](O[P](O)(O)=O)[C@H]1O[P](O)(O)=O,SMILES_CANONICAL/CACTVS,36.0,True,True,eligible,False,False
6REY,6REY:d:1902,K0W_d_1902,K0W,d,1902,,44,8,InsP8,243.7622271451083,118.95043234391646,227.29286401922053,3.0,ELECTRON MICROSCOPY,2019-09-04T00:00:00Z,G:6KWY,G:6KWY,O14818;P20618;P25786;P25787;P25788;P25789;P28066;P28070;P28072;P28074;P49720;P49721;P60900;Q14997;Q99436,surface,0.5035183677246923,31,1,False,1.0,False,False,,False,,O[P](O)(=O)O[C@H]1[C@H](O[P](O)(O)=O)[C@@H](O[P](O)(O)=O)[C@H](O[P](O)(=O)O[P](O)(O)=O)[C@H](O[P](O)(=O)O[P](O)(O)=O)[C@@H]1O[P](O)(O)=O,SMILES_CANONICAL/CACTVS,44.0,True,True,eligible,False,False
7E1K,7E1K:A:201,IHP_A_201,IHP,A,201,,36,6,InsP6,-23.24147208531697,55.59741666581896,20.452305634816486,2.4,X-RAY DIFFRACTION,2021-08-04T00:00:00Z,G:7E1I,G:7E1I,T2CJ20,surface,0.7973308364048802,16,1,False,0.5300000000000001,True,False,,True,True,O[P](O)(=O)O[C@@H]1[C@H](O[P](O)(O)=O)[C@H](O[P](O)(O)=O)[C@@H](O[P](O)(O)=O)[C@H](O[P](O)(O)=O)[C@H]1O[P](O)(O)=O,SMILES_CANONICAL/CACTVS,36.0,True,False,excluded: configuration differs from the CCD,False,False
7E1K,7E1K:B:201,IHP_B_201,IHP,B,201,,36,6,InsP6,-37.75236129760742,47.37169445885552,68.54444419013129,2.4,X-RAY DIFFRACTION,2021-08-04T00:00:00Z,G:7E1I,G:7E1I,T2CJ20,surface,0.7887345773434661,13,1,False,1.0,False,False,,False,True,O[P](O)(=O)O[C@@H]1[C@H](O[P](O)(O)=O)[C@H](O[P](O)(O)=O)[C@@H](O[P](O)(O)=O)[C@H](O[P](O)(O)=O)[C@H]1O[P](O)(O)=O,SMILES_CANONICAL/CACTVS,36.0,True,False,excluded: configuration differs from the CCD,False,False
7PE7,7PE7:A:2601,IHP_A_2601,IHP,A,2601,,36,6,InsP6,234.68130662706164,289.90052710639105,238.2787225511339,3.41,ELECTRON MICROSCOPY,2021-09-15T00:00:00Z,G:6ZWM,G:1B55,P42345;Q6R327;Q8TB45;Q9BPZ7;Q9BVC4,surface,0.5013497466916191,24,1,False,1.0,False,False,,False,,O[P](O)(=O)O[C@@H]1[C@H](O[P](O)(O)=O)[C@H](O[P](O)(O)=O)[C@@H](O[P](O)(O)=O)[C@H](O[P](O)(O)=O)[C@H]1O[P](O)(O)=O,SMILES_CANONICAL/CACTVS,36.0,True,True,eligible,True,True
7PE7,7PE7:B:2601,IHP_B_2601,IHP,B,2601,,36,6,InsP6,232.8008884853787,219.77336247762045,266.860833062066,3.41,ELECTRON MICROSCOPY,2021-09-15T00:00:00Z,G:6ZWM,G:1B55,P42345;Q6R327;Q8TB45;Q9BPZ7;Q9BVC4,surface,0.5037603813912485,24,1,False,1.0,False,False,,False,,O[P](O)(=O)O[C@@H]1[C@H](O[P](O)(O)=O)[C@H](O[P](O)(O)=O)[C@@H](O[P](O)(O)=O)[C@H](O[P](O)(O)=O)[C@H]1O[P](O)(O)=O,SMILES_CANONICAL/CACTVS,36.0,True,True,eligible,False,False
7UXC,7UXC:A:2601,IHP_A_2601,IHP,A,2601,,36,6,InsP6,338.85372077094183,273.84866672092016,280.9115261501736,3.2,ELECTRON MICROSCOPY,2022-11-30T00:00:00Z,G:6ZWM,G:1B55,O43504;P19484;P42345;Q0VGL1;Q6IAA8;Q7L523;Q8N122;Q9BVC4;Q9HB90;Q9UHA4;Q9Y2Q5,surface,0.4796124510371863,30,1,False,1.0,False,False,,False,,O[P](O)(=O)O[C@@H]1[C@H](O[P](O)(O)=O)[C@H](O[P](O)(O)=O)[C@@H](O[P](O)(O)=O)[C@H](O[P](O)(O)=O)[C@H]1O[P](O)(O)=O,SMILES_CANONICAL/CACTVS,36.0,True,False,excluded: configuration differs from the CCD,False,False
8GDV,8GDV:A:301,IHP_A_301,IHP,A,301,,36,6,InsP6,22.017749945322677,23.625861167907715,45.26213910844591,3.3,X-RAY DIFFRACTION,2024-03-13T00:00:00Z,G:30OE,G:30OE,P12493;Q16630,surface,0.6624504208360235,17,5,True,0.7899999999999999,True,False,,False,False,O[P](O)(=O)O[C@@H]1[C@H](O[P](O)(O)=O)[C@H](O[P](O)(O)=O)[C@@H](O[P](O)(O)=O)[C@H](O[P](O)(O)=O)[C@H]1O[P](O)(O)=O,SMILES_CANONICAL/CACTVS,36.0,True,False,excluded: configuration differs from the CCD,False,False
8GDV,8GDV:A:302,IHP_A_302,IHP,A,302,,36,6,InsP6,14.9081945154402,13.114194525612724,48.418389002482094,3.3,X-RAY DIFFRACTION,2024-03-13T00:00:00Z,G:30OE,G:30OE,P12493;Q16630,surface,0.7528101773879302,15,4,True,0.7100000000000001,True,False,,False,False,O[P](O)(=O)O[C@@H]1[C@H](O[P](O)(O)=O)[C@H](O[P](O)(O)=O)[C@@H](O[P](O)(O)=O)[C@H](O[P](O)(O)=O)[C@H]1O[P](O)(O)=O,SMILES_CANONICAL/CACTVS,36.0,True,False,excluded: configuration differs from the CCD,False,False
8XUQ,8XUQ:A:901,IHP_A_901,IHP,A,901,,36,6,InsP6,110.5701666937934,131.84397294786243,133.77744589911566,3.17,ELECTRON MICROSCOPY,2024-05-22T00:00:00Z,G:8XUO,G:1B55,A0A3Q7IF17,surface,0.4974524189355798,21,1,False,1.0,False,False,,False,,O[P](O)(=O)O[C@@H]1[C@H](O[P](O)(O)=O)[C@H](O[P](O)(O)=O)[C@@H](O[P](O)(O)=O)[C@H](O[P](O)(O)=O)[C@H]1O[P](O)(O)=O,SMILES_CANONICAL/CACTVS,36.0,True,False,excluded: configuration differs from the CCD,False,False
8XUQ,8XUQ:E:901,IHP_E_901,IHP,E,901,,36,6,InsP6,161.37708367241754,140.0404438442654,133.48972108629016,3.17,ELECTRON MICROSCOPY,2024-05-22T00:00:00Z,G:8XUO,G:1B55,A0A3Q7IF17,surface,0.4749701983164213,20,1,False,1.0,False,False,,False,,O[P](O)(=O)O[C@@H]1[C@H](O[P](O)(O)=O)[C@H](O[P](O)(O)=O)[C@@H](O[P](O)(O)=O)[C@H](O[P](O)(O)=O)[C@H]1O[P](O)(O)=O,SMILES_CANONICAL/CACTVS,36.0,True,True,eligible,True,True
8XUQ,8XUQ:F:901,IHP_F_901,IHP,F,901,,36,6,InsP6,177.79736116197375,190.09936099582248,165.7455554538303,3.17,ELECTRON MICROSCOPY,2024-05-22T00:00:00Z,G:8XUO,G:1B55,A0A3Q7IF17,surface,0.5104980760266707,28,1,False,1.0,False,False,,False,,O[P](O)(=O)O[C@@H]1[C@H](O[P](O)(O)=O)[C@H](O[P](O)(O)=O)[C@@H](O[P](O)(O)=O)[C@H](O[P](O)(O)=O)[C@H]1O[P](O)(O)=O,SMILES_CANONICAL/CACTVS,36.0,True,False,excluded: configuration differs from the CCD,False,False
8XUQ,8XUQ:G:901,IHP_G_901,IHP,G,901,,36,6,InsP6,92.7438613043891,82.01083310445149,166.05475023057727,3.17,ELECTRON MICROSCOPY,2024-05-22T00:00:00Z,G:8XUO,G:1B55,A0A3Q7IF17,surface,0.4140861410390582,26,1,False,1.0,False,False,,False,,O[P](O)(=O)O[C@@H]1[C@H](O[P](O)(O)=O)[C@H](O[P](O)(O)=O)[C@@H](O[P](O)(O)=O)[C@H](O[P](O)(O)=O)[C@H]1O[P](O)(O)=O,SMILES_CANONICAL/CACTVS,36.0,True,False,excluded: configuration differs from the CCD,False,False
9D6C,9D6C:B:303,IHP_B_303,IHP,B,303,,36,6,InsP6,219.62336179945203,160.55213970608182,149.5574705335829,2.1,ELECTRON MICROSCOPY,2024-10-30T00:00:00Z,G:30OE,G:30OE,P04591,surface,0.7160298945018311,13,2,True,1.0,False,False,,False,,O[P](O)(=O)O[C@@H]1[C@H](O[P](O)(O)=O)[C@H](O[P](O)(O)=O)[C@@H](O[P](O)(O)=O)[C@H](O[P](O)(O)=O)[C@H]1O[P](O)(O)=O,SMILES_CANONICAL/CACTVS,36.0,True,False,excluded: configuration differs from the CCD,False,False
9D6C,9D6C:E:303,IHP_E_303,IHP,E,303,,36,6,InsP6,175.98830540974936,215.52033233642575,149.55425008138022,2.1,ELECTRON MICROSCOPY,2024-10-30T00:00:00Z,G:30OE,G:30OE,P04591,surface,0.739661556788505,12,2,True,1.0,False,False,,False,,O[P](O)(=O)O[C@@H]1[C@H](O[P](O)(O)=O)[C@H](O[P](O)(O)=O)[C@@H](O[P](O)(O)=O)[C@H](O[P](O)(O)=O)[C@H]1O[P](O)(O)=O,SMILES_CANONICAL/CACTVS,36.0,True,False,excluded: configuration differs from the CCD,False,False
9D6C,9D6C:H:303,IHP_H_303,IHP,H,303,,36,6,InsP6,106.59441714816624,205.18694559733072,149.55316628350153,2.1,ELECTRON MICROSCOPY,2024-10-30T00:00:00Z,G:30OE,G:30OE,P04591,surface,0.722239407846269,13,2,True,1.0,False,False,,False,,O[P](O)(=O)O[C@@H]1[C@H](O[P](O)(O)=O)[C@H](O[P](O)(O)=O)[C@@H](O[P](O)(O)=O)[C@H](O[P](O)(O)=O)[C@H]1O[P](O)(O)=O,SMILES_CANONICAL/CACTVS,36.0,True,False,excluded: configuration differs from the CCD,False,False
9D6C,9D6C:K:303,IHP_K_303,IHP,K,303,,36,6,InsP6,80.8312218983968,139.90494452582465,149.5584445529514,2.1,ELECTRON MICROSCOPY,2024-10-30T00:00:00Z,G:30OE,G:30OE,P04591,surface,0.7271013365734952,13,2,True,1.0,False,False,,False,,O[P](O)(=O)O[C@@H]1[C@H](O[P](O)(O)=O)[C@H](O[P](O)(O)=O)[C@@H](O[P](O)(O)=O)[C@H](O[P](O)(O)=O)[C@H]1O[P](O)(O)=O,SMILES_CANONICAL/CACTVS,36.0,True,False,excluded: configuration differs from the CCD,False,False
9D6C,9D6C:M:401,IHP_M_401,IHP,M,401,,36,6,InsP6,150.23433346218533,150.15958489312067,153.71711095174155,2.1,ELECTRON MICROSCOPY,2024-10-30T00:00:00Z,G:30OE,G:30OE,P04591,surface,0.2766488488124843,38,6,True,1.0,False,False,,False,,O[P](O)(=O)O[C@@H]1[C@H](O[P](O)(O)=O)[C@H](O[P](O)(O)=O)[C@@H](O[P](O)(O)=O)[C@H](O[P](O)(O)=O)[C@H]1O[P](O)(O)=O,SMILES_CANONICAL/CACTVS,36.0,True,False,excluded: configuration differs from the CCD,False,False
9D6C,9D6C:N:303,IHP_N_303,IHP,N,303,,36,6,InsP6,124.47619480556912,84.98880534701877,149.51413769192166,2.1,ELECTRON MICROSCOPY,2024-10-30T00:00:00Z,G:30OE,G:30OE,P04591,surface,0.7224296046177394,12,2,True,1.0,False,False,,False,,O[P](O)(=O)O[C@@H]1[C@H](O[P](O)(O)=O)[C@H](O[P](O)(O)=O)[C@@H](O[P](O)(O)=O)[C@H](O[P](O)(O)=O)[C@H]1O[P](O)(O)=O,SMILES_CANONICAL/CACTVS,36.0,True,False,excluded: configuration differs from the CCD,False,False
9D6C,9D6C:R:401,IHP_R_401,IHP,R,401,,36,6,InsP6,193.85272216796875,95.29494433932834,149.56811057196722,2.1,ELECTRON MICROSCOPY,2024-10-30T00:00:00Z,G:30OE,G:30OE,P04591,surface,0.7258899099205415,13,2,True,1.0,False,False,,False,,O[P](O)(=O)O[C@@H]1[C@H](O[P](O)(O)=O)[C@H](O[P](O)(O)=O)[C@@H](O[P](O)(O)=O)[C@H](O[P](O)(O)=O)[C@H]1O[P](O)(O)=O,SMILES_CANONICAL/CACTVS,36.0,True,False,excluded: configuration differs from the CCD,False,False
9P9L,9P9L:A:302,IHP_A_302,IHP,A,302,,36,6,InsP6,150.20416726006405,150.04480404324002,153.80230712890625,2.28,ELECTRON MICROSCOPY,2026-04-29T00:00:00Z,G:30OE,G:30OE,P12493,surface,0.3041387517455305,30,6,True,1.0,False,False,,False,,O[P](O)(=O)O[C@@H]1[C@H](O[P](O)(O)=O)[C@H](O[P](O)(O)=O)[C@@H](O[P](O)(O)=O)[C@H](O[P](O)(O)=O)[C@H]1O[P](O)(O)=O,SMILES_CANONICAL/CACTVS,36.0,True,True,eligible,True,True
9T4J,9T4J:A:207,IHP_A_207,IHP,A,207,,36,6,InsP6,-22.021305561065677,-3.064361095014545,-7.695333361625671,1.32,X-RAY DIFFRACTION,2026-06-10T00:00:00Z,G:2FVV,G:2FVV,O95989,surface,0.2966235109564969,45,1,False,0.6999999999999998,True,True,MG,True,False,O[P](O)(=O)O[C@@H]1[C@H](O[P](O)(O)=O)[C@H](O[P](O)(O)=O)[C@@H](O[P](O)(O)=O)[C@H](O[P](O)(O)=O)[C@H]1O[P](O)(O)=O,SMILES_CANONICAL/CACTVS,36.0,True,True,eligible,True,True
9YLF,9YLF:A:1101,IHP_A_1101,IHP,A,1101,,36,6,InsP6,100.52202796936037,116.8563338385688,130.59313816494412,3.14,ELECTRON MICROSCOPY,2026-08-12T00:00:00Z,G:28MJ,G:1B55,A0AVT1;P0CG48;Q9H832,surface,0.3082557390639187,30,2,True,1.0,False,False,,False,,O[P](O)(=O)O[C@@H]1[C@H](O[P](O)(O)=O)[C@H](O[P](O)(O)=O)[C@@H](O[P](O)(O)=O)[C@H](O[P](O)(O)=O)[C@H]1O[P](O)(O)=O,SMILES_CANONICAL/CACTVS,36.0,True,False,excluded: configuration differs from the CCD,False,False
1BWN,1BWN:A:1,4IP_A_1,4IP,A,1,,28,4,InsP4,-0.3254999864314283,4.530392859663282,37.72299970899309,2.1,X-RAY DIFFRACTION,1999-06-15T00:00:00Z,G:1B55,G:1B55,Q06187,surface,0.2525634704507616,66,1,False,1.0,False,False,,False,True,O[C@H]1[C@@H](O[P](O)(O)=O)[C@H](O)[C@@H](O[P](O)(O)=O)[C@H](O[P](O)(O)=O)[C@H]1O[P](O)(O)=O,SMILES_CANONICAL/CACTVS,28.0,True,True,eligible,True,True
1BWN,1BWN:A:172,4IP_A_172,4IP,A,172,,28,4,InsP4,-0.553642855923889,0.3743214257327573,47.6533568246024,2.1,X-RAY DIFFRACTION,1999-06-15T00:00:00Z,G:1B55,G:1B55,Q06187,surface,0.7187842959827131,13,2,True,0.5,True,False,,False,True,O[C@H]1[C@@H](O[P](O)(O)=O)[C@H](O)[C@@H](O[P](O)(O)=O)[C@H](O[P](O)(O)=O)[C@H]1O[P](O)(O)=O,SMILES_CANONICAL/CACTVS,28.0,True,True,eligible,False,False
1BWN,1BWN:B:1,4IP_B_1,4IP,B,1,,28,4,InsP4,4.282571409429822,1.34946428665093,71.54860741751534,2.1,X-RAY DIFFRACTION,1999-06-15T00:00:00Z,G:1B55,G:1B55,Q06187,surface,0.2607198520847308,65,1,False,1.0,False,False,,False,True,O[C@H]1[C@@H](O[P](O)(O)=O)[C@H](O)[C@@H](O[P](O)(O)=O)[C@H](O[P](O)(O)=O)[C@H]1O[P](O)(O)=O,SMILES_CANONICAL/CACTVS,28.0,True,True,eligible,False,False
1BWN,1BWN:B:172,4IP_B_172,4IP,B,172,,28,4,InsP4,0.3558928335218557,-0.2921785765460559,61.55785710471017,2.1,X-RAY DIFFRACTION,1999-06-15T00:00:00Z,G:1B55,G:1B55,Q06187,surface,0.6844468995904894,15,2,True,0.5,True,False,,False,True,O[C@H]1[C@@H](O[P](O)(O)=O)[C@H](O)[C@@H](O[P](O)(O)=O)[C@H](O[P](O)(O)=O)[C@H]1O[P](O)(O)=O,SMILES_CANONICAL/CACTVS,28.0,True,True,eligible,False,False
1LBX,1LBX:A:295,IPD_A_295,IPD,A,295,,16,1,InsP1,-5.166625045239925,9.15225002169609,27.633000016212463,2.4,X-RAY DIFFRACTION,2002-05-22T00:00:00Z,G:1AWB,G:1AWB,O30298,semi_cryptic,0.1643941569609221,51,2,True,0.55,True,True,CA,False,False,O[C@@H]1[C@@H](O)[C@@H](O)[C@@H](O[P]([O-])([O-])=O)[C@H](O)[C@H]1O,SMILES_CANONICAL/CACTVS,16.0,True,True,eligible,True,True
1LBX,1LBX:B:595,IPD_B_595,IPD,B,595,,16,1,InsP1,16.20712500810623,7.007687538862228,15.402312338352203,2.4,X-RAY DIFFRACTION,2002-05-22T00:00:00Z,G:1AWB,G:1AWB,O30298,semi_cryptic,0.1871975103988296,46,1,False,0.6,True,True,CA,False,False,O[C@@H]1[C@@H](O)[C@@H](O)[C@@H](O[P]([O-])([O-])=O)[C@H](O)[C@H]1O,SMILES_CANONICAL/CACTVS,16.0,True,True,eligible,False,False
28MQ,28MQ:B:1101,IHP_B_1101,IHP,B,1101,,36,6,InsP6,174.03302680121527,152.39330546061197,180.52127753363715,3.04,ELECTRON MICROSCOPY,2026-09-23T00:00:00Z,G:28MJ,G:1B55,A0AVT1;O15205;Q9H832,surface,0.4282540205259769,23,2,True,1.0,False,False,,False,,O[P](O)(=O)O[C@@H]1[C@H](O[P](O)(O)=O)[C@H](O[P](O)(O)=O)[C@@H](O[P](O)(O)=O)[C@H](O[P](O)(O)=O)[C@H]1O[P](O)(O)=O,SMILES_CANONICAL/CACTVS,36.0,True,True,eligible,True,True
2XAR,2XAR:A:500,IHP_A_500,IHP,A,500,,36,6,InsP6,38.34691662258573,69.39108318752713,46.69361103905572,3.1,X-RAY DIFFRACTION,2010-05-19T00:00:00Z,G:2XAL,G:2XAL,Q93YN9,semi_cryptic,0.2344113004518924,46,1,False,1.0,False,False,,False,False,O[P](O)(=O)O[C@@H]1[C@H](O[P](O)(O)=O)[C@H](O[P](O)(O)=O)[C@@H](O[P](O)(O)=O)[C@H](O[P](O)(O)=O)[C@H]1O[P](O)(O)=O,SMILES_CANONICAL/CACTVS,36.0,True,True,eligible,True,True
2XAR,2XAR:B:500,IHP_B_500,IHP,B,500,,36,6,InsP6,66.97066667344835,55.43166648017036,64.34849961598714,3.1,X-RAY DIFFRACTION,2010-05-19T00:00:00Z,G:2XAL,G:2XAL,Q93YN9,semi_cryptic,0.2272833989280092,50,1,False,1.0,False,False,,False,False,O[P](O)(=O)O[C@@H]1[C@H](O[P](O)(O)=O)[C@H](O[P](O)(O)=O)[C@@H](O[P](O)(O)=O)[C@H](O[P](O)(O)=O)[C@H]1O[P](O)(O)=O,SMILES_CANONICAL/CACTVS,36.0,True,True,eligible,False,False
3PEU,3PEU:B:1003,IHP_B_1003,IHP,B,1003,,36,6,InsP6,47.20472240447998,62.69433286454942,110.02069409688312,2.6,X-RAY DIFFRACTION,2011-03-23T00:00:00Z,G:3PEU,G:1B55,P20449;Q12315,surface,0.4125789124272386,33,2,True,1.0,False,False,,False,False,O[P](O)(=O)O[C@@H]1[C@H](O[P](O)(O)=O)[C@H](O[P](O)(O)=O)[C@@H](O[P](O)(O)=O)[C@H](O[P](O)(O)=O)[C@H]1O[P](O)(O)=O,SMILES_CANONICAL/CACTVS,36.0,True,True,eligible,True,True
4O4F,4O4F:A:403,IHP_A_403,IHP,A,403,,36,6,InsP6,27.263194455040825,-12.607499996821083,22.72472227944268,1.7,X-RAY DIFFRACTION,2014-06-18T00:00:00Z,G:4O4D,G:1W2C,N9UNA8,surface,0.3962313829314676,28,1,False,1.0,False,True,MG,False,True,O[P](O)(=O)O[C@@H]1[C@H](O[P](O)(O)=O)[C@H](O[P](O)(O)=O)[C@@H](O[P](O)(O)=O)[C@H](O[P](O)(O)=O)[C@H]1O[P](O)(O)=O,SMILES_CANONICAL/CACTVS,36.0,True,True,eligible,True,True
5F24,5F24:A:306,IPD_A_306,IPD,A,306,,16,1,InsP1,2.2804374769330025,2.8066249825060368,29.263312458992004,2.5,X-RAY DIFFRACTION,2015-12-23T00:00:00Z,G:1AWB,G:1AWB,Q2FVV7,surface,0.320396062255198,37,1,False,1.0,False,True,CA,False,True,O[C@@H]1[C@@H](O)[C@@H](O)[C@@H](O[P]([O-])([O-])=O)[C@H](O)[C@H]1O,SMILES_CANONICAL/CACTVS,16.0,True,False,excluded: configuration differs from the CCD,False,False
5F24,5F24:B:308,IPD_B_308,IPD,B,308,,16,1,InsP1,16.17262500524521,12.943125009536743,8.002749919891357,2.5,X-RAY DIFFRACTION,2015-12-23T00:00:00Z,G:1AWB,G:1AWB,Q2FVV7,surface,0.2863885429871737,38,1,False,1.0,False,True,CA,False,False,O[C@@H]1[C@@H](O)[C@@H](O)[C@@H](O[P]([O-])([O-])=O)[C@H](O)[C@H]1O,SMILES_CANONICAL/CACTVS,16.0,True,False,excluded: configuration differs from the CCD,False,False
5ORJ,5ORJ:A:407,IHP_A_407,IHP,A,407,,36,6,InsP6,9.084277722570633,136.97891743977866,333.4454464382595,1.99,X-RAY DIFFRACTION,2018-02-28T00:00:00Z,G:3W8L,G:1B55,P68400,surface,0.7754158127724065,12,1,False,1.0,False,False,,False,True,O[P](O)(=O)O[C@@H]1[C@H](O[P](O)(O)=O)[C@H](O[P](O)(O)=O)[C@@H](O[P](O)(O)=O)[C@H](O[P](O)(O)=O)[C@H]1O[P](O)(O)=O,SMILES_CANONICAL/CACTVS,36.0,True,True,eligible,True,True
6D06,6D06:A:801,IHP_A_801,IHP,A,801,,36,6,InsP6,-48.95449988047282,-3.1561666892634497,27.56966665056017,2.55,X-RAY DIFFRACTION,2019-02-20T00:00:00Z,G:1ZY7,G:1ZY7,P78563,cryptic,0.1003489101016774,63,1,False,1.0,False,False,,False,False,O[P](O)(=O)O[C@@H]1[C@H](O[P](O)(O)=O)[C@H](O[P](O)(O)=O)[C@@H](O[P](O)(O)=O)[C@H](O[P](O)(O)=O)[C@H]1O[P](O)(O)=O,SMILES_CANONICAL/CACTVS,36.0,True,True,eligible,True,True
6D06,6D06:D:801,IHP_D_801,IHP,D,801,,36,6,InsP6,-83.71755536397298,-3.0561666611789,45.08194446563721,2.55,X-RAY DIFFRACTION,2019-02-20T00:00:00Z,G:1ZY7,G:1ZY7,P78563,cryptic,0.09017929580248,64,1,False,1.0,False,False,,False,False,O[P](O)(=O)O[C@@H]1[C@H](O[P](O)(O)=O)[C@H](O[P](O)(O)=O)[C@@H](O[P](O)(O)=O)[C@H](O[P](O)(O)=O)[C@H]1O[P](O)(O)=O,SMILES_CANONICAL/CACTVS,36.0,True,True,eligible,False,False
6SYT,6SYT:A:3701,IHP_A_3701,IHP,A,3701,,36,6,InsP6,176.67814000447592,133.63722229003906,188.16380564371744,3.45,ELECTRON MICROSCOPY,2019-12-11T00:00:00Z,G:6SYT,G:1B55,Q8ND04;Q96Q15;Q9H0W8,surface,0.4703096664302664,22,1,False,1.0,False,False,,False,,O[P](O)(=O)O[C@@H]1[C@H](O[P](O)(O)=O)[C@H](O[P](O)(O)=O)[C@@H](O[P](O)(O)=O)[C@H](O[P](O)(O)=O)[C@H]1O[P](O)(O)=O,SMILES_CANONICAL/CACTVS,36.0,True,False,excluded: configuration differs from the CCD,False,False
7E40,7E40:B:401,IHP_B_401,IHP,B,401,,36,6,InsP6,82.09825007120769,1.352749993196792,135.44166692097983,2.6,X-RAY DIFFRACTION,2021-11-10T00:00:00Z,G:5IJJ,G:5IJJ,D9IEF7;Q69XJ0;Q6Z156,crystal_artifact,0.8479700521359452,6,1,False,1.0,False,False,,False,True,,,,,,excluded: crystal artefact,False,False
7E40,7E40:B:402,IHP_B_402,IHP,B,402,,36,6,InsP6,66.83986123402913,-5.604861065745354,138.55047225952148,2.6,X-RAY DIFFRACTION,2021-11-10T00:00:00Z,G:5IJJ,G:5IJJ,D9IEF7;Q69XJ0;Q6Z156,surface,0.5493751396949744,34,1,False,1.0,False,False,,False,True,O[P](O)(=O)O[C@@H]1[C@H](O[P](O)(O)=O)[C@H](O[P](O)(O)=O)[C@@H](O[P](O)(O)=O)[C@H](O[P](O)(O)=O)[C@H]1O[P](O)(O)=O,SMILES_CANONICAL/CACTVS,36.0,True,False,excluded: configuration differs from the CCD,False,False
7E40,7E40:D:401,IHP_D_401,IHP,D,401,,36,6,InsP6,31.78250000211928,6.299416694376204,142.9179170396593,2.6,X-RAY DIFFRACTION,2021-11-10T00:00:00Z,G:5IJJ,G:5IJJ,D9IEF7;Q69XJ0;Q6Z156,surface,0.6982341315582055,15,1,False,1.0,False,False,,False,True,O[P](O)(=O)O[C@@H]1[C@H](O[P](O)(O)=O)[C@H](O[P](O)(O)=O)[C@@H](O[P](O)(O)=O)[C@H](O[P](O)(O)=O)[C@H]1O[P](O)(O)=O,SMILES_CANONICAL/CACTVS,36.0,True,True,eligible,True,True
7PE8,7PE8:A:2601,IHP_A_2601,IHP,A,2601,,36,6,InsP6,234.60255559285483,289.95855628119574,238.21494420369467,3.2,ELECTRON MICROSCOPY,2021-09-08T00:00:00Z,G:6ZWM,G:1B55,P42345;Q6R327;Q8TB45;Q9BPZ7;Q9BVC4,surface,0.492997215320801,28,1,False,1.0,False,False,,False,,O[P](O)(=O)O[C@@H]1[C@H](O[P](O)(O)=O)[C@H](O[P](O)(O)=O)[C@@H](O[P](O)(O)=O)[C@H](O[P](O)(O)=O)[C@H]1O[P](O)(O)=O,SMILES_CANONICAL/CACTVS,36.0,True,True,eligible,True,True
7VCF,7VCF:A:2005,IHP_A_2005,IHP,A,2005,,36,6,InsP6,211.52894507514105,207.51916715833875,172.06902906629773,2.5,ELECTRON MICROSCOPY,2022-11-30T00:00:00Z,G:7VCF,G:7VCF,A0A2K3CR90;A0A2K3D4W3;A0A2K3DQY7;A0A2K3DWN5;A0A2K3E0K3;A0A2K3E4D9;A8HYJ1;A8IE32;A8IZ79;A8J1J3;A8J5D4;A8J6H7;A8J6R5;P36495,semi_cryptic,0.1661803756308505,46,3,True,0.5,True,False,,False,,O[P](O)(=O)O[C@@H]1[C@H](O[P](O)(O)=O)[C@H](O[P](O)(O)=O)[C@@H](O[P](O)(O)=O)[C@H](O[P](O)(O)=O)[C@H]1O[P](O)(O)=O,SMILES_CANONICAL/CACTVS,36.0,True,False,excluded: configuration differs from the CCD,False,False
8PP8,8PP8:A:502,3IA_A_502,3IA,A,502,,24,3,InsP3,10.789750039577484,29.23674988746643,84.93229166666667,1.59,X-RAY DIFFRACTION,2024-02-28T00:00:00Z,G:1W2C,G:1W2C,P23677,surface,0.3124676101971948,27,1,False,1.0,False,False,,False,False,O[C@H]1[C@H](O)[C@@H](O[P](O)(O)=O)[C@H](O[P](O)(O)=O)[C@@H](O)[C@@H]1O[P](O)(O)=O,SMILES_CANONICAL/CACTVS,24.0,True,True,eligible,True,True
8PP8,8PP8:B:501,3IA_B_501,3IA,B,501,,24,3,InsP3,19.48304168383281,48.06445837020874,62.213333447774254,1.59,X-RAY DIFFRACTION,2024-02-28T00:00:00Z,G:1W2C,G:1W2C,P23677,surface,0.3313739560297702,27,1,False,1.0,False,False,,False,False,O[C@H]1[C@H](O)[C@@H](O[P](O)(O)=O)[C@H](O[P](O)(O)=O)[C@@H](O)[C@@H]1O[P](O)(O)=O,SMILES_CANONICAL/CACTVS,24.0,True,True,eligible,False,False
8XVV,8XVV:L:3901,IHP_L_3901,IHP,L,3901,,36,6,InsP6,187.19516711764865,233.97919421725803,130.5071940951877,3.2,ELECTRON MICROSCOPY,2024-07-24T00:00:00Z,G:3PEU,G:1B55,Q96L91;Q9Y4A5,surface,0.3230365136810679,43,1,False,1.0,False,False,,False,,O[P](O)(=O)O[C@@H]1[C@H](O[P](O)(O)=O)[C@H](O[P](O)(O)=O)[C@@H](O[P](O)(O)=O)[C@H](O[P](O)(O)=O)[C@H]1O[P](O)(O)=O,SMILES_CANONICAL/CACTVS,36.0,True,False,excluded: configuration differs from the CCD,False,False
9D6D,9D6D:C:301,IHP_C_301,IHP,C,301,,36,6,InsP6,219.52300050523547,160.3965564303928,149.28152889675565,2.18,ELECTRON MICROSCOPY,2024-10-30T00:00:00Z,G:30OE,G:30OE,P12493,surface,0.7270960452130917,12,2,True,1.0,False,False,,False,,O[P](O)(=O)O[C@@H]1[C@H](O[P](O)(O)=O)[C@H](O[P](O)(O)=O)[C@@H](O[P](O)(O)=O)[C@H](O[P](O)(O)=O)[C@H]1O[P](O)(O)=O,SMILES_CANONICAL/CACTVS,36.0,True,True,eligible,True,True
9D6D,9D6D:D:401,IHP_D_401,IHP,D,401,,36,6,InsP6,150.1245002746582,150.30897352430554,154.19041612413196,2.18,ELECTRON MICROSCOPY,2024-10-30T00:00:00Z,G:30OE,G:30OE,P12493,surface,0.2617878887797585,41,6,True,1.0,False,False,,False,,O[P](O)(=O)O[C@@H]1[C@H](O[P](O)(O)=O)[C@H](O[P](O)(O)=O)[C@@H](O[P](O)(O)=O)[C@H](O[P](O)(O)=O)[C@H]1O[P](O)(O)=O,SMILES_CANONICAL/CACTVS,36.0,True,True,eligible,False,False
9D6D,9D6D:E:302,IHP_E_302,IHP,E,302,,36,6,InsP6,175.99619505140515,215.2690264383952,149.29097154405383,2.18,ELECTRON MICROSCOPY,2024-10-30T00:00:00Z,G:30OE,G:30OE,P12493,surface,0.7282065626544804,12,2,True,1.0,False,False,,False,,O[P](O)(=O)O[C@@H]1[C@H](O[P](O)(O)=O)[C@H](O[P](O)(O)=O)[C@@H](O[P](O)(O)=O)[C@H](O[P](O)(O)=O)[C@H]1O[P](O)(O)=O,SMILES_CANONICAL/CACTVS,36.0,True,True,eligible,False,False
9D6D,9D6D:I:401,IHP_I_401,IHP,I,401,,36,6,InsP6,106.78580559624568,205.0193617078993,149.17277823554144,2.18,ELECTRON MICROSCOPY,2024-10-30T00:00:00Z,G:30OE,G:30OE,P12493,surface,0.7388173874302039,12,2,True,1.0,False,False,,False,,O[P](O)(=O)O[C@@H]1[C@H](O[P](O)(O)=O)[C@H](O[P](O)(O)=O)[C@@H](O[P](O)(O)=O)[C@H](O[P](O)(O)=O)[C@H]1O[P](O)(O)=O,SMILES_CANONICAL/CACTVS,36.0,True,True,eligible,False,False
9D6D,9D6D:L:301,IHP_L_301,IHP,L,301,,36,6,InsP6,80.9307501051161,140.0941399468316,149.2924452887641,2.18,ELECTRON MICROSCOPY,2024-10-30T00:00:00Z,G:30OE,G:30OE,P12493,surface,0.7309806669444477,12,2,True,1.0,False,False,,False,,O[P](O)(=O)O[C@@H]1[C@H](O[P](O)(O)=O)[C@H](O[P](O)(O)=O)[C@@H](O[P](O)(O)=O)[C@H](O[P](O)(O)=O)[C@H]1O[P](O)(O)=O,SMILES_CANONICAL/CACTVS,36.0,True,True,eligible,False,False
9D6D,9D6D:N:302,IHP_N_302,IHP,N,302,,36,6,InsP6,124.49524964226616,85.22527800665961,149.2366943359375,2.18,ELECTRON MICROSCOPY,2024-10-30T00:00:00Z,G:30OE,G:30OE,P12493,surface,0.7382000117928906,12,2,True,1.0,False,False,,False,,O[P](O)(=O)O[C@@H]1[C@H](O[P](O)(O)=O)[C@H](O[P](O)(O)=O)[C@@H](O[P](O)(O)=O)[C@H](O[P](O)(O)=O)[C@H]1O[P](O)(O)=O,SMILES_CANONICAL/CACTVS,36.0,True,True,eligible,False,False
9D6D,9D6D:R:301,IHP_R_301,IHP,R,301,,36,6,InsP6,193.6806386311849,95.42700004577635,149.18575032552084,2.18,ELECTRON MICROSCOPY,2024-10-30T00:00:00Z,G:30OE,G:30OE,P12493,surface,0.7452384406210565,12,2,True,1.0,False,False,,False,,O[P](O)(=O)O[C@@H]1[C@H](O[P](O)(O)=O)[C@H](O[P](O)(O)=O)[C@@H](O[P](O)(O)=O)[C@H](O[P](O)(O)=O)[C@H]1O[P](O)(O)=O,SMILES_CANONICAL/CACTVS,36.0,True,True,eligible,False,False
9P9M,9P9M:P:401,IHP_P_401,IHP,P,401,,36,6,InsP6,151.54005474514432,151.01269404093424,156.0996119181315,2.93,ELECTRON MICROSCOPY,2026-04-29T00:00:00Z,G:30OE,G:30OE,P12493,surface,0.3009825742631242,32,6,True,1.0,False,False,,False,,O[P](O)(=O)O[C@@H]1[C@H](O[P](O)(O)=O)[C@H](O[P](O)(O)=O)[C@@H](O[P](O)(O)=O)[C@H](O[P](O)(O)=O)[C@H]1O[P](O)(O)=O,SMILES_CANONICAL/CACTVS,36.0,True,True,eligible,True,True
9T4K,9T4K:A:201,IHP_A_201,IHP,A,201,,36,6,InsP6,-21.827083375718857,-3.051500025929676,-7.725583281781938,1.39,X-RAY DIFFRACTION,2026-06-10T00:00:00Z,G:2FVV,G:2FVV,O95989,semi_cryptic,0.2060248877952742,57,1,False,1.0,False,True,MG,False,False,O[P](O)(=O)O[C@@H]1[C@H](O[P](O)(O)=O)[C@H](O[P](O)(O)=O)[C@@H](O[P](O)(O)=O)[C@H](O[P](O)(O)=O)[C@H]1O[P](O)(O)=O,SMILES_CANONICAL/CACTVS,36.0,True,True,eligible,True,True
9YLI,9YLI:A:2801,I3P_A_2801,I3P,A,2801,,24,3,InsP3,209.05183347066244,271.4592933654785,259.72082901000977,3.33,ELECTRON MICROSCOPY,2026-07-01T00:00:00Z,G:1N4K,G:1B55,Q14571,surface,0.311916070274196,41,1,False,1.0,False,False,,False,,O[C@@H]1[C@H](O)[C@@H](O[P](O)(O)=O)[C@H](O[P](O)(O)=O)[C@@H](O)[C@@H]1O[P](O)(O)=O,SMILES_CANONICAL/CACTVS,24.0,True,True,eligible,True,True
9YLI,9YLI:B:2801,I3P_B_2801,I3P,B,2801,,24,3,InsP3,149.3997484842936,209.0516675313314,259.71633275349933,3.33,ELECTRON MICROSCOPY,2026-07-01T00:00:00Z,G:1N4K,G:1B55,Q14571,surface,0.3098059256261459,41,1,False,1.0,False,False,,False,,O[C@@H]1[C@H](O)[C@@H](O[P](O)(O)=O)[C@H](O[P](O)(O)=O)[C@@H](O)[C@@H]1O[P](O)(O)=O,SMILES_CANONICAL/CACTVS,24.0,True,True,eligible,False,False
9YLI,9YLI:C:2801,I3P_C_2801,I3P,C,2801,,24,3,InsP3,211.82037544250488,149.40545845031738,259.7340024312337,3.33,ELECTRON MICROSCOPY,2026-07-01T00:00:00Z,G:1N4K,G:1B55,Q14571,surface,0.3064313635053329,40,1,False,1.0,False,False,,False,,O[C@@H]1[C@H](O)[C@@H](O[P](O)(O)=O)[C@H](O[P](O)(O)=O)[C@@H](O)[C@@H]1O[P](O)(O)=O,SMILES_CANONICAL/CACTVS,24.0,True,True,eligible,False,False
9YLI,9YLI:D:2801,I3P_D_2801,I3P,D,2801,,24,3,InsP3,271.47421010335285,211.82804361979169,259.72416559855145,3.33,ELECTRON MICROSCOPY,2026-07-01T00:00:00Z,G:1N4K,G:1B55,Q14571,surface,0.3106682512409228,41,1,False,1.0,False,False,,False,,O[C@@H]1[C@H](O)[C@@H](O[P](O)(O)=O)[C@H](O[P](O)(O)=O)[C@@H](O)[C@@H]1O[P](O)(O)=O,SMILES_CANONICAL/CACTVS,24.0,True,True,eligible,False,False
1DJW,1DJW:A:1,CIP_A_1,CIP,A,1,,15,1,InsP1,126.00113220214844,39.80720011393229,18.53580010732015,2.45,X-RAY DIFFRACTION,1997-07-23T00:00:00Z,G:1DJW,G:1B55,P10688,surface,0.3066074945305464,33,1,False,0.6500000000000001,True,True,CA,False,False,O[C@H]1[C@H](O)[C@@H](O)[C@@H]2O[P@@](O)(=O)C[C@@H]2[C@@H]1O,SMILES_CANONICAL/CACTVS,15.0,True,True,eligible,True,True
1DJW,1DJW:B:1,CIP_B_1,CIP,B,1,,15,1,InsP1,81.2673329671224,40.79026692708333,-21.85673319498698,2.45,X-RAY DIFFRACTION,1997-07-23T00:00:00Z,G:1DJW,G:1B55,P10688,surface,0.3216568361707373,33,1,False,0.6500000000000001,True,True,CA,False,False,O[C@H]1[C@H](O)[C@@H](O)[C@@H]2O[P@@](O)(=O)C[C@@H]2[C@@H]1O,SMILES_CANONICAL/CACTVS,15.0,True,True,eligible,False,False
1MAI,1MAI:A:200,I3P_A_200,I3P,A,200,,24,3,InsP3,33.05824987093607,16.846666653951008,5.222874994079272,1.9,X-RAY DIFFRACTION,1996-11-08T00:00:00Z,G:1MAI,G:1B55,P10688,surface,0.3728327405434915,38,1,False,1.0,False,False,,False,True,O[C@@H]1[C@H](O)[C@@H](O[P](O)(O)=O)[C@H](O[P](O)(O)=O)[C@@H](O)[C@@H]1O[P](O)(O)=O,SMILES_CANONICAL/CACTVS,24.0,True,True,eligible,True,True
2A98,2A98:A:1,I3P_A_1,I3P,A,1,,24,3,InsP3,4.042125002791484,33.051541805267334,10.4594167470932,2.6,X-RAY DIFFRACTION,2005-07-19T00:00:00Z,G:1W2C,G:1W2C,Q96DU7,surface,0.328013611283309,32,1,False,1.0,False,False,,False,False,O[C@@H]1[C@H](O)[C@@H](O[P](O)(O)=O)[C@H](O[P](O)(O)=O)[C@@H](O)[C@@H]1O[P](O)(O)=O,SMILES_CANONICAL/CACTVS,24.0,True,True,eligible,True,True
30OE,30OE:C:301,IHP_C_301,IHP,C,301,,36,6,InsP6,141.10524961683484,141.4036110772027,169.49644470214844,3.47,ELECTRON MICROSCOPY,2026-06-24T00:00:00Z,G:30OE,G:30OE,,surface,0.5718358826391937,29,6,True,0.4499999999999999,True,False,,False,,O[P](O)(=O)O[C@@H]1[C@H](O[P](O)(O)=O)[C@H](O[P](O)(O)=O)[C@@H](O[P](O)(O)=O)[C@H](O[P](O)(O)=O)[C@H]1O[P](O)(O)=O,SMILES_CANONICAL/CACTVS,36.0,True,True,eligible,True,True
30OE,30OE:F:301,IHP_F_301,IHP,F,301,,36,6,InsP6,140.98388841417102,140.50074895222983,159.93208355373807,3.47,ELECTRON MICROSCOPY,2026-06-24T00:00:00Z,G:30OE,G:30OE,,surface,0.6625270233051963,19,6,True,0.3499999999999999,True,False,,False,,O[P](O)(=O)O[C@@H]1[C@H](O[P](O)(O)=O)[C@H](O[P](O)(O)=O)[C@@H](O[P](O)(O)=O)[C@H](O[P](O)(O)=O)[C@H]1O[P](O)(O)=O,SMILES_CANONICAL/CACTVS,36.0,True,True,eligible,False,False
3PEV,3PEV:B:1003,IHP_B_1003,IHP,B,1003,,36,6,InsP6,47.03680557674832,62.92766645219591,110.2821667989095,2.5,X-RAY DIFFRACTION,2011-03-23T00:00:00Z,G:3PEU,G:1B55,P20449;Q12315,surface,0.4277533336193427,36,2,True,1.0,False,False,,False,False,O[P](O)(=O)O[C@@H]1[C@H](O[P](O)(O)=O)[C@H](O[P](O)(O)=O)[C@@H](O[P](O)(O)=O)[C@H](O[P](O)(O)=O)[C@H]1O[P](O)(O)=O,SMILES_CANONICAL/CACTVS,36.0,True,True,eligible,True,True
4QJ4,4QJ4:B:902,I3P_B_902,I3P,B,902,,24,3,InsP3,31.472874800364178,37.79841629664103,15.647833307584127,3.3,X-RAY DIFFRACTION,2014-10-22T00:00:00Z,G:1DJW,G:1B55,P21279;Q01970,surface,0.323850824460644,39,1,False,1.0,False,True,CA,False,False,O[C@@H]1[C@H](O)[C@@H](O[P](O)(O)=O)[C@H](O[P](O)(O)=O)[C@@H](O)[C@@H]1O[P](O)(O)=O,SMILES_CANONICAL/CACTVS,24.0,True,True,eligible,True,True
5HDT,5HDT:A:1201,IHP_A_1201,IHP,A,1201,,36,6,InsP6,93.84863917032878,78.9508056640625,220.71766577826605,2.71,X-RAY DIFFRACTION,2016-03-09T00:00:00Z,G:5HDT,G:5HDT,Q7Z5K2;Q9NTI5,surface,0.4658093120908379,30,1,False,1.0,False,False,,False,False,O[P](O)(=O)O[C@@H]1[C@H](O[P](O)(O)=O)[C@H](O[P](O)(O)=O)[C@@H](O[P](O)(O)=O)[C@H](O[P](O)(O)=O)[C@H]1O[P](O)(O)=O,SMILES_CANONICAL/CACTVS,36.0,True,False,excluded: configuration differs from the CCD,False,False
5HDT,5HDT:B:1201,IHP_B_1201,IHP,B,1201,,36,6,InsP6,99.02361085679796,169.71988805135092,147.41133287217883,2.71,X-RAY DIFFRACTION,2016-03-09T00:00:00Z,G:5HDT,G:5HDT,Q7Z5K2;Q9NTI5,surface,0.5058855617874121,27,1,False,1.0,False,False,,False,False,O[P](O)(=O)O[C@@H]1[C@H](O[P](O)(O)=O)[C@H](O[P](O)(O)=O)[C@@H](O[P](O)(O)=O)[C@H](O[P](O)(O)=O)[C@H]1O[P](O)(O)=O,SMILES_CANONICAL/CACTVS,36.0,True,False,excluded: configuration differs from the CCD,False,False
5TV1,5TV1:A:401,IHP_A_401,IHP,A,401,,36,6,InsP6,48.779472245110405,73.82986111111111,69.11438857184515,2.4,X-RAY DIFFRACTION,2017-11-22T00:00:00Z,G:1ZSH,G:1ZSH,P32120,surface,0.7304120475316482,13,1,False,1.0,False,False,,False,True,O[P](O)(=O)O[C@@H]1[C@H](O[P](O)(O)=O)[C@H](O[P](O)(O)=O)[C@@H](O[P](O)(O)=O)[C@H](O[P](O)(O)=O)[C@H]1O[P](O)(O)=O,SMILES_CANONICAL/CACTVS,36.0,True,True,eligible,True,True
5TV1,5TV1:A:402,IHP_A_402,IHP,A,402,,36,6,InsP6,55.982500076293945,50.3307778040568,62.70241673787435,2.4,X-RAY DIFFRACTION,2017-11-22T00:00:00Z,G:1ZSH,G:1ZSH,P32120,surface,0.5365761920011685,16,1,False,1.0,False,False,,False,True,O[P](O)(=O)O[C@@H]1[C@H](O[P](O)(O)=O)[C@H](O[P](O)(O)=O)[C@@H](O[P](O)(O)=O)[C@H](O[P](O)(O)=O)[C@H]1O[P](O)(O)=O,SMILES_CANONICAL/CACTVS,36.0,True,True,eligible,False,False
6ES8,6ES8:A:501,IHP_A_501,IHP,A,501,,36,6,InsP6,137.08202701144748,79.35533311631944,7.189388884438409,1.9,X-RAY DIFFRACTION,2018-08-15T00:00:00Z,G:30OE,G:30OE,P12497,surface,0.8708912239011232,8,1,False,0.16,True,False,,False,True,O[P](O)(=O)O[C@@H]1[C@H](O[P](O)(O)=O)[C@H](O[P](O)(O)=O)[C@@H](O[P](O)(O)=O)[C@H](O[P](O)(O)=O)[C@H]1O[P](O)(O)=O,SMILES_CANONICAL/CACTVS,36.0,True,True,eligible,True,True
6VFF,6VFF:A:801,IHP_A_801,IHP,A,801,,36,6,InsP6,-42.18363920847575,10.32994446489546,37.02394453684489,2.8,X-RAY DIFFRACTION,2020-07-01T00:00:00Z,G:1ZY7,G:1ZY7,P78563,cryptic,0.1085798784588569,63,1,False,1.0,False,False,,False,False,O[P](O)(=O)O[C@@H]1[C@H](O[P](O)(O)=O)[C@H](O[P](O)(O)=O)[C@@H](O[P](O)(O)=O)[C@H](O[P](O)(O)=O)[C@H]1O[P](O)(O)=O,SMILES_CANONICAL/CACTVS,36.0,True,False,excluded: configuration differs from the CCD,False,False
6VFF,6VFF:B:801,IHP_B_801,IHP,B,801,,36,6,InsP6,-76.74230575561523,9.700583351982964,54.57247225443522,2.8,X-RAY DIFFRACTION,2020-07-01T00:00:00Z,G:1ZY7,G:1ZY7,P78563,cryptic,0.0882741692454706,62,1,False,1.0,False,False,,False,False,O[P](O)(=O)O[C@@H]1[C@H](O[P](O)(O)=O)[C@H](O[P](O)(O)=O)[C@@H](O[P](O)(O)=O)[C@H](O[P](O)(O)=O)[C@H]1O[P](O)(O)=O,SMILES_CANONICAL/CACTVS,36.0,True,False,excluded: configuration differs from the CCD,False,False
7F1W,7F1W:A:501,IHP_A_501,IHP,A,501,,36,6,InsP6,-42.47538895077176,-20.08616669972737,76.18169487847223,3.1,X-RAY DIFFRACTION,2021-10-27T00:00:00Z,G:1ZSH,G:1ZSH,P08168,surface,0.5602744011493803,19,1,False,1.0,False,False,,False,False,O[P](O)(=O)O[C@@H]1[C@H](O[P](O)(O)=O)[C@H](O[P](O)(O)=O)[C@@H](O[P](O)(O)=O)[C@H](O[P](O)(O)=O)[C@H]1O[P](O)(O)=O,SMILES_CANONICAL/CACTVS,36.0,True,True,eligible,True,True
7F1W,7F1W:B:501,IHP_B_501,IHP,B,501,,36,6,InsP6,-12.948638863033718,-37.11527808507284,-3.6558333291258247,3.1,X-RAY DIFFRACTION,2021-10-27T00:00:00Z,G:1ZSH,G:1ZSH,P08168,surface,0.5911527480747435,20,1,False,1.0,False,False,,False,False,O[P](O)(=O)O[C@@H]1[C@H](O[P](O)(O)=O)[C@H](O[P](O)(O)=O)[C@@H](O[P](O)(O)=O)[C@H](O[P](O)(O)=O)[C@H]1O[P](O)(O)=O,SMILES_CANONICAL/CACTVS,36.0,True,True,eligible,False,False
7F1W,7F1W:D:501,IHP_D_501,IHP,D,501,,36,6,InsP6,-53.62122217814128,-36.971361213260224,40.58950021531847,3.1,X-RAY DIFFRACTION,2021-10-27T00:00:00Z,G:1ZSH,G:1ZSH,P08168,surface,0.5679666597871554,20,1,False,1.0,False,False,,False,False,O[P](O)(=O)O[C@@H]1[C@H](O[P](O)(O)=O)[C@H](O[P](O)(O)=O)[C@@H](O[P](O)(O)=O)[C@H](O[P](O)(O)=O)[C@H]1O[P](O)(O)=O,SMILES_CANONICAL/CACTVS,36.0,True,True,eligible,False,False
7PW4,7PW4:A:3701,IHP_A_3701,IHP,A,3701,,36,6,InsP6,153.5626941257053,139.62902704874674,191.5348048739963,3.27,ELECTRON MICROSCOPY,2021-12-01T00:00:00Z,G:6SYT,G:1B55,Q8ND04;Q96Q15;Q9H0W8,surface,0.4867134592864465,21,1,False,1.0,False,False,,False,,O[P](O)(=O)O[C@@H]1[C@H](O[P](O)(O)=O)[C@H](O[P](O)(O)=O)[C@@H](O[P](O)(O)=O)[C@H](O[P](O)(O)=O)[C@H]1O[P](O)(O)=O,SMILES_CANONICAL/CACTVS,36.0,True,False,excluded: configuration differs from the CCD,False,False
7XZI,7XZI:A:2001,IHP_A_2001,IHP,A,2001,,36,6,InsP6,225.30716620551212,204.3684993320041,176.00102784898547,2.77,ELECTRON MICROSCOPY,2023-01-11T00:00:00Z,G:7VCF,G:7VCF,A0A2K3CR90;A0A2K3D4W3;A0A2K3DQY7;A0A2K3DWN0;A0A2K3DWN5;A0A2K3E0K3;A8HYJ1;A8IE32;A8IZ79;A8J1J3;A8J5D4;A8J6H7;A8J6R5;P36495,semi_cryptic,0.2188139441251048,48,2,True,1.0,False,False,,False,,O[P](O)(=O)O[C@@H]1[C@H](O[P](O)(O)=O)[C@H](O[P](O)(O)=O)[C@@H](O[P](O)(O)=O)[C@H](O[P](O)(O)=O)[C@H]1O[P](O)(O)=O,SMILES_CANONICAL/CACTVS,36.0,True,True,eligible,True,True
8PP9,8PP9:A:501,4IM_A_501,4IM,A,501,,28,4,InsP4,11.252500074250358,29.29878568649292,84.63407080514091,1.73,X-RAY DIFFRACTION,2024-02-28T00:00:00Z,G:1W2C,G:1W2C,P23677,surface,0.3292273173375393,31,1,False,1.0,False,True,MN,False,False,O[C@H]1[C@H](O[P](O)(O)=O)[C@@H](O)[C@H](O[P](O)(O)=O)[C@@H](O[P](O)(O)=O)[C@@H]1O[P](O)(O)=O,SMILES_CANONICAL/CACTVS,28.0,True,True,eligible,True,True
8PP9,8PP9:B:502,4IM_B_502,4IM,B,502,,28,4,InsP4,19.110143082482477,48.48010676247733,62.77382155827114,1.73,X-RAY DIFFRACTION,2024-02-28T00:00:00Z,G:1W2C,G:1W2C,P23677,surface,0.3374589200322173,29,1,False,1.0,False,False,,False,False,O[C@H]1[C@H](O[P](O)(O)=O)[C@@H](O)[C@H](O[P](O)(O)=O)[C@@H](O[P](O)(O)=O)[C@@H]1O[P](O)(O)=O,SMILES_CANONICAL/CACTVS,28.0,True,True,eligible,False,False
8YJA,8YJA:A:3802,IHP_A_3802,IHP,A,3802,,36,6,InsP6,-17.76741687456767,-16.47558334138658,-33.98613897959391,2.2,X-RAY DIFFRACTION,2024-07-10T00:00:00Z,G:3EEB,G:3EEB,A0A2S3R7M0,semi_cryptic,0.1497831185868287,59,2,True,1.0,False,False,,False,False,O[P](O)(=O)O[C@@H]1[C@H](O[P](O)(O)=O)[C@H](O[P](O)(O)=O)[C@@H](O[P](O)(O)=O)[C@H](O[P](O)(O)=O)[C@H]1O[P](O)(O)=O,SMILES_CANONICAL/CACTVS,36.0,True,True,eligible,True,True
9D6E,9D6E:J:401,IHP_J_401,IHP,J,401,,36,6,InsP6,150.41677856445312,150.78088845147028,156.14141506618924,3.09,ELECTRON MICROSCOPY,2024-10-30T00:00:00Z,G:30OE,G:30OE,P12493,surface,0.2578375067191983,37,6,True,1.0,False,False,,False,,O[P](O)(=O)O[C@@H]1[C@H](O[P](O)(O)=O)[C@H](O[P](O)(O)=O)[C@@H](O[P](O)(O)=O)[C@H](O[P](O)(O)=O)[C@H]1O[P](O)(O)=O,SMILES_CANONICAL/CACTVS,36.0,True,True,eligible,True,True
9QH5,9QH5:B:1101,IHP_B_1101,IHP,B,1101,,36,6,InsP6,150.0121659172906,128.8990005917019,164.88022232055664,3.09,ELECTRON MICROSCOPY,2025-10-29T00:00:00Z,G:28MJ,G:1B55,A0AVT1;P0CG48;Q9NR09,surface,0.4271335676969147,26,1,False,1.0,False,False,,False,,O[P](O)(=O)O[C@@H]1[C@H](O[P](O)(O)=O)[C@H](O[P](O)(O)=O)[C@@H](O[P](O)(O)=O)[C@H](O[P](O)(O)=O)[C@H]1O[P](O)(O)=O,SMILES_CANONICAL/CACTVS,36.0,True,True,eligible,True,True
9T4L,9T4L:A:201,IHP_A_201,IHP,A,201,,36,6,InsP6,21.59891658359104,2.99980555433366,-7.354527844323052,1.13,X-RAY DIFFRACTION,2026-06-10T00:00:00Z,G:2FVV,G:2FVV,O95989,semi_cryptic,0.1361398969014979,52,1,False,0.4000000000000001,True,True,MG,True,False,O[P](O)(=O)O[C@@H]1[C@H](O[P](O)(O)=O)[C@H](O[P](O)(O)=O)[C@@H](O[P](O)(O)=O)[C@H](O[P](O)(O)=O)[C@H]1O[P](O)(O)=O,SMILES_CANONICAL/CACTVS,36.0,True,True,eligible,True,True
9YMZ,9YMZ:A:2801,I3P_A_2801,I3P,A,2801,,24,3,InsP3,230.8422482808431,197.20129013061523,129.65291690826416,3.14,ELECTRON MICROSCOPY,2026-07-01T00:00:00Z,G:1N4K,G:1B55,Q14571,surface,0.3015327410884989,35,1,False,1.0,False,False,,False,,O[C@@H]1[C@H](O)[C@@H](O[P](O)(O)=O)[C@H](O[P](O)(O)=O)[C@@H](O)[C@@H]1O[P](O)(O)=O,SMILES_CANONICAL/CACTVS,24.0,True,True,eligible,True,True
1DJX,1DJX:A:1,I3P_A_1,I3P,A,1,,24,3,InsP3,126.84887504577635,40.127999782562256,18.25179175535838,2.3,X-RAY DIFFRACTION,1997-07-07T00:00:00Z,G:1DJW,G:1B55,P10688,surface,0.2823276008506996,40,1,False,1.0,False,True,CA,False,False,O[C@@H]1[C@H](O)[C@@H](O[P](O)(O)=O)[C@H](O[P](O)(O)=O)[C@@H](O)[C@@H]1O[P](O)(O)=O,SMILES_CANONICAL/CACTVS,24.0,True,True,eligible,True,True
1DJX,1DJX:B:1,I3P_B_1,I3P,B,1,,24,3,InsP3,82.34404118855794,40.19341659545898,-21.28737497329712,2.3,X-RAY DIFFRACTION,1997-07-07T00:00:00Z,G:1DJW,G:1B55,P10688,surface,0.286775255018098,42,1,False,1.0,False,True,CA,False,False,O[C@@H]1[C@H](O)[C@@H](O[P](O)(O)=O)[C@H](O[P](O)(O)=O)[C@@H](O)[C@@H]1O[P](O)(O)=O,SMILES_CANONICAL/CACTVS,24.0,True,True,eligible,False,False
1N4K,1N4K:A:1000,I3P_A_1000,I3P,A,1000,,24,3,InsP3,22.75108313560486,-1.930749997496605,12.102874954541525,2.2,X-RAY DIFFRACTION,2002-12-25T00:00:00Z,G:1N4K,G:1B55,P11881,surface,0.3140588418672098,40,1,False,1.0,False,False,,False,False,O[C@@H]1[C@H](O)[C@@H](O[P](O)(O)=O)[C@H](O[P](O)(O)=O)[C@@H](O)[C@@H]1O[P](O)(O)=O,SMILES_CANONICAL/CACTVS,24.0,True,True,eligible,True,True
2FVV,2FVV:A:2360,IHP_A_2360,IHP,A,2360,,36,6,InsP6,17.834388891855877,3.9954166592409215,15.166722218195597,1.25,X-RAY DIFFRACTION,2006-03-11T00:00:00Z,G:2FVV,G:2FVV,O95989,surface,0.3201749623824194,42,1,False,1.0,False,False,,False,False,O[P](O)(=O)O[C@@H]1[C@H](O[P](O)(O)=O)[C@H](O[P](O)(O)=O)[C@@H](O[P](O)(O)=O)[C@H](O[P](O)(O)=O)[C@H]1O[P](O)(O)=O,SMILES_CANONICAL/CACTVS,36.0,True,True,eligible,True,True
32ZB,32ZB:A:501,IHP_A_501,IHP,A,501,,36,6,InsP6,139.26602681477866,139.49077690972223,185.48172208997937,3.24,ELECTRON MICROSCOPY,2026-08-19T00:00:00Z,G:30OE,G:30OE,P62685,crystal_artifact,0.8092305200149609,3,1,False,0.0,True,False,,False,,,,,,,excluded: crystal artefact,False,False
3RRM,3RRM:B:1,IHP_B_1,IHP,B,1,,36,6,InsP6,77.96663856506348,-12.374194463094076,6.097083353334003,2.9,X-RAY DIFFRACTION,2011-05-18T00:00:00Z,G:3PEU,G:1B55,P20449;P40477;Q12315,surface,0.3739193690459818,32,2,True,1.0,False,True,MG,False,False,O[P](O)(=O)O[C@@H]1[C@H](O[P](O)(O)=O)[C@H](O[P](O)(O)=O)[C@@H](O[P](O)(O)=O)[C@H](O[P](O)(O)=O)[C@H]1O[P](O)(O)=O,SMILES_CANONICAL/CACTVS,36.0,True,True,eligible,True,True
4QJ5,4QJ5:B:902,I3P_B_902,I3P,B,902,,24,3,InsP3,32.54629182815552,38.18795839945475,16.43387484550476,3.41,X-RAY DIFFRACTION,2014-10-22T00:00:00Z,G:1DJW,G:1B55,P21279;Q01970,surface,0.4061073966394543,33,1,False,1.0,False,True,CA,False,False,O[C@@H]1[C@H](O)[C@@H](O[P](O)(O)=O)[C@H](O[P](O)(O)=O)[C@@H](O)[C@@H]1O[P](O)(O)=O,SMILES_CANONICAL/CACTVS,24.0,True,True,eligible,True,True
5HJQ,5HJQ:A:401,I3P_A_401,I3P,A,401,,24,3,InsP3,17.915958285331726,10.758958319822948,124.8529167175293,2.3,X-RAY DIFFRACTION,2016-09-21T00:00:00Z,G:5HJQ,G:5HJQ,Q9VIH7,surface,0.458727000364257,32,1,False,1.0,False,False,,False,True,O[C@@H]1[C@H](O)[C@@H](O[P](O)(O)=O)[C@H](O[P](O)(O)=O)[C@@H](O)[C@@H]1O[P](O)(O)=O,SMILES_CANONICAL/CACTVS,24.0,True,True,eligible,True,True
5W2H,5W2H:A:704,I3P_A_704,I3P,A,704,,24,3,InsP3,15.761500040690104,16.53583323955536,33.71949974695841,1.9,X-RAY DIFFRACTION,2017-09-13T00:00:00Z,G:5W2H,G:1W2C,Q8NFU5,surface,0.3132483811396813,30,1,False,1.0,False,False,,False,False,O[C@@H]1[C@H](O)[C@@H](O[P](O)(O)=O)[C@H](O[P](O)(O)=O)[C@@H](O)[C@@H]1O[P](O)(O)=O,SMILES_CANONICAL/CACTVS,24.0,True,True,eligible,True,True
6FF4,6FF4:A:3001,IHP_A_3001,IHP,A,3001,,36,6,InsP6,232.20986133151584,291.8443891737196,237.01022254096137,3.4,ELECTRON MICROSCOPY,2018-08-29T00:00:00Z,G:3PEU,G:1B55,O15541;O43660;O60508;O75533;P41223;Q13435;Q13573;Q15029;Q15393;Q15428;Q6P2Q9;Q6UX04;Q7RTV0;Q8IYB3;Q99459;Q9BRD0;Q9BWJ5;Q9BZJ0;Q9NW64;Q9P013;Q9UQ35;Q9Y388;Q9Y3B4;Q9Y3C6,surface,0.2810624519947388,46,2,True,1.0,False,False,,False,,O[P](O)(=O)O[C@@H]1[C@H](O[P](O)(O)=O)[C@H](O[P](O)(O)=O)[C@@H](O[P](O)(O)=O)[C@H](O[P](O)(O)=O)[C@H]1O[P](O)(O)=O,SMILES_CANONICAL/CACTVS,36.0,True,False,excluded: configuration differs from the CCD,False,False
6VVD,6VVD:A:401,IHP_A_401,IHP,A,401,,36,6,InsP6,14.584916724099052,-19.26111104753282,-9.779416693581474,2.65,X-RAY DIFFRACTION,2020-04-08T00:00:00Z,G:6VVD,G:1B55,Q5ZSB6,surface,0.2853052090585084,53,1,False,1.0,False,False,,False,False,O[P](O)(=O)O[C@@H]1[C@H](O[P](O)(O)=O)[C@H](O[P](O)(O)=O)[C@@H](O[P](O)(O)=O)[C@H](O[P](O)(O)=O)[C@H]1O[P](O)(O)=O,SMILES_CANONICAL/CACTVS,36.0,True,True,eligible,True,True
6VVD,6VVD:B:401,IHP_B_401,IHP,B,401,,36,6,InsP6,37.50511105855306,-9.283916645579868,-83.1564998626709,2.65,X-RAY DIFFRACTION,2020-04-08T00:00:00Z,G:6VVD,G:1B55,Q5ZSB6,surface,0.2772328855786879,61,1,False,1.0,False,False,,False,False,O[P](O)(=O)O[C@@H]1[C@H](O[P](O)(O)=O)[C@H](O[P](O)(O)=O)[C@@H](O[P](O)(O)=O)[C@H](O[P](O)(O)=O)[C@H]1O[P](O)(O)=O,SMILES_CANONICAL/CACTVS,36.0,True,True,eligible,False,False
6VVD,6VVD:C:401,IHP_C_401,IHP,C,401,,36,6,InsP6,42.87061097886827,23.945472240448,-36.85777770148383,2.65,X-RAY DIFFRACTION,2020-04-08T00:00:00Z,G:6VVD,G:1B55,Q5ZSB6,surface,0.3506406295676598,54,1,False,1.0,False,False,,False,False,O[P](O)(=O)O[C@@H]1[C@H](O[P](O)(O)=O)[C@H](O[P](O)(O)=O)[C@@H](O[P](O)(O)=O)[C@H](O[P](O)(O)=O)[C@H]1O[P](O)(O)=O,SMILES_CANONICAL/CACTVS,36.0,True,True,eligible,False,False
7F1X,7F1X:A:501,I3P_A_501,I3P,A,501,,24,3,InsP3,144.48679161071777,241.155792872111,194.50433349609372,3.0,X-RAY DIFFRACTION,2021-10-27T00:00:00Z,G:1ZSH,G:1ZSH,P08168,surface,0.3633772851013301,38,1,False,1.0,False,False,,False,True,O[C@@H]1[C@H](O)[C@@H](O[P](O)(O)=O)[C@H](O[P](O)(O)=O)[C@@H](O)[C@@H]1O[P](O)(O)=O,SMILES_CANONICAL/CACTVS,24.0,True,True,eligible,True,True
7F1X,7F1X:B:501,I3P_B_501,I3P,B,501,,24,3,InsP3,222.119415918986,225.21562512715656,230.77354049682617,3.0,X-RAY DIFFRACTION,2021-10-27T00:00:00Z,G:1ZSH,G:1ZSH,P08168,surface,0.3715413776963951,34,1,False,1.0,False,False,,False,False,O[C@@H]1[C@H](O)[C@@H](O[P](O)(O)=O)[C@H](O[P](O)(O)=O)[C@@H](O)[C@@H]1O[P](O)(O)=O,SMILES_CANONICAL/CACTVS,24.0,True,True,eligible,False,False
7F1X,7F1X:C:501,I3P_C_501,I3P,C,501,,24,3,InsP3,207.6535415649414,206.58404286702475,266.8687489827474,3.0,X-RAY DIFFRACTION,2021-10-27T00:00:00Z,G:1ZSH,G:1ZSH,P08168,surface,0.3835849431782992,27,1,False,1.0,False,False,,False,False,O[C@@H]1[C@H](O)[C@@H](O[P](O)(O)=O)[C@H](O[P](O)(O)=O)[C@@H](O)[C@@H]1O[P](O)(O)=O,SMILES_CANONICAL/CACTVS,24.0,True,True,eligible,False,False
7F1X,7F1X:D:501,I3P_D_501,I3P,D,501,,24,3,InsP3,180.31241671244305,224.5022093454997,185.05604044596356,3.0,X-RAY DIFFRACTION,2021-10-27T00:00:00Z,G:1ZSH,G:1ZSH,P08168,surface,0.3439388995744511,31,1,False,1.0,False,False,,False,False,O[C@@H]1[C@H](O)[C@@H](O[P](O)(O)=O)[C@H](O[P](O)(O)=O)[C@@H](O)[C@@H]1O[P](O)(O)=O,SMILES_CANONICAL/CACTVS,24.0,True,True,eligible,False,False
7PW5,7PW5:A:3701,IHP_A_3701,IHP,A,3701,,36,6,InsP6,153.5626941257053,139.62902704874674,191.5348048739963,3.4,ELECTRON MICROSCOPY,2021-12-01T00:00:00Z,G:6SYT,G:1B55,Q8ND04;Q96Q15;Q9H0W8,surface,0.4867134592864465,21,1,False,1.0,False,False,,False,,O[P](O)(=O)O[C@@H]1[C@H](O[P](O)(O)=O)[C@H](O[P](O)(O)=O)[C@@H](O[P](O)(O)=O)[C@H](O[P](O)(O)=O)[C@H]1O[P](O)(O)=O,SMILES_CANONICAL/CACTVS,36.0,True,False,excluded: configuration differs from the CCD,False,False
7XZJ,7XZJ:A:2001,IHP_A_2001,IHP,A,2001,,36,6,InsP6,224.76680628458655,204.0781945122613,175.12358305189343,2.97,ELECTRON MICROSCOPY,2023-01-11T00:00:00Z,G:7VCF,G:7VCF,A0A2K3CR90;A0A2K3D4W3;A0A2K3DQY7;A8HYJ1;A8IE32;A8J6H7;P36495,semi_cryptic,0.2186788958588948,48,2,True,1.0,False,False,,False,,O[P](O)(=O)O[C@@H]1[C@H](O[P](O)(O)=O)[C@H](O[P](O)(O)=O)[C@@H](O[P](O)(O)=O)[C@H](O[P](O)(O)=O)[C@H]1O[P](O)(O)=O,SMILES_CANONICAL/CACTVS,36.0,True,True,eligible,True,True
8PPA,8PPA:A:502,06G_A_502,06G,A,502,,24,3,InsP3,10.897666652997335,29.45954179763794,85.18966674804688,1.73,X-RAY DIFFRACTION,2024-02-28T00:00:00Z,G:1W2C,G:1W2C,P23677,surface,0.2886713699928311,29,1,False,1.0,False,False,,False,False,O[C@H]1[C@@H](O)[C@@H](O[P](O)(O)=O)[C@H](O[P](O)(O)=O)[C@@H](O)[C@@H]1O[P](O)(O)=O,SMILES_CANONICAL/CACTVS,24.0,True,True,eligible,True,True
8PPA,8PPA:B:502,06G_B_502,06G,B,502,,24,3,InsP3,19.39941660563151,48.63408358891805,62.6875,1.73,X-RAY DIFFRACTION,2024-02-28T00:00:00Z,G:1W2C,G:1W2C,P23677,surface,0.2937121631856869,27,1,False,1.0,False,False,,False,False,O[C@H]1[C@@H](O)[C@@H](O[P](O)(O)=O)[C@H](O[P](O)(O)=O)[C@@H](O)[C@@H]1O[P](O)(O)=O,SMILES_CANONICAL/CACTVS,24.0,True,True,eligible,False,False
8YJC,8YJC:A:3802,IHP_A_3802,IHP,A,3802,,36,6,InsP6,-20.45586114459568,-11.944166620572409,-1.4652222336994276,1.3,X-RAY DIFFRACTION,2024-07-10T00:00:00Z,G:3EEB,G:3EEB,A0A2S3R7M0,semi_cryptic,0.1799123139170592,63,1,False,1.0,False,False,,False,True,O[P](O)(=O)O[C@@H]1[C@H](O[P](O)(O)=O)[C@H](O[P](O)(O)=O)[C@@H](O[P](O)(O)=O)[C@H](O[P](O)(O)=O)[C@H]1O[P](O)(O)=O,SMILES_CANONICAL/CACTVS,36.0,True,True,eligible,True,True
9D88,9D88:P:401,IHP_P_401,IHP,P,401,,36,6,InsP6,150.45363913642035,150.36852815416125,155.67811075846353,3.18,ELECTRON MICROSCOPY,2024-10-30T00:00:00Z,G:30OE,G:30OE,P12493,surface,0.2839824154646264,39,6,True,1.0,False,False,,False,,O[P](O)(=O)O[C@@H]1[C@H](O[P](O)(O)=O)[C@H](O[P](O)(O)=O)[C@@H](O[P](O)(O)=O)[C@H](O[P](O)(O)=O)[C@H]1O[P](O)(O)=O,SMILES_CANONICAL/CACTVS,36.0,True,True,eligible,True,True
9QIC,9QIC:B:1101,IHP_B_1101,IHP,B,1101,,36,6,InsP6,133.16211064656576,136.57258309258356,98.49674945407445,3.29,ELECTRON MICROSCOPY,2025-10-29T00:00:00Z,G:28MJ,G:1B55,A0AVT1,surface,0.3680155817161843,34,1,False,1.0,False,False,,False,,O[P](O)(=O)O[C@@H]1[C@H](O[P](O)(O)=O)[C@H](O[P](O)(O)=O)[C@@H](O[P](O)(O)=O)[C@H](O[P](O)(O)=O)[C@H]1O[P](O)(O)=O,SMILES_CANONICAL/CACTVS,36.0,True,True,eligible,True,True
9T4M,9T4M:A:203,IHP_A_203,IHP,A,203,,36,6,InsP6,4.38988886670106,39.4292221069336,-7.928888903723823,1.78,X-RAY DIFFRACTION,2026-06-10T00:00:00Z,G:2FVV,G:2FVV,O95989,semi_cryptic,0.2220315933863506,48,1,False,0.6000000000000001,True,True,MG,True,False,O[P](O)(=O)O[C@@H]1[C@H](O[P](O)(O)=O)[C@H](O[P](O)(O)=O)[C@@H](O[P](O)(O)=O)[C@H](O[P](O)(O)=O)[C@H]1O[P](O)(O)=O,SMILES_CANONICAL/CACTVS,36.0,True,True,eligible,True,True
9YNK,9YNK:A:2801,I3P_A_2801,I3P,A,2801,,24,3,InsP3,222.4751656850179,224.16549936930335,292.6502062479655,3.42,ELECTRON MICROSCOPY,2026-07-01T00:00:00Z,G:1N4K,G:1B55,Q14571,surface,0.2829133375716017,40,1,False,1.0,False,False,,False,,O[C@@H]1[C@H](O)[C@@H](O[P](O)(O)=O)[C@H](O[P](O)(O)=O)[C@@H](O)[C@@H]1O[P](O)(O)=O,SMILES_CANONICAL/CACTVS,24.0,True,True,eligible,True,True
1DJY,1DJY:A:1,I2P_A_1,I2P,A,1,,24,3,InsP3,127.4682076772054,39.615874926249184,17.788333296775818,2.8,X-RAY DIFFRACTION,1997-07-07T00:00:00Z,G:1DJW,G:1B55,P10688,surface,0.283889969139913,40,1,False,1.0,False,True,CA,False,False,O[C@H]1[C@H](O)[C@@H](O[P](O)(O)=O)[C@H](O[P](O)(O)=O)[C@@H](O)[C@H]1O[P](O)(O)=O,SMILES_CANONICAL/CACTVS,24.0,True,True,eligible,True,True
1DJY,1DJY:B:1,I2P_B_1,I2P,B,1,,24,3,InsP3,82.88337516784668,40.08854214350382,-21.207625150680546,2.8,X-RAY DIFFRACTION,1997-07-07T00:00:00Z,G:1DJW,G:1B55,P10688,surface,0.3052119220881801,41,1,False,1.0,False,True,CA,False,False,O[C@H]1[C@H](O)[C@@H](O[P](O)(O)=O)[C@H](O[P](O)(O)=O)[C@@H](O)[C@H]1O[P](O)(O)=O,SMILES_CANONICAL/CACTVS,24.0,True,True,eligible,False,False
1NIH,1NIH:B:203,IHP_B_203,IHP,B,203,,36,6,InsP6,9.79241665204366,29.020027743445503,7.546222296026018,2.6,X-RAY DIFFRACTION,1992-10-15T00:00:00Z,G:1NIH,G:1NIH,P68871;P69905,surface,0.6897905412193828,9,2,True,1.0,False,False,,False,True,O[P](O)(=O)O[C@@H]1[C@H](O[P](O)(O)=O)[C@H](O[P](O)(O)=O)[C@@H](O[P](O)(O)=O)[C@H](O[P](O)(O)=O)[C@H]1O[P](O)(O)=O,SMILES_CANONICAL/CACTVS,36.0,True,True,eligible,True,True
2ORK,2ORK:B:995,IPD_B_995,IPD,B,995,,16,1,InsP1,28.51731240749359,19.07306241989136,-24.713125109672543,1.89,X-RAY DIFFRACTION,2007-05-08T00:00:00Z,G:2ORK,G:2ORK,P35247,surface,0.5424457087343727,22,1,False,0.925,True,True,CA,False,False,O[C@@H]1[C@@H](O)[C@@H](O)[C@@H](O[P]([O-])([O-])=O)[C@H](O)[C@H]1O,SMILES_CANONICAL/CACTVS,16.0,True,True,eligible,True,True
2ORK,2ORK:C:995,IPD_C_995,IPD,C,995,,16,1,InsP1,62.35675001144409,20.350000023841854,8.488375097513199,1.89,X-RAY DIFFRACTION,2007-05-08T00:00:00Z,G:2ORK,G:2ORK,P35247,surface,0.5376076531887692,21,1,False,0.925,True,True,CA,False,False,O[C@@H]1[C@@H](O)[C@@H](O)[C@@H](O[P]([O-])([O-])=O)[C@H](O)[C@H]1O,SMILES_CANONICAL/CACTVS,16.0,True,True,eligible,False,False
3AJM,3AJM:A:1,4IP_A_1,4IP,A,1,,28,4,InsP4,92.8352143423898,47.53067888532366,15.165642840521675,2.3,X-RAY DIFFRACTION,2010-06-30T00:00:00Z,G:3AJM,G:3AJM,Q9BUL8,surface,0.4486337205936854,31,2,True,0.5,True,False,,False,False,O[C@H]1[C@@H](O[P](O)(O)=O)[C@H](O)[C@@H](O[P](O)(O)=O)[C@H](O[P](O)(O)=O)[C@H]1O[P](O)(O)=O,SMILES_CANONICAL/CACTVS,28.0,True,True,eligible,True,True
3T9C,3T9C:A:501,IHP_A_501,IHP,A,501,,36,6,InsP6,0.2026944549547301,20.29030556148953,11.158833318286472,1.9,X-RAY DIFFRACTION,2011-12-07T00:00:00Z,G:3T9C,G:1Z2P,O43314,surface,0.2844203874583862,34,1,False,1.0,False,False,,False,False,O[P](O)(=O)O[C@@H]1[C@H](O[P](O)(O)=O)[C@H](O[P](O)(O)=O)[C@@H](O[P](O)(O)=O)[C@H](O[P](O)(O)=O)[C@H]1O[P](O)(O)=O,SMILES_CANONICAL/CACTVS,36.0,True,True,eligible,True,True
4RW3,4RW3:A:304,IPD_A_304,IPD,A,304,,16,1,InsP1,4.230999991297722,0.1643750118091702,6.86925008893013,1.72,X-RAY DIFFRACTION,2015-06-03T00:00:00Z,G:4RW3,G:4RW3,P0CE82,cryptic,0.0683613469092818,47,1,False,0.825,True,True,MG,False,False,O[C@@H]1[C@@H](O)[C@@H](O)[C@@H](O[P]([O-])([O-])=O)[C@H](O)[C@H]1O,SMILES_CANONICAL/CACTVS,16.0,True,False,excluded: configuration differs from the CCD,False,False
5HP2,5HP2:A:801,IHP_A_801,IHP,A,801,,36,6,InsP6,-7.459111107720269,-19.146694527732,40.1443887286716,2.98,X-RAY DIFFRACTION,2016-04-13T00:00:00Z,G:1ZY7,G:1ZY7,P78563,cryptic,0.0964314861912163,62,1,False,1.0,False,False,,False,False,O[P](O)(=O)O[C@@H]1[C@H](O[P](O)(O)=O)[C@H](O[P](O)(O)=O)[C@@H](O[P](O)(O)=O)[C@H](O[P](O)(O)=O)[C@H]1O[P](O)(O)=O,SMILES_CANONICAL/CACTVS,36.0,True,True,eligible,True,True
5HP2,5HP2:D:801,IHP_D_801,IHP,D,801,,36,6,InsP6,-21.71438874138726,-50.57349967956543,7.862222267521752,2.98,X-RAY DIFFRACTION,2016-04-13T00:00:00Z,G:1ZY7,G:1ZY7,P78563,cryptic,0.0914713766116031,68,1,False,1.0,False,False,,False,False,O[P](O)(=O)O[C@@H]1[C@H](O[P](O)(O)=O)[C@H](O[P](O)(O)=O)[C@@H](O[P](O)(O)=O)[C@H](O[P](O)(O)=O)[C@H]1O[P](O)(O)=O,SMILES_CANONICAL/CACTVS,36.0,True,True,eligible,False,False
5W2I,5W2I:A:704,I3P_A_704,I3P,A,704,,24,3,InsP3,15.920833269755043,16.634958306948345,33.858875115712486,1.6,X-RAY DIFFRACTION,2017-09-13T00:00:00Z,G:5W2H,G:1W2C,Q8NFU5,surface,0.3587222053348887,29,1,False,1.0,False,False,,False,False,O[C@@H]1[C@H](O)[C@@H](O[P](O)(O)=O)[C@H](O[P](O)(O)=O)[C@@H](O)[C@@H]1O[P](O)(O)=O,SMILES_CANONICAL/CACTVS,24.0,True,True,eligible,True,True
6FJK,6FJK:A:501,IHP_A_501,IHP,A,501,,36,6,InsP6,6.275361120700836,7.925250000423855,11.0428333679835,2.02,X-RAY DIFFRACTION,2018-09-12T00:00:00Z,G:2XAL,G:2XAL,Q93YN9,semi_cryptic,0.2186876676504489,47,1,False,0.97,True,True,MG,False,False,O[P](O)(=O)O[C@@H]1[C@H](O[P](O)(O)=O)[C@H](O[P](O)(O)=O)[C@@H](O[P](O)(O)=O)[C@H](O[P](O)(O)=O)[C@H]1O[P](O)(O)=O,SMILES_CANONICAL/CACTVS,36.0,True,True,eligible,True,True
6FJK,6FJK:B:501,IHP_B_501,IHP,B,501,,36,6,InsP6,-11.483944495519005,-16.697222232818604,-11.215111109945507,2.02,X-RAY DIFFRACTION,2018-09-12T00:00:00Z,G:2XAL,G:2XAL,Q93YN9,semi_cryptic,0.2245058572386616,49,1,False,0.9799999999999996,True,True,MG,False,False,O[P](O)(=O)O[C@@H]1[C@H](O[P](O)(O)=O)[C@H](O[P](O)(O)=O)[C@@H](O[P](O)(O)=O)[C@H](O[P](O)(O)=O)[C@H]1O[P](O)(O)=O,SMILES_CANONICAL/CACTVS,36.0,True,True,eligible,False,False
6VVE,6VVE:A:401,IHP_A_401,IHP,A,401,,36,6,InsP6,17.206444528367783,29.41699986987644,32.66255542967055,1.85,X-RAY DIFFRACTION,2020-04-08T00:00:00Z,G:6VVD,G:1B55,Q5ZSB6,surface,0.2894423030993334,61,1,False,1.0,False,False,,False,True,O[P](O)(=O)O[C@@H]1[C@H](O[P](O)(O)=O)[C@H](O[P](O)(O)=O)[C@@H](O[P](O)(O)=O)[C@H](O[P](O)(O)=O)[C@H]1O[P](O)(O)=O,SMILES_CANONICAL/CACTVS,36.0,True,True,eligible,True,True
7JS5,7JS5:A:601,IPD_A_601,IPD,A,601,,16,1,InsP1,1.9289375201333316,7.421125024557114,-20.703937649726868,2.5,X-RAY DIFFRACTION,2021-04-28T00:00:00Z,G:7JS5,G:7JS5,Q53728,surface,0.3189632599980124,23,1,False,0.85,True,False,,False,False,O[C@@H]1[C@@H](O)[C@@H](O)[C@@H](O[P]([O-])([O-])=O)[C@H](O)[C@H]1O,SMILES_CANONICAL/CACTVS,16.0,True,True,eligible,True,True
7PW6,7PW6:A:3701,IHP_A_3701,IHP,A,3701,,36,6,InsP6,153.6744990878635,139.92611100938586,191.8031942579481,3.05,ELECTRON MICROSCOPY,2021-12-01T00:00:00Z,G:6SYT,G:1B55,Q96Q15,surface,0.4650672730972997,21,1,False,1.0,False,False,,False,,O[P](O)(=O)O[C@@H]1[C@H](O[P](O)(O)=O)[C@H](O[P](O)(O)=O)[C@@H](O[P](O)(O)=O)[C@H](O[P](O)(O)=O)[C@H]1O[P](O)(O)=O,SMILES_CANONICAL/CACTVS,36.0,True,False,excluded: configuration differs from the CCD,False,False
7YTJ,7YTJ:D:1001,IHP_D_1001,IHP,D,1001,,36,6,InsP6,185.24341668023004,138.0191964043511,194.32050026787653,3.0,ELECTRON MICROSCOPY,2023-02-22T00:00:00Z,G:5IJJ,G:5IJJ,P40046;P47075;Q02725,surface,0.4591410729445122,34,2,True,1.0,False,False,,False,,O[P](O)(=O)O[C@@H]1[C@H](O[P](O)(O)=O)[C@H](O[P](O)(O)=O)[C@@H](O[P](O)(O)=O)[C@H](O[P](O)(O)=O)[C@H]1O[P](O)(O)=O,SMILES_CANONICAL/CACTVS,36.0,True,False,excluded: configuration differs from the CCD,False,False
7YTJ,7YTJ:D:1002,IHP_D_1002,IHP,D,1002,,36,6,InsP6,146.66469489203558,145.00047175089517,182.1664445665148,3.0,ELECTRON MICROSCOPY,2023-02-22T00:00:00Z,G:5IJJ,G:5IJJ,P40046;P47075;Q02725,semi_cryptic,0.2397565768750734,41,1,False,1.0,False,False,,False,,O[P](O)(=O)O[C@@H]1[C@H](O[P](O)(O)=O)[C@H](O[P](O)(O)=O)[C@@H](O[P](O)(O)=O)[C@H](O[P](O)(O)=O)[C@H]1O[P](O)(O)=O,SMILES_CANONICAL/CACTVS,36.0,True,False,excluded: configuration differs from the CCD,False,False
7YTJ,7YTJ:D:1004,IHP_D_1004,IHP,D,1004,,36,6,InsP6,131.9166382683648,158.11905754937067,208.03747261895077,3.0,ELECTRON MICROSCOPY,2023-02-22T00:00:00Z,G:5IJJ,G:5IJJ,P40046;P47075;Q02725,surface,0.5633163902866817,22,2,True,1.0,False,False,,False,,O[P](O)(=O)O[C@@H]1[C@H](O[P](O)(O)=O)[C@H](O[P](O)(O)=O)[C@@H](O[P](O)(O)=O)[C@H](O[P](O)(O)=O)[C@H]1O[P](O)(O)=O,SMILES_CANONICAL/CACTVS,36.0,True,False,excluded: configuration differs from the CCD,False,False
8PPB,8PPB:A:501,3I2_A_501,3I2,A,501,,23,3,InsP3,11.03995654893958,29.059521716573965,85.24008775793988,1.8,X-RAY DIFFRACTION,2024-02-28T00:00:00Z,G:1W2C,G:1W2C,P23677,surface,0.2631269279446944,26,1,False,1.0,False,False,,False,False,O[C@@H]1C[C@@H](O[P](O)(O)=O)[C@H](O)[C@@H](O[P](O)(O)=O)[C@@H]1O[P](O)(O)=O,SMILES_CANONICAL/CACTVS,23.0,True,True,eligible,True,True
8PPB,8PPB:B:601,3I2_B_601,3I2,B,601,,23,3,InsP3,19.38208704409392,48.98734781016474,62.7830868596616,1.8,X-RAY DIFFRACTION,2024-02-28T00:00:00Z,G:1W2C,G:1W2C,P23677,surface,0.2518837714248617,26,1,False,1.0,False,False,,False,False,O[C@@H]1C[C@@H](O[P](O)(O)=O)[C@H](O)[C@@H](O[P](O)(O)=O)[C@@H]1O[P](O)(O)=O,SMILES_CANONICAL/CACTVS,23.0,True,True,eligible,False,False
8ZEN,8ZEN:C:501,IHP_C_501,IHP,C,501,,36,6,InsP6,122.89788839552138,124.60569424099393,106.28949970669215,2.99,ELECTRON MICROSCOPY,2025-05-14T00:00:00Z,G:1ZY7,G:1ZY7,G5EDW1;Q22618,cryptic,0.0659902894865058,66,1,False,1.0,False,False,,False,,O[P](O)(=O)O[C@@H]1[C@H](O[P](O)(O)=O)[C@H](O[P](O)(O)=O)[C@@H](O[P](O)(O)=O)[C@H](O[P](O)(O)=O)[C@H]1O[P](O)(O)=O,SMILES_CANONICAL/CACTVS,36.0,True,False,excluded: configuration differs from the CCD,False,False
8ZEN,8ZEN:D:501,IHP_D_501,IHP,D,501,,36,6,InsP6,118.81483311123318,121.3813894059923,143.55083168877496,2.99,ELECTRON MICROSCOPY,2025-05-14T00:00:00Z,G:1ZY7,G:1ZY7,G5EDW1;Q22618,cryptic,0.0741318577784331,65,1,False,1.0,False,False,,False,,O[P](O)(=O)O[C@@H]1[C@H](O[P](O)(O)=O)[C@H](O[P](O)(O)=O)[C@@H](O[P](O)(O)=O)[C@H](O[P](O)(O)=O)[C@H]1O[P](O)(O)=O,SMILES_CANONICAL/CACTVS,36.0,True,False,excluded: configuration differs from the CCD,False,False
9DP5,9DP5:A:902,IHP_A_902,IHP,A,902,,36,6,InsP6,8.240083310339186,8.423499981562296,100.49697261386449,2.0,X-RAY DIFFRACTION,2025-03-26T00:00:00Z,G:1ZY7,G:1ZY7,T2M593,cryptic,0.1080577676637114,59,1,False,1.0,False,False,,False,False,O[P](O)(=O)O[C@@H]1[C@H](O[P](O)(O)=O)[C@H](O[P](O)(O)=O)[C@@H](O[P](O)(O)=O)[C@H](O[P](O)(O)=O)[C@H]1O[P](O)(O)=O,SMILES_CANONICAL/CACTVS,36.0,True,False,excluded: configuration differs from the CCD,False,False
9DP5,9DP5:B:902,IHP_B_902,IHP,B,902,,36,6,InsP6,31.96866692437066,-9.936777790387472,52.40402762095133,2.0,X-RAY DIFFRACTION,2025-03-26T00:00:00Z,G:1ZY7,G:1ZY7,T2M593,cryptic,0.1132895446111431,61,1,False,1.0,False,False,,False,False,O[P](O)(=O)O[C@@H]1[C@H](O[P](O)(O)=O)[C@H](O[P](O)(O)=O)[C@@H](O[P](O)(O)=O)[C@H](O[P](O)(O)=O)[C@H]1O[P](O)(O)=O,SMILES_CANONICAL/CACTVS,36.0,True,False,excluded: configuration differs from the CCD,False,False
9QIV,9QIV:B:1101,IHP_B_1101,IHP,B,1101,,36,6,InsP6,127.14572270711264,146.9353896247016,155.41797383626303,3.44,ELECTRON MICROSCOPY,2025-10-29T00:00:00Z,G:28MJ,G:1B55,A0AVT1;Q9NR09,surface,0.399475421511583,30,1,False,1.0,False,False,,False,,O[P](O)(=O)O[C@@H]1[C@H](O[P](O)(O)=O)[C@H](O[P](O)(O)=O)[C@@H](O[P](O)(O)=O)[C@H](O[P](O)(O)=O)[C@H]1O[P](O)(O)=O,SMILES_CANONICAL/CACTVS,36.0,True,True,eligible,True,True
9T7J,9T7J:A:2601,IHP_A_2601,IHP,A,2601,,36,6,InsP6,264.3980305989583,236.7516098022461,207.3404452006022,3.0,ELECTRON MICROSCOPY,2026-04-22T00:00:00Z,G:6ZWM,G:1B55,P42345;Q6R327;Q9BPZ7;Q9BVC4,surface,0.4859193663225079,30,1,False,1.0,False,False,,False,,O[P](O)(=O)O[C@@H]1[C@H](O[P](O)(O)=O)[C@H](O[P](O)(O)=O)[C@@H](O[P](O)(O)=O)[C@H](O[P](O)(O)=O)[C@H]1O[P](O)(O)=O,SMILES_CANONICAL/CACTVS,36.0,True,True,eligible,True,True
9T7J,9T7J:B:2602,IHP_B_2602,IHP,B,2602,,36,6,InsP6,224.641360812717,216.92311265733508,268.04350026448566,3.0,ELECTRON MICROSCOPY,2026-04-22T00:00:00Z,G:6ZWM,G:1B55,P42345;Q6R327;Q9BPZ7;Q9BVC4,surface,0.4878674764358933,26,1,False,1.0,False,False,,False,,O[P](O)(=O)O[C@@H]1[C@H](O[P](O)(O)=O)[C@H](O[P](O)(O)=O)[C@@H](O[P](O)(O)=O)[C@H](O[P](O)(O)=O)[C@H]1O[P](O)(O)=O,SMILES_CANONICAL/CACTVS,36.0,True,True,eligible,False,False
1DJZ,1DJZ:A:1,IP2_A_1,IP2,A,1,,20,2,InsP2,126.70820045471191,39.90269985198975,17.611350107192994,2.95,X-RAY DIFFRACTION,1997-07-07T00:00:00Z,G:1DJW,G:1B55,P10688,surface,0.3900035992219092,33,1,False,1.0,False,True,CA,False,False,O[C@@H]1[C@H](O)[C@H](O)[C@@H](O[P](O)(O)=O)[C@H](O[P](O)(O)=O)[C@H]1O,SMILES_CANONICAL/CACTVS,20.0,True,True,eligible,True,True
1DJZ,1DJZ:B:1,IP2_B_1,IP2,B,1,,20,2,InsP2,82.9916000366211,39.814299774169925,-21.510050106048585,2.95,X-RAY DIFFRACTION,1997-07-07T00:00:00Z,G:1DJW,G:1B55,P10688,surface,0.3321528622840164,34,1,False,1.0,False,True,CA,False,False,O[C@@H]1[C@H](O)[C@H](O)[C@@H](O[P](O)(O)=O)[C@H](O[P](O)(O)=O)[C@H]1O,SMILES_CANONICAL/CACTVS,20.0,True,True,eligible,False,False
1NU2,1NU2:A:200,I3P_A_200,I3P,A,200,,24,3,InsP3,5.397416681051254,23.17895833651225,13.584208329518637,1.9,X-RAY DIFFRACTION,2003-04-15T00:00:00Z,G:1NU2,G:1NU2,P97318,surface,0.4687053937058425,33,1,False,0.67,True,False,,True,False,O[C@@H]1[C@H](O)[C@@H](O[P](O)(O)=O)[C@H](O[P](O)(O)=O)[C@@H](O)[C@@H]1O[P](O)(O)=O,SMILES_CANONICAL/CACTVS,24.0,True,True,eligible,True,True
2P0D,2P0D:A:800,I3P_A_800,I3P,A,800,,24,3,InsP3,-7.596583316723506,-17.70812479654948,-0.6690000029630028,1.81,X-RAY DIFFRACTION,2007-03-27T00:00:00Z,G:1FAO,G:1B55,Q9BRR9,surface,0.5761624723891466,23,1,False,1.0,False,False,,False,True,O[C@@H]1[C@H](O)[C@@H](O[P](O)(O)=O)[C@H](O[P](O)(O)=O)[C@@H](O)[C@@H]1O[P](O)(O)=O,SMILES_CANONICAL/CACTVS,24.0,True,True,eligible,True,True
3C4V,3C4V:B:601,LIP_B_601,LIP,B,601,,16,1,InsP1,99.41193628311156,42.7575626373291,-10.971750020980837,2.6,X-RAY DIFFRACTION,2008-04-01T00:00:00Z,G:3C4V,G:3C4V,Q8NTA6,semi_cryptic,0.1027186007960345,46,1,False,1.0,False,False,,False,False,O[C@@H]1[C@@H](O)[C@H](O)[C@@H](O[P]([O-])([O-])=O)[C@@H](O)[C@H]1O,SMILES_CANONICAL/CACTVS,16.0,True,True,eligible,True,True
3UDT,3UDT:A:911,5MY_A_911,5MY,A,911,,32,5,InsP5,-36.20878130197525,3.214531262638048,-2.716250033583492,3.1,X-RAY DIFFRACTION,2012-03-14T00:00:00Z,G:2XAL,G:2XAL,Q93YN9,semi_cryptic,0.2096445407904268,46,2,True,1.0,False,False,,False,False,O[C@H]1[C@@H](O[P](O)(O)=O)[C@H](O[P](O)(O)=O)[C@@H](O[P](O)(O)=O)[C@H](O[P](O)(O)=O)[C@H]1O[P](O)(O)=O,SMILES_CANONICAL/CACTVS,32.0,True,True,eligible,True,True
3UDT,3UDT:B:911,5MY_B_911,5MY,B,911,,32,5,InsP5,-19.13290604948997,-21.60712480545044,18.321406424045563,3.1,X-RAY DIFFRACTION,2012-03-14T00:00:00Z,G:2XAL,G:2XAL,Q93YN9,semi_cryptic,0.2271138363588938,46,1,False,1.0,False,False,,False,False,O[C@H]1[C@@H](O[P](O)(O)=O)[C@H](O[P](O)(O)=O)[C@@H](O[P](O)(O)=O)[C@H](O[P](O)(O)=O)[C@H]1O[P](O)(O)=O,SMILES_CANONICAL/CACTVS,32.0,True,True,eligible,False,False
4UQI,4UQI:A:1609,IHP_A_1609,IHP,A,1609,,36,6,InsP6,95.3772775861952,51.718861156039765,-22.90169440375434,2.79,X-RAY DIFFRACTION,2014-07-30T00:00:00Z,G:2VGL,G:1B55,P18484;P62743;P63010;P84092,surface,0.5843819314669936,31,1,False,1.0,False,False,,False,True,O[P](O)(=O)O[C@@H]1[C@H](O[P](O)(O)=O)[C@H](O[P](O)(O)=O)[C@@H](O[P](O)(O)=O)[C@H](O[P](O)(O)=O)[C@H]1O[P](O)(O)=O,SMILES_CANONICAL/CACTVS,36.0,True,True,eligible,True,True
5HP3,5HP3:A:801,IHP_A_801,IHP,A,801,,36,6,InsP6,-7.459111167324914,-19.326305654313828,40.31230534447564,3.09,X-RAY DIFFRACTION,2016-04-13T00:00:00Z,G:1ZY7,G:1ZY7,P78563,cryptic,0.0896353303015193,62,1,False,1.0,False,False,,False,False,O[P](O)(=O)O[C@@H]1[C@H](O[P](O)(O)=O)[C@H](O[P](O)(O)=O)[C@@H](O[P](O)(O)=O)[C@H](O[P](O)(O)=O)[C@H]1O[P](O)(O)=O,SMILES_CANONICAL/CACTVS,36.0,True,True,eligible,True,True
5HP3,5HP3:D:801,IHP_D_801,IHP,D,801,,36,6,InsP6,-21.84122223324246,-51.05799992879232,8.00927773449156,3.09,X-RAY DIFFRACTION,2016-04-13T00:00:00Z,G:1ZY7,G:1ZY7,P78563,cryptic,0.092987069868936,66,1,False,1.0,False,False,,False,False,O[P](O)(=O)O[C@@H]1[C@H](O[P](O)(O)=O)[C@H](O[P](O)(O)=O)[C@@H](O[P](O)(O)=O)[C@H](O[P](O)(O)=O)[C@H]1O[P](O)(O)=O,SMILES_CANONICAL/CACTVS,36.0,True,True,eligible,False,False
5W3T,5W3T:A:501,IHP_A_501,IHP,A,501,,36,6,InsP6,46.8522220187717,22.180111143324112,33.58997228410509,2.15,X-RAY DIFFRACTION,2017-08-09T00:00:00Z,G:5W3T,G:5KLP,A0A0S4VB05,surface,0.3239893771256019,46,1,False,1.0,False,False,,False,False,O[P](O)(=O)O[C@@H]1[C@H](O[P](O)(O)=O)[C@H](O[P](O)(O)=O)[C@@H](O[P](O)(O)=O)[C@H](O[P](O)(O)=O)[C@H]1O[P](O)(O)=O,SMILES_CANONICAL/CACTVS,36.0,True,False,excluded: configuration differs from the CCD,False,False
5W3T,5W3T:B:501,IHP_B_501,IHP,B,501,,36,6,InsP6,60.2736111746894,0.6839166638544865,-14.698638863033718,2.15,X-RAY DIFFRACTION,2017-08-09T00:00:00Z,G:5W3T,G:5KLP,A0A0S4VB05,surface,0.3106291414182969,50,1,False,1.0,False,False,,False,False,O[P](O)(=O)O[C@@H]1[C@H](O[P](O)(O)=O)[C@H](O[P](O)(O)=O)[C@@H](O[P](O)(O)=O)[C@H](O[P](O)(O)=O)[C@H]1O[P](O)(O)=O,SMILES_CANONICAL/CACTVS,36.0,True,False,excluded: configuration differs from the CCD,False,False
5W3T,5W3T:C:501,IHP_C_501,IHP,C,501,,36,6,InsP6,41.21586121453179,7.182527793778314,-36.96336131625705,2.15,X-RAY DIFFRACTION,2017-08-09T00:00:00Z,G:5W3T,G:5KLP,A0A0S4VB05,surface,0.3100829211637474,51,1,False,1.0,False,False,,False,False,O[P](O)(=O)O[C@@H]1[C@H](O[P](O)(O)=O)[C@H](O[P](O)(O)=O)[C@@H](O[P](O)(O)=O)[C@H](O[P](O)(O)=O)[C@H]1O[P](O)(O)=O,SMILES_CANONICAL/CACTVS,36.0,True,False,excluded: configuration differs from the CCD,False,False
5W3T,5W3T:D:501,IHP_D_501,IHP,D,501,,36,6,InsP6,95.63533359103732,47.633277575174965,-10.631694436073303,2.15,X-RAY DIFFRACTION,2017-08-09T00:00:00Z,G:5W3T,G:5KLP,A0A0S4VB05,surface,0.3366888129606846,47,1,False,1.0,False,False,,False,False,O[P](O)(=O)O[C@@H]1[C@H](O[P](O)(O)=O)[C@H](O[P](O)(O)=O)[C@@H](O[P](O)(O)=O)[C@H](O[P](O)(O)=O)[C@H]1O[P](O)(O)=O,SMILES_CANONICAL/CACTVS,36.0,True,False,excluded: configuration differs from the CCD,False,False
6FL3,6FL3:A:501,5MY_A_501,5MY,A,501,,32,5,InsP5,-3.868999967817217,-4.363937467336655,-6.2572187297046185,2.36,X-RAY DIFFRACTION,2018-09-12T00:00:00Z,G:2XAL,G:2XAL,Q93YN9,semi_cryptic,0.166380515475983,42,1,False,1.0,False,False,,False,False,O[C@H]1[C@@H](O[P](O)(O)=O)[C@H](O[P](O)(O)=O)[C@@H](O[P](O)(O)=O)[C@H](O[P](O)(O)=O)[C@H]1O[P](O)(O)=O,SMILES_CANONICAL/CACTVS,32.0,True,True,eligible,True,True
6FL3,6FL3:B:501,5MY_B_501,5MY,B,501,,32,5,InsP5,-19.86650002002716,-28.996812522411343,-27.219062626361847,2.36,X-RAY DIFFRACTION,2018-09-12T00:00:00Z,G:2XAL,G:2XAL,Q93YN9,semi_cryptic,0.2370069078131987,44,1,False,1.0,False,True,MG,False,False,O[C@H]1[C@@H](O[P](O)(O)=O)[C@H](O[P](O)(O)=O)[C@@H](O[P](O)(O)=O)[C@H](O[P](O)(O)=O)[C@H]1O[P](O)(O)=O,SMILES_CANONICAL/CACTVS,32.0,True,True,eligible,False,False
6WMV,6WMV:A:301,LIP_A_301,LIP,A,301,,16,1,InsP1,14.36775004863739,-6.480000078678131,26.0587500333786,2.14,X-RAY DIFFRACTION,2020-05-27T00:00:00Z,G:6WMV,G:6WMV,O27985;U5WZP7,surface,0.2385035628444446,34,2,True,1.0,False,False,,False,False,O[C@@H]1[C@@H](O)[C@H](O)[C@@H](O[P]([O-])([O-])=O)[C@@H](O)[C@H]1O,SMILES_CANONICAL/CACTVS,16.0,True,False,excluded: configuration differs from the CCD,False,False
7JS7,7JS7:A:603,IPD_A_603,IPD,A,603,,15,1,InsP1,-2.652933310965697,-6.029666630427043,-40.547933705647786,2.3,X-RAY DIFFRACTION,2021-04-28T00:00:00Z,G:7JS5,G:7JS5,Q53728,surface,0.3514000777350765,28,1,False,0.8100000000000003,True,False,,False,False,O[C@@H]1[C@@H](O)[C@@H](O)[C@@H](O[P]([O-])([O-])=O)[C@H](O)[C@H]1O,SMILES_CANONICAL/CACTVS,16.0,False,,eligible,True,False
7JS7,7JS7:B:603,IPD_B_603,IPD,B,603,,15,1,InsP1,42.18599955240885,-29.8196662902832,-12.172333399454752,2.3,X-RAY DIFFRACTION,2021-04-28T00:00:00Z,G:7JS5,G:7JS5,Q53728,surface,0.3718808369778569,24,1,False,0.83,True,False,,False,False,O[C@@H]1[C@@H](O)[C@@H](O)[C@@H](O[P]([O-])([O-])=O)[C@H](O)[C@H]1O,SMILES_CANONICAL/CACTVS,16.0,False,,eligible,False,False
7PW8,7PW8:A:3701,IHP_A_3701,IHP,A,3701,,36,6,InsP6,131.6429441240099,163.91486146714954,116.55102793375652,2.82,ELECTRON MICROSCOPY,2021-12-01T00:00:00Z,G:6SYT,G:1B55,Q8ND04;Q96Q15;Q9H0W8,surface,0.5487341580225562,19,1,False,1.0,False,False,,False,,O[P](O)(=O)O[C@@H]1[C@H](O[P](O)(O)=O)[C@H](O[P](O)(O)=O)[C@@H](O[P](O)(O)=O)[C@H](O[P](O)(O)=O)[C@H]1O[P](O)(O)=O,SMILES_CANONICAL/CACTVS,36.0,True,False,excluded: configuration differs from the CCD,False,False
7Z3J,7Z3J:A:1303,I3P_A_1303,I3P,A,1303,,24,3,InsP3,6.223750034968059,12.272708316644032,48.31204160054525,2.0,X-RAY DIFFRACTION,2022-07-20T00:00:00Z,G:7Z3J,G:1B55,P10686,surface,0.2570997550893785,41,1,False,0.8000000000000002,True,True,CA,False,False,O[C@@H]1[C@H](O)[C@@H](O[P](O)(O)=O)[C@H](O[P](O)(O)=O)[C@@H](O)[C@@H]1O[P](O)(O)=O,SMILES_CANONICAL/CACTVS,24.0,True,True,eligible,True,True
8PPC,8PPC:A:501,2KM_A_501,2KM,A,501,,24,3,InsP3,11.250208258628843,28.940833568573,85.31599998474121,1.92,X-RAY DIFFRACTION,2024-02-28T00:00:00Z,G:1W2C,G:1W2C,P23677,surface,0.2922517535538932,28,1,False,1.0,False,False,,False,False,O[C@@H]1[C@@H](O)[C@@H](O[P](O)(O)=O)[C@H](O[P](O)(O)=O)[C@@H](O)[C@@H]1O[P](O)(O)=O,SMILES_CANONICAL/CACTVS,24.0,True,True,eligible,True,True
8PPC,8PPC:B:501,2KM_B_501,2KM,B,501,,24,3,InsP3,19.33087507883708,49.33479181925456,62.90516678492228,1.92,X-RAY DIFFRACTION,2024-02-28T00:00:00Z,G:1W2C,G:1W2C,P23677,surface,0.2435362540355804,27,1,False,1.0,False,False,,False,False,O[C@@H]1[C@@H](O)[C@@H](O[P](O)(O)=O)[C@H](O[P](O)(O)=O)[C@@H](O)[C@@H]1O[P](O)(O)=O,SMILES_CANONICAL/CACTVS,24.0,True,True,eligible,False,False
8ZEO,8ZEO:C:501,IHP_C_501,IHP,C,501,,36,6,InsP6,125.4192214541965,121.90894444783528,104.72716670566136,2.79,ELECTRON MICROSCOPY,2025-05-14T00:00:00Z,G:1ZY7,G:1ZY7,G5EDW1;Q22618,cryptic,0.0724116870599532,65,1,False,1.0,False,False,,False,,O[P](O)(=O)O[C@@H]1[C@H](O[P](O)(O)=O)[C@H](O[P](O)(O)=O)[C@@H](O[P](O)(O)=O)[C@H](O[P](O)(O)=O)[C@H]1O[P](O)(O)=O,SMILES_CANONICAL/CACTVS,36.0,True,False,excluded: configuration differs from the CCD,False,False
8ZEO,8ZEO:D:501,IHP_D_501,IHP,D,501,,36,6,InsP6,129.35558361477322,129.57236099243164,141.53783331976996,2.79,ELECTRON MICROSCOPY,2025-05-14T00:00:00Z,G:1ZY7,G:1ZY7,G5EDW1;Q22618,cryptic,0.0812714773988467,65,1,False,1.0,False,False,,False,,O[P](O)(=O)O[C@@H]1[C@H](O[P](O)(O)=O)[C@H](O[P](O)(O)=O)[C@@H](O[P](O)(O)=O)[C@H](O[P](O)(O)=O)[C@H]1O[P](O)(O)=O,SMILES_CANONICAL/CACTVS,36.0,True,False,excluded: configuration differs from the CCD,False,False
9DTQ,9DTQ:D:401,IHP_D_401,IHP,D,401,,36,6,InsP6,162.80097240871854,170.75780614217123,125.45713912116156,2.87,ELECTRON MICROSCOPY,2024-11-27T00:00:00Z,G:5ICN,G:1B55,Q92769;Q9NVX7;Q9UKL0,surface,0.2931030073245319,48,3,True,1.0,False,False,,False,,O[P](O)(=O)O[C@@H]1[C@H](O[P](O)(O)=O)[C@H](O[P](O)(O)=O)[C@@H](O[P](O)(O)=O)[C@H](O[P](O)(O)=O)[C@H]1O[P](O)(O)=O,SMILES_CANONICAL/CACTVS,36.0,True,False,excluded: configuration differs from the CCD,False,False
9QO0,9QO0:B:501,IHP_B_501,IHP,B,501,,36,6,InsP6,227.74658330281576,152.70949978298611,217.5086669921875,3.26,ELECTRON MICROSCOPY,2026-02-18T00:00:00Z,G:28MJ,G:1B55,P61024;P61201;P62877;P63208;Q13098;Q13309;Q13616;Q15843;Q7L5N1;Q8WXC6;Q92905;Q99627;Q9BT78;Q9H9Q2;Q9UNS2,surface,0.6161162556324176,16,2,True,1.0,False,False,,False,,O[P](O)(=O)O[C@@H]1[C@H](O[P](O)(O)=O)[C@H](O[P](O)(O)=O)[C@@H](O[P](O)(O)=O)[C@H](O[P](O)(O)=O)[C@H]1O[P](O)(O)=O,SMILES_CANONICAL/CACTVS,36.0,True,True,eligible,True,True
9T92,9T92:A:2601,IHP_A_2601,IHP,A,2601,,36,6,InsP6,214.88358306884768,228.01675118340387,220.74844402737088,3.1,ELECTRON MICROSCOPY,2026-04-22T00:00:00Z,G:6ZWM,G:1B55,P42345;Q6R327;Q9BPZ7;Q9BVC4,surface,0.4929857359583113,27,1,False,1.0,False,False,,False,,O[P](O)(=O)O[C@@H]1[C@H](O[P](O)(O)=O)[C@H](O[P](O)(O)=O)[C@@H](O[P](O)(O)=O)[C@H](O[P](O)(O)=O)[C@H]1O[P](O)(O)=O,SMILES_CANONICAL/CACTVS,36.0,True,True,eligible,True,True
9T92,9T92:B:2601,IHP_B_2601,IHP,B,2601,,36,6,InsP6,263.93591647677954,280.3711946275499,243.4663060506185,3.1,ELECTRON MICROSCOPY,2026-04-22T00:00:00Z,G:6ZWM,G:1B55,P42345;Q6R327;Q9BPZ7;Q9BVC4,surface,0.515162861890186,29,1,False,1.0,False,False,,False,,O[P](O)(=O)O[C@@H]1[C@H](O[P](O)(O)=O)[C@H](O[P](O)(O)=O)[C@@H](O[P](O)(O)=O)[C@H](O[P](O)(O)=O)[C@H]1O[P](O)(O)=O,SMILES_CANONICAL/CACTVS,36.0,True,True,eligible,False,False
1DKP,1DKP:A:550,IHP_A_550,IHP,A,550,,36,6,InsP6,-5.501499980688095,36.983222325642906,24.4077500767178,2.28,X-RAY DIFFRACTION,2000-08-03T00:00:00Z,G:1DKP,G:1DKP,P07102,surface,0.2770550251999504,61,1,False,0.77,True,False,,False,False,O[P](O)(=O)O[C@@H]1[C@H](O[P](O)(O)=O)[C@H](O[P](O)(O)=O)[C@@H](O[P](O)(O)=O)[C@H](O[P](O)(O)=O)[C@H]1O[P](O)(O)=O,SMILES_CANONICAL/CACTVS,36.0,True,True,eligible,True,True
1OQN,1OQN:A:1601,I3P_A_1601,I3P,A,1601,,24,3,InsP3,45.213500340779625,30.781583150227863,42.23554182052612,2.3,X-RAY DIFFRACTION,2003-08-05T00:00:00Z,G:1NU2,G:1NU2,P08592;P97318,surface,0.4163428363789618,33,2,True,1.0,False,False,,False,True,O[C@@H]1[C@H](O)[C@@H](O[P](O)(O)=O)[C@H](O[P](O)(O)=O)[C@@H](O)[C@@H]1O[P](O)(O)=O,SMILES_CANONICAL/CACTVS,24.0,True,True,eligible,True,True
1OQN,1OQN:B:1602,I3P_B_1602,I3P,B,1602,,24,3,InsP3,44.75120846430461,2.6555000009636083,44.43449958165487,2.3,X-RAY DIFFRACTION,2003-08-05T00:00:00Z,G:1NU2,G:1NU2,P08592;P97318,surface,0.4229483871263707,32,2,True,1.0,False,False,,False,True,O[C@@H]1[C@H](O)[C@@H](O[P](O)(O)=O)[C@H](O[P](O)(O)=O)[C@@H](O)[C@@H]1O[P](O)(O)=O,SMILES_CANONICAL/CACTVS,24.0,True,True,eligible,False,False
2P0H,2P0H:A:101,I3S_A_101,I3S,A,101,,24,3,InsP3,-0.8482083392639955,27.817625204722088,-22.94266661008199,1.9,X-RAY DIFFRACTION,2007-03-27T00:00:00Z,G:1FAO,G:1B55,Q9BRR9,surface,0.5514541050898186,29,1,False,1.0,False,False,,False,True,O[C@@H]1[C@@H](O)[C@H](O[P](O)(O)=O)[C@@H](O[P](O)(O)=O)[C@@H](O)[C@H]1O[P](O)(O)=O,SMILES_CANONICAL/CACTVS,24.0,True,True,eligible,True,True
3C5N,3C5N:A:2,I3P_A_2,I3P,A,2,,24,3,InsP3,105.6962496439616,0.9497916822632154,25.277458429336548,1.8,X-RAY DIFFRACTION,2008-04-01T00:00:00Z,G:3C5N,G:3C5N,O00294,surface,0.5895217737893506,19,1,False,1.0,False,False,,False,False,O[C@@H]1[C@H](O)[C@@H](O[P](O)(O)=O)[C@H](O[P](O)(O)=O)[C@@H](O)[C@@H]1O[P](O)(O)=O,SMILES_CANONICAL/CACTVS,24.0,True,True,eligible,True,True
3C5N,3C5N:B:1,I3P_B_1,I3P,B,1,,24,3,InsP3,66.32562510172527,21.63845841089885,21.077458302179974,1.8,X-RAY DIFFRACTION,2008-04-01T00:00:00Z,G:3C5N,G:3C5N,O00294,surface,0.5370273099659234,28,1,False,1.0,False,False,,False,True,O[C@@H]1[C@H](O)[C@@H](O[P](O)(O)=O)[C@H](O[P](O)(O)=O)[C@@H](O)[C@@H]1O[P](O)(O)=O,SMILES_CANONICAL/CACTVS,24.0,True,True,eligible,False,False
3C5N,3C5N:B:3,I3P_B_3,I3P,B,3,,24,3,InsP3,61.54891618092855,-2.6012083354095616,4.818874965111415,1.8,X-RAY DIFFRACTION,2008-04-01T00:00:00Z,G:3C5N,G:3C5N,O00294,surface,0.3931743740605296,39,1,False,1.0,False,False,,False,True,O[C@@H]1[C@H](O)[C@@H](O[P](O)(O)=O)[C@H](O[P](O)(O)=O)[C@@H](O)[C@@H]1O[P](O)(O)=O,SMILES_CANONICAL/CACTVS,24.0,True,True,eligible,False,False
3UDZ,3UDZ:A:500,IHP_A_500,IHP,A,500,,36,6,InsP6,72.30494541592068,33.001055558522545,35.64016654756334,2.5,X-RAY DIFFRACTION,2012-03-14T00:00:00Z,G:2XAL,G:2XAL,Q93YN9,semi_cryptic,0.2009935793798156,49,1,False,1.0,False,True,MG,False,False,O[P](O)(=O)O[C@@H]1[C@H](O[P](O)(O)=O)[C@H](O[P](O)(O)=O)[C@@H](O[P](O)(O)=O)[C@H](O[P](O)(O)=O)[C@H]1O[P](O)(O)=O,SMILES_CANONICAL/CACTVS,36.0,True,False,excluded: configuration differs from the CCD,False,False
3UDZ,3UDZ:B:500,IHP_B_500,IHP,B,500,,36,6,InsP6,89.15686119927301,57.5563055674235,13.375722275839912,2.5,X-RAY DIFFRACTION,2012-03-14T00:00:00Z,G:2XAL,G:2XAL,Q93YN9,semi_cryptic,0.1986596897872893,53,1,False,1.0,False,True,MG,False,False,O[P](O)(=O)O[C@@H]1[C@H](O[P](O)(O)=O)[C@H](O[P](O)(O)=O)[C@@H](O[P](O)(O)=O)[C@H](O[P](O)(O)=O)[C@H]1O[P](O)(O)=O,SMILES_CANONICAL/CACTVS,36.0,True,False,excluded: configuration differs from the CCD,False,False
4WPC,4WPC:A:401,IHP_A_401,IHP,A,401,,36,6,InsP6,30.373166614108616,-20.910666598214043,90.41477711995442,3.34,X-RAY DIFFRACTION,2014-12-24T00:00:00Z,G:4WPC,G:4WPC,P38339,crystal_artifact,0.8454068694890853,7,1,False,1.0,False,False,,False,False,,,,,,excluded: crystal artefact,False,False
4WPC,4WPC:B:401,IHP_B_401,IHP,B,401,,36,6,InsP6,13.54691669676039,-14.266638888253103,16.260805553860134,3.34,X-RAY DIFFRACTION,2014-12-24T00:00:00Z,G:4WPC,G:4WPC,P38339,crystal_artifact,0.8634836476681081,7,1,False,1.0,False,False,,False,False,,,,,,excluded: crystal artefact,False,False
5ICN,5ICN:A:401,IHP_A_401,IHP,A,401,,36,6,InsP6,-48.1583054860433,34.81886111365424,-5.493250012397766,3.3,X-RAY DIFFRACTION,2016-05-11T00:00:00Z,G:5ICN,G:1B55,Q13330;Q13547,surface,0.4355523724744493,30,2,True,0.6999999999999998,True,False,,False,False,O[P](O)(=O)O[C@@H]1[C@H](O[P](O)(O)=O)[C@H](O[P](O)(O)=O)[C@@H](O[P](O)(O)=O)[C@H](O[P](O)(O)=O)[C@H]1O[P](O)(O)=O,SMILES_CANONICAL/CACTVS,36.0,True,True,eligible,True,True
5W3X,5W3X:A:501,IHP_A_501,IHP,A,501,,36,6,InsP6,-26.612499872843426,54.05441665649414,-65.32830577426486,2.0,X-RAY DIFFRACTION,2017-08-09T00:00:00Z,G:5W3T,G:5KLP,A0A0S4VB05;C4B7M5,surface,0.3387778391763426,47,1,False,1.0,False,False,,False,False,O[P](O)(=O)O[C@@H]1[C@H](O[P](O)(O)=O)[C@H](O[P](O)(O)=O)[C@@H](O[P](O)(O)=O)[C@H](O[P](O)(O)=O)[C@H]1O[P](O)(O)=O,SMILES_CANONICAL/CACTVS,36.0,True,False,excluded: configuration differs from the CCD,False,False
5W3X,5W3X:C:501,IHP_C_501,IHP,C,501,,36,6,InsP6,-45.132639249165855,70.18716663784451,-117.1994997660319,2.0,X-RAY DIFFRACTION,2017-08-09T00:00:00Z,G:5W3T,G:5KLP,A0A0S4VB05;C4B7M5,surface,0.3600679557999819,47,1,False,1.0,False,False,,False,False,O[P](O)(=O)O[C@@H]1[C@H](O[P](O)(O)=O)[C@H](O[P](O)(O)=O)[C@@H](O[P](O)(O)=O)[C@H](O[P](O)(O)=O)[C@H]1O[P](O)(O)=O,SMILES_CANONICAL/CACTVS,36.0,True,False,excluded: configuration differs from the CCD,False,False
6GFG,6GFG:A:501,KGN_A_501,KGN,A,501,,36,6,InsP6,-2.643611075149642,-4.852111094527775,6.51566665702396,3.0,X-RAY DIFFRACTION,2018-09-12T00:00:00Z,G:2XAL,G:2XAL,Q93YN9,semi_cryptic,0.2147696374128369,47,2,True,0.8599999999999999,True,False,,False,False,O[P](O)(=O)O[C@H]1[C@@H](O[P](O)(O)=O)[C@H](O[P](O)(O)=O)[C@H](O[P](O)(O)=O)[C@@H](O[P](O)(O)=O)[C@@H]1O[P](O)(O)=O,SMILES_CANONICAL/CACTVS,36.0,True,True,eligible,True,True
6GFG,6GFG:B:501,KGN_B_501,KGN,B,501,,36,6,InsP6,-13.261916796366371,-33.777722146775986,27.59847211837769,3.0,X-RAY DIFFRACTION,2018-09-12T00:00:00Z,G:2XAL,G:2XAL,Q93YN9,semi_cryptic,0.2354908187591005,41,1,False,0.8999999999999999,True,False,,False,False,O[P](O)(=O)O[C@H]1[C@@H](O[P](O)(O)=O)[C@H](O[P](O)(O)=O)[C@H](O[P](O)(O)=O)[C@@H](O[P](O)(O)=O)[C@@H]1O[P](O)(O)=O,SMILES_CANONICAL/CACTVS,36.0,True,True,eligible,False,False
6WOD,6WOD:A:504,IHP_A_504,IHP,A,504,,36,6,InsP6,16.766555388768513,5.124666650262144,15.005916621949938,1.35,X-RAY DIFFRACTION,2021-03-03T00:00:00Z,G:2FVV,G:2FVV,O95989,surface,0.3207086760086711,54,1,False,1.0,False,True,MG,False,False,O[P](O)(=O)O[C@@H]1[C@H](O[P](O)(O)=O)[C@H](O[P](O)(O)=O)[C@@H](O[P](O)(O)=O)[C@H](O[P](O)(O)=O)[C@H]1O[P](O)(O)=O,SMILES_CANONICAL/CACTVS,36.0,True,True,eligible,True,True
7JTB,7JTB:B:501,IHP_B_501,IHP,B,501,,36,6,InsP6,30.417583412594265,7.516666730244954,11.504333403375414,2.6,X-RAY DIFFRACTION,2021-10-13T00:00:00Z,G:1ZSH,G:1ZSH,P08168,surface,0.6394430641733954,15,1,False,1.0,False,False,,False,False,O[P](O)(=O)O[C@@H]1[C@H](O[P](O)(O)=O)[C@H](O[P](O)(O)=O)[C@@H](O[P](O)(O)=O)[C@H](O[P](O)(O)=O)[C@H]1O[P](O)(O)=O,SMILES_CANONICAL/CACTVS,36.0,True,True,eligible,True,True
7JTB,7JTB:B:502,IHP_B_502,IHP,B,502,,36,6,InsP6,27.898388862609863,5.169694417052799,31.17486111323039,2.6,X-RAY DIFFRACTION,2021-10-13T00:00:00Z,G:1ZSH,G:1ZSH,P08168,surface,0.6122976064573938,21,2,True,1.0,False,False,,False,False,O[P](O)(=O)O[C@@H]1[C@H](O[P](O)(O)=O)[C@H](O[P](O)(O)=O)[C@@H](O[P](O)(O)=O)[C@H](O[P](O)(O)=O)[C@H]1O[P](O)(O)=O,SMILES_CANONICAL/CACTVS,36.0,True,True,eligible,False,False
7JTB,7JTB:C:501,IHP_C_501,IHP,C,501,,36,6,InsP6,39.63738875918918,-27.848888821072048,27.21316650178697,2.6,X-RAY DIFFRACTION,2021-10-13T00:00:00Z,G:1ZSH,G:1ZSH,P08168,surface,0.5508431905038513,24,1,False,1.0,False,False,,False,False,O[P](O)(=O)O[C@@H]1[C@H](O[P](O)(O)=O)[C@H](O[P](O)(O)=O)[C@@H](O[P](O)(O)=O)[C@H](O[P](O)(O)=O)[C@H]1O[P](O)(O)=O,SMILES_CANONICAL/CACTVS,36.0,True,True,eligible,False,False
7JTB,7JTB:D:501,IHP_D_501,IHP,D,501,,36,6,InsP6,71.69388919406467,50.53883319430881,11.678333282470703,2.6,X-RAY DIFFRACTION,2021-10-13T00:00:00Z,G:1ZSH,G:1ZSH,P08168,surface,0.5723194676081752,23,1,False,1.0,False,False,,False,False,O[P](O)(=O)O[C@@H]1[C@H](O[P](O)(O)=O)[C@H](O[P](O)(O)=O)[C@@H](O[P](O)(O)=O)[C@H](O[P](O)(O)=O)[C@H]1O[P](O)(O)=O,SMILES_CANONICAL/CACTVS,36.0,True,True,eligible,False,False
7PW9,7PW9:A:3702,IHP_A_3702,IHP,A,3702,,36,6,InsP6,132.7294167412652,163.0153897603353,117.69177754720052,3.12,ELECTRON MICROSCOPY,2021-12-01T00:00:00Z,G:6SYT,G:1B55,Q96Q15;Q9H0W8,surface,0.53591258017806,20,1,False,0.0,True,False,,False,,O[P](O)(=O)O[C@@H]1[C@H](O[P](O)(O)=O)[C@H](O[P](O)(O)=O)[C@@H](O[P](O)(O)=O)[C@H](O[P](O)(O)=O)[C@H]1O[P](O)(O)=O,SMILES_CANONICAL/CACTVS,36.0,True,False,excluded: configuration differs from the CCD,False,False
7ZT6,7ZT6:A:701,IHP_A_701,IHP,A,701,,36,6,InsP6,86.18255551656087,102.78491719563802,114.68586116366916,3.5,ELECTRON MICROSCOPY,2023-05-17T00:00:00Z,G:7SGL,G:1B55,P12956;P13010,surface,0.5381401242125466,24,2,True,1.0,False,False,,False,,O[P](O)(=O)O[C@@H]1[C@H](O[P](O)(O)=O)[C@H](O[P](O)(O)=O)[C@@H](O[P](O)(O)=O)[C@H](O[P](O)(O)=O)[C@H]1O[P](O)(O)=O,SMILES_CANONICAL/CACTVS,36.0,True,True,eligible,True,True
8PPD,8PPD:A:505,75I_A_505,75I,A,505,,25,3,InsP3,12.115199966430664,29.263359909057616,85.9593603515625,1.77,X-RAY DIFFRACTION,2024-02-28T00:00:00Z,G:1W2C,G:1W2C,P23677,surface,0.2851462768436821,28,1,False,1.0,False,False,,False,False,OC[C@H]1[C@H](O)[C@@H](O[P](O)(O)=O)[C@H](O)[C@@H](O[P](O)(O)=O)[C@@H]1O[P](O)(O)=O,SMILES_CANONICAL/CACTVS,25.0,True,True,eligible,True,True
8PPD,8PPD:B:504,75I_B_504,75I,B,504,,25,3,InsP3,20.060520248413084,48.15991989135742,62.28060012817383,1.77,X-RAY DIFFRACTION,2024-02-28T00:00:00Z,G:1W2C,G:1W2C,P23677,surface,0.3846071217066124,21,1,False,0.9,True,False,,False,False,OC[C@H]1[C@H](O)[C@@H](O[P](O)(O)=O)[C@H](O)[C@@H](O[P](O)(O)=O)[C@@H]1O[P](O)(O)=O,SMILES_CANONICAL/CACTVS,25.0,True,True,eligible,False,False
8ZEP,8ZEP:C:501,IHP_C_501,IHP,C,501,,36,6,InsP6,129.53225008646646,128.88061099582248,109.2015274895562,3.29,ELECTRON MICROSCOPY,2025-05-14T00:00:00Z,G:1ZY7,G:1ZY7,G5EDW1;Q22618,cryptic,0.0908023194848434,57,1,False,1.0,False,False,,False,,O[P](O)(=O)O[C@@H]1[C@H](O[P](O)(O)=O)[C@H](O[P](O)(O)=O)[C@@H](O[P](O)(O)=O)[C@H](O[P](O)(O)=O)[C@H]1O[P](O)(O)=O,SMILES_CANONICAL/CACTVS,36.0,True,False,excluded: configuration differs from the CCD,False,False
8ZEP,8ZEP:D:501,IHP_D_501,IHP,D,501,,36,6,InsP6,129.8295546637641,132.58075035942926,147.95930438571506,3.29,ELECTRON MICROSCOPY,2025-05-14T00:00:00Z,G:1ZY7,G:1ZY7,G5EDW1;Q22618,cryptic,0.1135751368014977,52,1,False,1.0,False,False,,False,,O[P](O)(=O)O[C@@H]1[C@H](O[P](O)(O)=O)[C@H](O[P](O)(O)=O)[C@@H](O[P](O)(O)=O)[C@H](O[P](O)(O)=O)[C@H]1O[P](O)(O)=O,SMILES_CANONICAL/CACTVS,36.0,True,False,excluded: configuration differs from the CCD,False,False
9DTR,9DTR:A:2500,IHP_A_2500,IHP,A,2500,,36,6,InsP6,218.92208268907336,278.87950134277344,229.4462784661187,2.31,ELECTRON MICROSCOPY,2024-12-25T00:00:00Z,G:3PEU,G:1B55,P21374;P24384;P25337;P28004;P32523;P33334;P33411;P36048;P38241;P38302;P40018;P40204;P40567;P40968;P43321;P53277;P53333;P53913;P54999;Q02260;Q02775;Q03375;Q03654;Q03772;Q04048;Q06091;Q06217;Q08963;Q12046;Q12309;Q12330;Q12417,surface,0.2943898078036504,42,2,True,1.0,False,False,,False,,O[P](O)(=O)O[C@@H]1[C@H](O[P](O)(O)=O)[C@H](O[P](O)(O)=O)[C@@H](O[P](O)(O)=O)[C@H](O[P](O)(O)=O)[C@H]1O[P](O)(O)=O,SMILES_CANONICAL/CACTVS,36.0,True,True,eligible,True,True
9DTR,9DTR:S:701,IHP_S_701,IHP,S,701,,36,6,InsP6,234.63039016723636,175.92499923706055,303.1832529703776,2.31,ELECTRON MICROSCOPY,2024-12-25T00:00:00Z,G:3PEU,G:1B55,P21374;P24384;P25337;P28004;P32523;P33334;P33411;P36048;P38241;P38302;P40018;P40204;P40567;P40968;P43321;P53277;P53333;P53913;P54999;Q02260;Q02775;Q03375;Q03654;Q03772;Q04048;Q06091;Q06217;Q08963;Q12046;Q12309;Q12330;Q12417,surface,0.3864097250641798,42,2,True,1.0,False,False,,False,,O[P](O)(=O)O[C@@H]1[C@H](O[P](O)(O)=O)[C@H](O[P](O)(O)=O)[C@@H](O[P](O)(O)=O)[C@H](O[P](O)(O)=O)[C@H]1O[P](O)(O)=O,SMILES_CANONICAL/CACTVS,36.0,True,True,eligible,False,False
9QO1,9QO1:B:501,IHP_B_501,IHP,B,501,,36,6,InsP6,226.3101395501031,151.35186047024197,216.83144336276584,3.23,ELECTRON MICROSCOPY,2026-02-11T00:00:00Z,G:28MJ,G:1B55,P61201;P62877;Q13098;Q13616;Q15843;Q7L5N1;Q8WXC6;Q92905;Q99627;Q9BT78;Q9H9Q2;Q9UNS2,surface,0.5453500301866682,15,3,True,1.0,False,False,,False,,O[P](O)(=O)O[C@@H]1[C@H](O[P](O)(O)=O)[C@H](O[P](O)(O)=O)[C@@H](O[P](O)(O)=O)[C@H](O[P](O)(O)=O)[C@H]1O[P](O)(O)=O,SMILES_CANONICAL/CACTVS,36.0,True,True,eligible,True,True
9T93,9T93:A:2601,IHP_A_2601,IHP,A,2601,,36,6,InsP6,215.4221657647027,228.26619338989255,221.7500559488932,2.86,ELECTRON MICROSCOPY,2026-04-22T00:00:00Z,G:6ZWM,G:1B55,P42345;Q6R327;Q9BPZ7;Q9BVC4,surface,0.5116102332911026,28,1,False,1.0,False,False,,False,,O[P](O)(=O)O[C@@H]1[C@H](O[P](O)(O)=O)[C@H](O[P](O)(O)=O)[C@@H](O[P](O)(O)=O)[C@H](O[P](O)(O)=O)[C@H]1O[P](O)(O)=O,SMILES_CANONICAL/CACTVS,36.0,True,True,eligible,True,True
