copy_key,pdb_id,instance_id,comp_id,chain,resseq,icode,n_heavy,n_phosphorus,species,centroid_x,centroid_y,centroid_z,resolution,experimental_method,release_date,homology_group,homology_group_strict,uniprot_ids,burial_class,relative_sasa,n_protein_contacts,n_contact_chains,interface,mean_occupancy,partial_occupancy,metal,metal_ions,altloc,symmetry_contact,ccd_smiles,smiles_source,template_heavy,complete,configuration_match,status,selected,primary_set,primary_error,top_rmsd_s1,top_score_s1,top_rmsd_s2,top_score_s2,top_rmsd_s3,top_score_s3,n_seeds,success,success_1A,success_3A,best20_success,p_success,spearman,top_score_sd,seed_agreement,crystal_minimised_score,crystal_minimised_rmsd,failure_kind,receptor_his,secondary_error,vinardo_success,ad4_success,deprotonated_success,metals_success,decoy_top_score,site_finding_lands,site_finding_any_positive_pocket,af_error,af_success,af_top_rmsd,af_top_score,af_site_ca_rmsd,af_accession,af_identity,pockets_error,ad4_note
1AWB:A:281,1AWB,IPD_A_281,IPD,A,281,,16,1,InsP1,5.426125034689903,52.29412484169006,13.138624966144562,2.5,X-RAY DIFFRACTION,1998-01-14T00:00:00Z,G:1AWB,G:1AWB,P29218,cryptic,0.0858643230649205,48,1,False,1.0,False,True,CA,False,False,O[C@@H]1[C@@H](O)[C@@H](O)[C@@H](O[P]([O-])([O-])=O)[C@H](O)[C@H]1O,SMILES_CANONICAL/CACTVS,16.0,True,True,eligible,True,True,,6.797679145583365,-7.307,5.251503804159515,-7.194,4.099635617872104,-6.93,3.0,0.0,0.0,0.0,0.6666666666666666,0.0,-0.1283379598145671,0.19347437384143013,1.0,-6.486,0.3203501036863394,scoring,"{""HIE"": 2, ""HID"": 6}",,0.0,0.0,0.0,0.6666666666666666,-4.824,True,True,,0.0,5.186063164029565,-7.355,0.3474200523920922,P29218,1.0,,
1HG5:A:1282,1HG5,IHP_A_1282,IHP,A,1282,,36,6,InsP6,43.56124994489882,66.6360559463501,39.47952747344971,2.0,X-RAY DIFFRACTION,2001-02-12T00:00:00Z,G:1HG2,G:1HG2,O55012,surface,0.795587789202985,13,1,False,1.0,False,False,,False,False,O[P](O)(=O)O[C@@H]1[C@H](O[P](O)(O)=O)[C@H](O[P](O)(O)=O)[C@@H](O[P](O)(O)=O)[C@H](O[P](O)(O)=O)[C@H]1O[P](O)(O)=O,SMILES_CANONICAL/CACTVS,36.0,True,True,eligible,True,True,,8.336166246245595,-4.016,9.130184708276087,-4.132,9.10858814521953,-3.966,3.0,0.0,0.0,0.0,0.0,0.0,0.16992688605101033,0.08515867542417481,1.0,-1.527,3.022098749820043,scoring,"{""HID"": 4, ""HIE"": 1}",,0.0,0.0,0.0,,-4.827,False,False,,0.0,11.321463896684715,-3.878,0.07852253523730614,O55012,1.0,,
1ZY7:A:901,1ZY7,IHP_A_901,IHP,A,901,,36,6,InsP6,52.61999956766764,20.93013901180691,22.80219427744548,1.7,X-RAY DIFFRACTION,2005-09-13T00:00:00Z,G:1ZY7,G:1ZY7,P78563,cryptic,0.093119967468598,63,1,False,1.0,False,False,,False,False,O[P](O)(=O)O[C@@H]1[C@H](O[P](O)(O)=O)[C@H](O[P](O)(O)=O)[C@@H](O[P](O)(O)=O)[C@H](O[P](O)(O)=O)[C@H]1O[P](O)(O)=O,SMILES_CANONICAL/CACTVS,36.0,True,True,eligible,True,True,,1.8397164577201164,-8.863,3.2307513205103007,-9.099,0.8563461096979518,-9.507,3.0,0.6666666666666666,0.3333333333333333,0.6666666666666666,1.0,0.6666666666666666,0.1427736006683375,0.3258056680497338,0.0,-9.162,0.45400924759818495,,"{""HID"": 17, ""HIP"": 1, ""HIE"": 3}",,0.0,0.0,0.0,,-4.538,True,True,,0.0,2.941104259687545,-8.944,0.27338049877036674,P78563,1.0,,
2XAL:A:500,2XAL,IHP_A_500,IHP,A,500,,36,6,InsP6,38.468972735934784,68.29016653696696,46.47847228580051,3.2,X-RAY DIFFRACTION,2010-05-19T00:00:00Z,G:2XAL,G:2XAL,Q93YN9,semi_cryptic,0.2079746534687191,50,1,False,1.0,False,False,,False,False,O[P](O)(=O)O[C@@H]1[C@H](O[P](O)(O)=O)[C@H](O[P](O)(O)=O)[C@@H](O[P](O)(O)=O)[C@H](O[P](O)(O)=O)[C@H]1O[P](O)(O)=O,SMILES_CANONICAL/CACTVS,36.0,True,True,eligible,True,True,,4.575855363995745,-7.134,13.595429365880767,-7.376,3.9522690819809396,-7.038,3.0,0.0,0.0,0.0,0.3333333333333333,0.0,0.17593984962406015,0.17417615604132888,1.0,-6.205,1.0028270425078065,scoring,"{""HID"": 14, ""HIP"": 4}",,0.0,0.0,0.0,,-3.383,True,True,,0.0,4.386960581624363,-6.593,0.42731964551916674,Q93YN9,0.9857142857142858,,
5DGH:A:402,5DGH,5A3_A_402,5A3,A,402,,40,7,InsP7,0.8848000151105225,21.074550008773805,11.804925048351288,2.1,X-RAY DIFFRACTION,2016-08-10T00:00:00Z,G:3T9C,G:1Z2P,O43314,surface,0.2660474903559347,38,1,False,1.0,False,True,MG,False,False,O[P](O)(=O)C[P](O)(=O)O[C@@H]1[C@@H](O[P](O)(O)=O)[C@H](O[P](O)(O)=O)[C@H](O[P](O)(O)=O)[C@H](O[P](O)(O)=O)[C@H]1O[P](O)(O)=O,SMILES_CANONICAL/CACTVS,40.0,True,True,eligible,True,True,,5.732561921071352,-7.807,5.675009772732015,-7.802,6.048825083579493,-7.673,3.0,0.0,0.0,0.0,0.0,0.0,-0.04310776942355889,0.07596271015000275,1.0,-6.352,0.45261196738244114,scoring,"{""HID"": 4, ""HIE"": 1}",,0.0,0.0,0.0,0.0,-5.57,True,True,,0.0,6.455058604901698,-7.112,0.5651525151749567,O43314,1.0,,
5MWM:A:501,5MWM,IHP_A_501,IHP,A,501,,36,6,InsP6,2.712999996418754,8.835972282621595,8.679166667991215,2.6,X-RAY DIFFRACTION,2017-05-10T00:00:00Z,G:2XAL,G:2XAL,Q6P1C1,semi_cryptic,0.1590711185220073,55,1,False,1.0,False,False,,False,False,O[P](O)(=O)O[C@@H]1[C@H](O[P](O)(O)=O)[C@H](O[P](O)(O)=O)[C@@H](O[P](O)(O)=O)[C@H](O[P](O)(O)=O)[C@H]1O[P](O)(O)=O,SMILES_CANONICAL/CACTVS,36.0,True,True,eligible,True,True,,4.158246296365311,-7.261,2.662836487996252,-7.044,1.7722103269137481,-6.993,3.0,0.3333333333333333,0.0,0.6666666666666666,0.6666666666666666,0.3333333333333333,0.4419148774722775,0.14231069296905746,0.0,-6.24,0.5575692012944038,scoring,"{""HIE"": 2, ""HID"": 13}",,0.0,0.0,0.0,,-4.499,True,True,,0.0,5.609095657548095,-7.648,1.0410378008669534,Q6P1C1,1.0,,
7TN8:A:401,7TN8,IHP_A_401,IHP,A,401,,36,6,InsP6,1.2230000046806202,36.55780516730415,106.29091623094348,2.6,X-RAY DIFFRACTION,2022-06-15T00:00:00Z,G:7TN8,G:1Z2P,Q84Y01,surface,0.4695249919783406,32,1,False,1.0,False,False,,False,False,O[P](O)(=O)O[C@@H]1[C@H](O[P](O)(O)=O)[C@H](O[P](O)(O)=O)[C@@H](O[P](O)(O)=O)[C@H](O[P](O)(O)=O)[C@H]1O[P](O)(O)=O,SMILES_CANONICAL/CACTVS,36.0,True,True,eligible,True,True,,4.224998846810125,-6.351,5.341233503071208,-6.381,5.037253418216797,-5.889,3.0,0.0,0.0,0.0,0.0,0.0,0.04364032141777629,0.27580427842946886,1.0,-4.29,0.468131727203029,scoring,"{""HID"": 7, ""HIE"": 3}",,0.0,0.0,0.0,,-5.203,True,True,,0.0,5.938633719378106,-6.293,2.456740808778797,Q84Y01,0.99644128113879,,
8FIK:A:204,8FIK,IHP_A_204,IHP,A,204,,36,6,InsP6,-16.79049989912245,1.878055543742246,54.75802760654025,1.91,X-RAY DIFFRACTION,2023-09-06T00:00:00Z,G:8FIK,G:8FIK,P31941,surface,0.803329554453632,17,1,False,1.0,False,False,,False,True,O[P](O)(=O)O[C@@H]1[C@H](O[P](O)(O)=O)[C@H](O[P](O)(O)=O)[C@@H](O[P](O)(O)=O)[C@H](O[P](O)(O)=O)[C@H]1O[P](O)(O)=O,SMILES_CANONICAL/CACTVS,36.0,True,True,eligible,True,True,,9.562238632912464,-5.068,10.07040942185511,-5.625,10.126469348883377,-5.676,3.0,0.0,0.0,0.0,0.0,0.0,-0.13533834586466165,0.3372718982265399,1.0,-2.488,3.3933353211347907,scoring,"{""HID"": 16, ""HIP"": 4}",,0.0,0.0,0.0,,-4.525,False,False,,0.0,10.565858279234394,-5.078,0.10752233803092419,P31941,0.9946524064171123,,
9CWV:C:401,9CWV,IHP_C_401,IHP,C,401,,36,6,InsP6,80.46649996439616,139.3290841844347,149.9585278828939,2.42,ELECTRON MICROSCOPY,2024-10-30T00:00:00Z,G:30OE,G:30OE,P04591,surface,0.7636805095669511,10,2,True,1.0,False,False,,False,,O[P](O)(=O)O[C@@H]1[C@H](O[P](O)(O)=O)[C@H](O[P](O)(O)=O)[C@@H](O[P](O)(O)=O)[C@H](O[P](O)(O)=O)[C@H]1O[P](O)(O)=O,SMILES_CANONICAL/CACTVS,36.0,True,True,eligible,True,True,,9.329958445089508,-4.277,10.034009974949717,-4.447,12.828406351866342,-3.693,3.0,0.0,0.0,0.0,0.0,0.0,-0.18420930075796416,0.39548957002682134,1.0,-1.714,1.3209234429953598,scoring,"{""HID"": 66, ""HIE"": 24}",,0.0,0.0,0.0,,-4.377,False,False,no AlphaFold model for the entry's accessions,,,,,,,,
9N58:A:401,9N58,IHP_A_401,IHP,A,401,,36,6,InsP6,13.891277684105766,-22.3389999071757,29.66461133956909,2.05,X-RAY DIFFRACTION,2025-02-12T00:00:00Z,G:3MMJ,G:3MMJ,C4XPJ9,surface,0.3126351061415636,61,1,False,0.9799999999999996,True,False,,False,False,O[P](O)(=O)O[C@@H]1[C@H](O[P](O)(O)=O)[C@H](O[P](O)(O)=O)[C@@H](O[P](O)(O)=O)[C@H](O[P](O)(O)=O)[C@H]1O[P](O)(O)=O,SMILES_CANONICAL/CACTVS,36.0,True,True,eligible,True,True,,2.754477885722599,-7.047,2.448773391905176,-7.44,2.3521635835888244,-7.431,3.0,0.0,0.0,1.0,0.6666666666666666,0.0,0.5815819186838541,0.2243457153591308,1.0,-7.422,0.5481486379991024,sampling,"{""HID"": 12, ""HIE"": 4, ""HIP"": 4}",,0.0,0.0,1.0,,-6.572,False,False,,0.0,6.691656581155941,-6.051,1.9569325971504181,C4XPJ9,0.9963369963369964,,
9T4G:A:201,9T4G,IHP_A_201,IHP,A,201,,36,6,InsP6,-4.534805602497524,2.8331944408516088,8.07433334324095,1.28,X-RAY DIFFRACTION,2026-06-10T00:00:00Z,G:2FVV,G:2FVV,O95989,semi_cryptic,0.1901061987814928,50,1,False,0.8500000000000001,True,True,MG,False,False,O[P](O)(=O)O[C@@H]1[C@H](O[P](O)(O)=O)[C@H](O[P](O)(O)=O)[C@@H](O[P](O)(O)=O)[C@H](O[P](O)(O)=O)[C@H]1O[P](O)(O)=O,SMILES_CANONICAL/CACTVS,36.0,True,True,eligible,True,True,,2.3722826227351366,-7.701,3.309396842657897,-7.69,1.5184095968267854,-7.63,3.0,0.3333333333333333,0.0,0.6666666666666666,0.3333333333333333,0.3333333333333333,0.33734335839598995,0.03821430796617065,0.0,-6.766,0.4998626636357084,scoring,"{""HID"": 3}",,0.0,0.0,0.0,0.3333333333333333,-4.292,True,True,,0.0,3.4804722594780784,-7.356,1.995507625782254,O95989,1.0,,
1B55:A:171,1B55,4IP_A_171,4IP,A,171,,28,4,InsP4,-0.2903214304574898,4.44082145180021,37.530071531023296,2.4,X-RAY DIFFRACTION,1999-06-15T00:00:00Z,G:1B55,G:1B55,Q06187,surface,0.2484363917070763,65,1,False,1.0,False,False,,False,True,O[C@H]1[C@@H](O[P](O)(O)=O)[C@H](O)[C@@H](O[P](O)(O)=O)[C@H](O[P](O)(O)=O)[C@H]1O[P](O)(O)=O,SMILES_CANONICAL/CACTVS,28.0,True,True,eligible,True,True,,5.564087328105534,-7.462,3.1316801862848296,-6.695,6.024001148414867,-6.603,3.0,0.0,0.0,0.0,0.3333333333333333,0.0,0.18158292556807953,0.4716343922997981,1.0,-7.321,0.5198516673152255,scoring,"{""HID"": 4, ""HIE"": 2}",,0.0,0.0,0.0,,-5.468,True,False,,0.0,5.639890825504778,-5.986,1.7170487888801498,Q06187,1.0,,
1I9Z:A:302,1I9Z,2IP_A_302,2IP,A,302,,20,2,InsP2,38.51960048675537,31.5653000831604,34.710599708557126,1.8,X-RAY DIFFRACTION,2001-05-16T00:00:00Z,G:1I9Z,G:1I9Z,O43001,surface,0.4097130689152485,25,1,False,0.5,True,False,,False,False,O[C@@H]1[C@H](O)[C@@H](O[P](O)(O)=O)[C@H](O)[C@@H](O)[C@H]1O[P](O)(O)=O,SMILES_CANONICAL/CACTVS,20.0,True,True,eligible,True,True,,7.427402856317782,-6.737,7.472622646041295,-6.719,7.065354398450412,-6.504,3.0,0.0,0.0,0.0,0.0,0.0,-0.5840441804182844,0.1296392430297764,1.0,-4.43,0.5595386007596662,scoring,"{""HID"": 7, ""HIE"": 1, ""HIP"": 1}",,0.0,0.0,0.0,,-6.54,False,False,,0.0,5.06789596301013,-6.667,0.765121685096261,O43001,1.0,,
28MJ:A:1101,28MJ,IHP_A_1101,IHP,A,1101,,36,6,InsP6,124.23272302415636,121.9794724782308,83.98955557081435,2.77,ELECTRON MICROSCOPY,2026-09-23T00:00:00Z,G:28MJ,G:1B55,A0AVT1;O15205,surface,0.426006289133784,30,1,False,1.0,False,False,,False,,O[P](O)(=O)O[C@@H]1[C@H](O[P](O)(O)=O)[C@H](O[P](O)(O)=O)[C@@H](O[P](O)(O)=O)[C@H](O[P](O)(O)=O)[C@H]1O[P](O)(O)=O,SMILES_CANONICAL/CACTVS,36.0,True,True,eligible,True,True,,2.2559567007913457,-5.544,10.780397936435824,-5.421,1.5347485738522868,-5.965,3.0,0.3333333333333333,0.0,0.6666666666666666,0.3333333333333333,0.3333333333333333,0.14406627655036344,0.2852793952134175,0.0,-5.154,0.5770329837302822,scoring,"{""HID"": 25, ""HIE"": 8}",,0.0,0.0,0.0,,-6.477,False,False,,0.0,5.468480283172073,-5.679,0.686583743780109,A0AVT1,1.0,,
2XAM:A:500,2XAM,IHP_A_500,IHP,A,500,,36,6,InsP6,38.29319445292155,70.11163902282715,47.42969459957547,2.2,X-RAY DIFFRACTION,2010-05-19T00:00:00Z,G:2XAL,G:2XAL,Q93YN9,semi_cryptic,0.1993738306917246,51,1,False,1.0,False,True,MG,False,False,O[P](O)(=O)O[C@@H]1[C@H](O[P](O)(O)=O)[C@H](O[P](O)(O)=O)[C@@H](O[P](O)(O)=O)[C@H](O[P](O)(O)=O)[C@H]1O[P](O)(O)=O,SMILES_CANONICAL/CACTVS,36.0,True,True,eligible,True,True,,4.6205507231940155,-6.91,6.5617616511804835,-6.876,1.656712494927676,-6.918,3.0,0.3333333333333333,0.0,0.3333333333333333,0.6666666666666666,0.3333333333333333,0.17299285452890312,0.022300971578236867,0.0,-5.941,0.3759168728540189,scoring,"{""HID"": 12, ""HIP"": 5, ""HIE"": 1}",,0.0,0.0,0.0,0.6666666666666666,-2.235,True,True,,0.0,4.465620079245661,-6.608,0.4177736310939125,Q93YN9,0.988009592326139,,
3O3L:A:1900,3O3L,4IP_A_1900,4IP,A,1900,,28,4,InsP4,-5.137999967272792,-5.287571455751147,15.38328572681972,1.85,X-RAY DIFFRACTION,2011-12-07T00:00:00Z,G:3MMJ,G:3MMJ,Q7WUJ1,semi_cryptic,0.1663222477705579,63,1,False,0.75,True,False,,True,False,O[C@H]1[C@@H](O[P](O)(O)=O)[C@H](O)[C@@H](O[P](O)(O)=O)[C@H](O[P](O)(O)=O)[C@H]1O[P](O)(O)=O,SMILES_CANONICAL/CACTVS,28.0,True,True,eligible,True,True,,5.263859558190264,-7.677,5.271450860568746,-7.759,5.2573363163282325,-7.72,3.0,0.0,0.0,0.0,0.6666666666666666,0.0,0.5669172932330827,0.04101625693957657,1.0,-6.274,0.5047424861534012,scoring,"{""HID"": 21, ""HIP"": 2, ""HIE"": 3}",,1.0,0.0,1.0,,-5.864,True,True,,0.0,10.435174763613984,-6.232,0.2047972032806876,Q7WUJ1,0.9968253968253968,,
4NP9:A:601,4NP9,I3P_A_601,I3P,A,601,,24,3,InsP3,13.001500010490416,2.1751249991357327,40.17320839564005,1.92,X-RAY DIFFRACTION,2013-12-25T00:00:00Z,G:4NP9,G:1B55,P47709,surface,0.451055294303674,29,1,False,0.8000000000000002,True,False,,False,True,O[C@@H]1[C@H](O)[C@@H](O[P](O)(O)=O)[C@H](O[P](O)(O)=O)[C@@H](O)[C@@H]1O[P](O)(O)=O,SMILES_CANONICAL/CACTVS,24.0,True,True,eligible,True,True,"ReceptorError: pdb2pqr failed:   File ""/usr/share/miniconda/envs/test/lib/python3.11/site-packages/pdb2pqr/main.py"", line 802, in main_driver |     raise RuntimeError from err | RuntimeError",,,,,,,,,,,,,,,,,,,,"ReceptorError: pdb2pqr failed:   File ""/usr/share/miniconda/envs/test/lib/python3.11/site-packages/pdb2pqr/main.py"", line 802, in main_driver |     raise RuntimeError from err | RuntimeError",,,,,,,,,0.0,11.343093684217074,-5.662,1.519011294162464,P47709,1.0,"ReceptorError: pdb2pqr failed:   File ""/usr/share/miniconda/envs/test/lib/python3.11/site-packages/pdb2pqr/main.py"", line 802, in main_driver |     raise RuntimeError from err | RuntimeError",
5DGI:A:402,5DGI,5A2_A_402,5A2,A,402,,44,8,InsP8,-0.4183182074603709,20.966954361308705,11.464159022678029,1.85,X-RAY DIFFRACTION,2016-08-10T00:00:00Z,G:3T9C,G:1Z2P,O43314,surface,0.380666197090152,36,1,False,0.918181818181818,True,False,,True,False,O[P](O)(=O)C[P](O)(=O)O[C@@H]1[C@@H](O[P](O)(O)=O)[C@H](O[P](O)(O)=O)[C@H](O[P](O)(O)=O)[C@H](O[P](O)(=O)C[P](O)(O)=O)[C@H]1O[P](O)(O)=O,SMILES_CANONICAL/CACTVS,44.0,True,True,eligible,True,True,,10.011425593638661,-7.909,6.643428583730749,-7.658,8.819016481075742,-7.953,3.0,0.0,0.0,0.0,0.0,0.0,-0.16544615252747596,0.1591445883465723,1.0,-5.641,0.529469278434078,scoring,"{""HIE"": 2, ""HID"": 3}",,0.0,0.0,0.0,,-5.366,False,True,,0.0,6.446749237633786,-7.038,0.3161234680936857,O43314,1.0,,
6QW6:5A:2401,6QW6,IHP_5A_2401,IHP,5A,2401,,36,6,InsP6,214.23488913642035,174.31194390190973,166.57133314344617,2.92,ELECTRON MICROSCOPY,2019-04-17T00:00:00Z,G:3PEU,G:1B55,O43172;O43290;O43395;O75643;O94906;O95777;P14678;P55769;P62304;P62306;P62308;P62310;P62312;P62314;P62316;P62318;P83876;Q15029;Q53GS9;Q6P2Q9;Q8WVK2;Q8WWY3;Q96DI7;Q9BTD8;Q9BUQ8;Q9UK45;Q9Y333;Q9Y4Y9;Q9Y4Z0,surface,0.3564845646973621,53,2,True,1.0,False,False,,False,,O[P](O)(=O)O[C@@H]1[C@H](O[P](O)(O)=O)[C@H](O[P](O)(O)=O)[C@@H](O[P](O)(O)=O)[C@H](O[P](O)(O)=O)[C@H]1O[P](O)(O)=O,SMILES_CANONICAL/CACTVS,36.0,True,True,eligible,True,True,,3.026913109650073,-5.026,3.4092056551807746,-5.333,1.4470947988074971,-5.293,3.0,0.3333333333333333,0.0,0.3333333333333333,0.3333333333333333,0.3333333333333333,0.3652124009495779,0.16690216695218013,0.0,-5.195,0.5821564163573532,sampling,"{""HID"": 210, ""HIE"": 60, ""HIP"": 3}",,0.0,,0.0,,-6.198,False,False,,0.0,3.4084287227488375,-5.569,0.46373168299164985,Q6P2Q9,1.0,,"AD4 not run: RuntimeError: autogrid4 failed: autogrid4: WARNING:  Too many atoms in receptor PDBQT file receptor.pdbqt line 100001;


autogrid4: WARNING:  -- the maximum number of atoms, AG_MAX_ATOMS, allowed is 100000.


autogrid4: ERROR:  Sorry, AutoGrid cannot continue."
7URN:A:401,7URN,IHP_A_401,IHP,A,401,,36,6,InsP6,166.66400061713324,166.595278845893,124.129055235121,3.43,ELECTRON MICROSCOPY,2023-02-15T00:00:00Z,G:30OE,G:30OE,P12493,surface,0.8393724821112314,9,1,False,0.2,True,False,,False,,O[P](O)(=O)O[C@@H]1[C@H](O[P](O)(O)=O)[C@H](O[P](O)(O)=O)[C@@H](O[P](O)(O)=O)[C@H](O[P](O)(O)=O)[C@H]1O[P](O)(O)=O,SMILES_CANONICAL/CACTVS,36.0,True,True,eligible,True,True,"ReceptorError: pdb2pqr failed:     coords = [bondatom.coords, nextatom.coords] |                                ^^^^^^^^^^^^^^^ | AttributeError: 'NoneType' object has no attribute 'coords'",,,,,,,,,,,,,,,,,,,,"ReceptorError: pdb2pqr failed:     coords = [bondatom.coords, nextatom.coords] |                                ^^^^^^^^^^^^^^^ | AttributeError: 'NoneType' object has no attribute 'coords'",,,,,,,,no AlphaFold model for the entry's accessions,,,,,,,"ReceptorError: pdb2pqr failed:     coords = [bondatom.coords, nextatom.coords] |                                ^^^^^^^^^^^^^^^ | AttributeError: 'NoneType' object has no attribute 'coords'",
8FIL:A:201,8FIL,IHP_A_201,IHP,A,201,,36,6,InsP6,-16.113888767030502,1.5850277663105063,54.92597198486328,2.01,X-RAY DIFFRACTION,2023-09-06T00:00:00Z,G:8FIK,G:8FIK,P31941,surface,0.7815723916898768,17,1,False,1.0,False,False,,False,True,O[P](O)(=O)O[C@@H]1[C@H](O[P](O)(O)=O)[C@H](O[P](O)(O)=O)[C@@H](O[P](O)(O)=O)[C@H](O[P](O)(O)=O)[C@H]1O[P](O)(O)=O,SMILES_CANONICAL/CACTVS,36.0,True,True,eligible,True,True,,9.29171959373083,-5.747,9.194443576944884,-5.61,8.071505656613745,-5.583,3.0,0.0,0.0,0.0,0.0,0.0,-0.3636811136368512,0.08793368713600777,1.0,-2.269,2.9023784388719682,scoring,"{""HID"": 17, ""HIP"": 2, ""HIE"": 1}",,0.0,0.0,0.0,,-4.444,False,False,,0.0,9.987883927187449,-5.032,0.10610529230617462,P31941,0.994535519125683,,
8X5F:A:705,8X5F,IHP_A_705,IHP,A,705,,36,6,InsP6,152.84211095174155,137.34783299763998,96.42355664571126,2.96,ELECTRON MICROSCOPY,2024-07-03T00:00:00Z,G:5IJJ,G:5IJJ,Q9UBH6,surface,0.3314684411114408,34,2,True,1.0,False,False,,False,,O[P](O)(=O)O[C@@H]1[C@H](O[P](O)(O)=O)[C@H](O[P](O)(O)=O)[C@@H](O[P](O)(O)=O)[C@H](O[P](O)(O)=O)[C@H]1O[P](O)(O)=O,SMILES_CANONICAL/CACTVS,36.0,True,True,eligible,True,True,,4.56190501318045,-6.819,3.6549960038491776,-6.556,4.644076921381675,-6.334,3.0,0.0,0.0,0.0,0.3333333333333333,0.0,-0.03508771929824562,0.24278865981205425,1.0,-5.295,1.159375817769296,scoring,"{""HID"": 30, ""HIE"": 2}",,0.0,0.0,0.0,,-5.563,False,False,,0.0,4.884166731746194,-5.035,1.4130349468647385,Q9UBH6,1.0,,
9D5J:A:801,9D5J,IHP_A_801,IHP,A,801,,36,6,InsP6,-42.64519447750516,41.74755552079942,37.39083364274767,2.8,X-RAY DIFFRACTION,2024-11-06T00:00:00Z,G:1ZY7,G:1ZY7,P78563,cryptic,0.1007512740849695,68,1,False,1.0,False,False,,False,False,O[P](O)(=O)O[C@@H]1[C@H](O[P](O)(O)=O)[C@H](O[P](O)(O)=O)[C@@H](O[P](O)(O)=O)[C@H](O[P](O)(O)=O)[C@H]1O[P](O)(O)=O,SMILES_CANONICAL/CACTVS,36.0,True,True,eligible,True,True,,2.7589039830093416,-8.79,3.1193192215383574,-9.578,1.5049071912133263,-9.067,3.0,0.3333333333333333,0.0,0.6666666666666666,0.3333333333333333,0.3333333333333333,0.06519250920333607,0.39974867104219375,0.0,-8.157,0.8479073407396556,scoring,"{""HID"": 20, ""HIP"": 1, ""HIE"": 4}",,0.0,0.0,0.0,,-7.452,True,True,,0.0,2.8515959036202414,-9.053,0.3616295311239915,P78563,0.9973958333333334,,
9N92:E:301,9N92,IHP_E_301,IHP,E,301,,36,6,InsP6,168.1837510002984,168.46988932291666,215.48269568549264,3.44,ELECTRON MICROSCOPY,2025-12-24T00:00:00Z,G:30OE,G:30OE,Q82230,semi_cryptic,0.1982677524595699,47,6,True,1.0,False,False,,False,,O[P](O)(=O)O[C@@H]1[C@H](O[P](O)(O)=O)[C@H](O[P](O)(O)=O)[C@@H](O[P](O)(O)=O)[C@H](O[P](O)(O)=O)[C@H]1O[P](O)(O)=O,SMILES_CANONICAL/CACTVS,36.0,True,True,eligible,True,True,,3.303750434724089,-8.106,4.634056529146139,-7.426,4.505834518573797,-6.507,3.0,0.0,0.0,0.0,0.6666666666666666,0.0,0.4419763439109017,0.8024713909749889,1.0,-7.383,0.22104253983333585,scoring,"{""HIE"": 37, ""HID"": 35}",,0.0,0.0,0.0,,-5.125,False,False,no AlphaFold model for the entry's accessions,,,,,,,,
9T4H:A:201,9T4H,IHP_A_201,IHP,A,201,,36,6,InsP6,-4.292694442802006,2.873666663550668,7.806888924704658,1.24,X-RAY DIFFRACTION,2026-06-10T00:00:00Z,G:2FVV,G:2FVV,O95989,semi_cryptic,0.2160237801598958,48,1,False,0.4000000000000001,True,True,MG,True,False,O[P](O)(=O)O[C@@H]1[C@H](O[P](O)(O)=O)[C@H](O[P](O)(O)=O)[C@@H](O[P](O)(O)=O)[C@H](O[P](O)(O)=O)[C@H]1O[P](O)(O)=O,SMILES_CANONICAL/CACTVS,36.0,True,True,eligible,True,True,,5.698085362597492,-7.385,3.799716824924242,-7.656,3.624041620531568,-7.139,3.0,0.0,0.0,0.0,0.3333333333333333,0.0,0.01203007518796991,0.25860072183451693,1.0,-6.488,0.3978951874055543,scoring,"{""HID"": 3}",,0.0,0.0,0.0,0.0,-4.231,False,True,,0.0,3.553853165461406,-7.388,1.9876485008824931,O95989,0.9932432432432432,,
9YKY:A:2702,9YKY,I3P_A_2702,I3P,A,2702,,24,3,InsP3,228.92058245340985,268.1904996236165,259.2470010121663,3.31,ELECTRON MICROSCOPY,2026-07-01T00:00:00Z,G:1N4K,G:1B55,Q14571,surface,0.3212119392675318,39,1,False,1.0,False,False,,False,,O[C@@H]1[C@H](O)[C@@H](O[P](O)(O)=O)[C@H](O[P](O)(O)=O)[C@@H](O)[C@@H]1O[P](O)(O)=O,SMILES_CANONICAL/CACTVS,24.0,True,True,eligible,True,True,"ReceptorError: PDB2PQR outputs disagree: 141887 atoms, 141367 charges",,,,,,,,,,,,,,,,,,,,"ReceptorError: PDB2PQR outputs disagree: 141887 atoms, 141367 charges",,,,,,,,no AlphaFold model for the entry's accessions,,,,,,,"ReceptorError: PDB2PQR outputs disagree: 141887 atoms, 141367 charges",
1DKQ:A:550,1DKQ,IHP_A_550,IHP,A,550,,36,6,InsP6,-5.636527760161294,36.84308338165283,24.31100008222792,2.05,X-RAY DIFFRACTION,2000-08-03T00:00:00Z,G:1DKP,G:1DKP,P07102,surface,0.2712855410066487,59,1,False,0.75,True,False,,False,False,O[P](O)(=O)O[C@@H]1[C@H](O[P](O)(O)=O)[C@H](O[P](O)(O)=O)[C@@H](O[P](O)(O)=O)[C@H](O[P](O)(O)=O)[C@H]1O[P](O)(O)=O,SMILES_CANONICAL/CACTVS,36.0,True,True,eligible,True,True,,4.655832084184862,-7.263,4.711419205444892,-7.836,4.31225193911779,-7.391,3.0,0.0,0.0,0.0,0.0,0.0,0.16842105263157892,0.3007595939173569,1.0,-5.458,0.35267089002018037,scoring,"{""HID"": 6, ""HIE"": 1}",,0.0,0.0,0.0,,-4.139,True,True,,0.0,5.3875294199560475,-6.982,0.1996624019983173,P07102,0.9951219512195122,,
1THB:B:315,1THB,IHP_B_315,IHP,B,315,,36,6,InsP6,9.956472277641296,30.10852771335178,19.532527764638264,1.5,X-RAY DIFFRACTION,1991-01-15T00:00:00Z,G:1NIH,G:1NIH,P68871;P69905,surface,0.526653340603911,22,2,True,1.0,False,False,,False,False,O[P](O)(=O)O[C@@H]1[C@H](O[P](O)(O)=O)[C@H](O[P](O)(O)=O)[C@@H](O[P](O)(O)=O)[C@H](O[P](O)(O)=O)[C@H]1O[P](O)(O)=O,SMILES_CANONICAL/CACTVS,36.0,True,True,eligible,True,True,,9.240049092601769,-5.735,10.414861192769308,-5.92,10.17102888826682,-5.431,3.0,0.0,0.0,0.0,0.0,0.0,0.07999760410356414,0.24690146482622033,1.0,-3.311,1.079449855701479,scoring,"{""HID"": 29, ""HIE"": 7, ""HIP"": 2}",,0.0,0.0,0.0,,-5.794,False,False,,0.0,5.875154711436915,-4.181,0.3854185679470569,P68871,1.0,,
2P1M:B:601,2P1M,IHP_B_601,IHP,B,601,,36,6,InsP6,14.1625833246443,-122.69024997287326,-26.124277750651043,1.8,X-RAY DIFFRACTION,2007-04-10T00:00:00Z,G:28MJ,G:1B55,Q39255;Q570C0,surface,0.3406167545063278,45,1,False,1.0,False,False,,False,False,O[P](O)(=O)O[C@@H]1[C@H](O[P](O)(O)=O)[C@H](O[P](O)(O)=O)[C@@H](O[P](O)(O)=O)[C@H](O[P](O)(O)=O)[C@H]1O[P](O)(O)=O,SMILES_CANONICAL/CACTVS,36.0,True,True,eligible,True,True,,5.966242585604336,-6.852,6.88345288686409,-7.101,6.036488504412711,-7.031,3.0,0.0,0.0,0.0,0.6666666666666666,0.0,-0.12030075187969923,0.1284146928249773,1.0,-6.682,0.40653021802429545,scoring,"{""HID"": 6, ""HIE"": 1}",,0.0,0.0,0.0,,-4.993,True,False,,0.0,4.916457824218313,-6.555,0.5011628176549331,Q570C0,1.0,,
3C6N:B:1000,3C6N,IHP_B_1000,IHP,B,1000,,36,6,InsP6,-2.028111122160529,1.01852778179778,34.37658325831095,2.6,X-RAY DIFFRACTION,2008-04-22T00:00:00Z,G:28MJ,G:1B55,Q39255;Q570C0,surface,0.3434806342991591,45,1,False,1.0,False,False,,False,False,O[P](O)(=O)O[C@@H]1[C@H](O[P](O)(O)=O)[C@H](O[P](O)(O)=O)[C@@H](O[P](O)(O)=O)[C@H](O[P](O)(O)=O)[C@H]1O[P](O)(O)=O,SMILES_CANONICAL/CACTVS,36.0,True,True,eligible,True,True,,6.239373826661802,-6.461,1.6287487902107214,-7.053,1.542368895453962,-6.995,3.0,0.6666666666666666,0.0,0.6666666666666666,0.6666666666666666,0.6666666666666666,0.004791223876033775,0.3263392917399516,0.0,-6.653,0.5943356748137144,sampling,"{""HID"": 5, ""HIE"": 2}",,0.0,0.0,0.0,,-4.879,False,False,,0.0,4.796859154264061,-6.695,0.4092268402267966,Q570C0,1.0,,
3V0H:A:1,3V0H,I3P_A_1,I3P,A,1,,24,3,InsP3,8.244041701157888,5.910916646321614,35.57412528991699,1.85,X-RAY DIFFRACTION,2012-05-09T00:00:00Z,G:3V0H,G:3MMJ,Q4W8A1,surface,0.2611149774529775,57,1,False,1.0,False,False,,False,False,O[C@@H]1[C@H](O)[C@@H](O[P](O)(O)=O)[C@H](O[P](O)(O)=O)[C@@H](O)[C@@H]1O[P](O)(O)=O,SMILES_CANONICAL/CACTVS,24.0,True,True,eligible,True,True,,5.160690006593537,-7.398,1.0345692323265396,-7.824,1.3049677522083343,-7.471,3.0,0.6666666666666666,0.0,0.6666666666666666,0.6666666666666666,0.6666666666666666,0.029323308270676692,0.22782083603861464,0.0,-7.211,0.35649059063244565,scoring,"{""HID"": 14, ""HIE"": 2}",,0.0,0.0,0.0,,-4.755,True,True,,0.0,6.76813353875687,-6.401,0.7144083541413027,Q4W8A1,0.9969325153374233,,
4WTY:A:401,4WTY,4IP_A_401,4IP,A,401,,28,4,InsP4,-5.225357151989426,133.12528610229492,16.02710713659014,2.1,X-RAY DIFFRACTION,2015-11-04T00:00:00Z,G:3MMJ,G:3MMJ,Q7WUJ1,semi_cryptic,0.1588796194357662,62,1,False,1.0,False,False,,False,False,O[C@H]1[C@@H](O[P](O)(O)=O)[C@H](O)[C@@H](O[P](O)(O)=O)[C@H](O[P](O)(O)=O)[C@H]1O[P](O)(O)=O,SMILES_CANONICAL/CACTVS,28.0,True,True,eligible,True,True,,5.166518475464612,-7.619,2.1706927050426468,-7.416,1.2355220228055452,-7.643,3.0,0.3333333333333333,0.0,0.6666666666666666,0.6666666666666666,0.3333333333333333,0.475689223057644,0.12470899459675412,0.0,-6.627,0.49829264338401336,scoring,"{""HID"": 22, ""HIP"": 4}",,1.0,0.0,1.0,,-5.603,False,False,,0.0,10.76761970650417,-6.238,0.20539453421654114,Q7WUJ1,0.9968152866242038,,
5IJJ:A:500,5IJJ,IHP_A_500,IHP,A,500,,36,6,InsP6,-17.300444444020588,-6.337527814838621,37.985916879442,1.95,X-RAY DIFFRACTION,2016-04-27T00:00:00Z,G:5IJJ,G:5IJJ,G0RY29,surface,0.4608474581673238,34,1,False,1.0,False,False,,False,True,O[P](O)(=O)O[C@@H]1[C@H](O[P](O)(O)=O)[C@H](O[P](O)(O)=O)[C@@H](O[P](O)(O)=O)[C@H](O[P](O)(O)=O)[C@H]1O[P](O)(O)=O,SMILES_CANONICAL/CACTVS,36.0,True,True,eligible,True,True,,3.849159751034598,-5.351,2.890712760554842,-5.198,3.8944941732559597,-5.395,3.0,0.0,0.0,0.3333333333333333,0.3333333333333333,0.0,0.29824173310492863,0.10340373945526947,1.0,-4.951,0.6380119941708342,scoring,"{""HID"": 2}",,0.0,0.0,0.0,,-5.601,False,True,,0.0,5.572543499445411,-5.339,0.8667430471078948,G0RY29,1.0,,
6GFH:A:501,6GFH,K7V_A_501,K7V,A,501,,32,5,InsP5,-13.042625039815904,-35.13871908187866,26.75021868944168,2.65,X-RAY DIFFRACTION,2018-09-12T00:00:00Z,G:2XAL,G:2XAL,Q93YN9,semi_cryptic,0.2176714504633713,40,1,False,0.91,True,False,,False,False,O[C@@H]1[C@H](O[P](O)(O)=O)[C@@H](O[P](O)(O)=O)[C@@H](O[P](O)(O)=O)[C@@H](O[P](O)(O)=O)[C@@H]1O[P](O)(O)=O,SMILES_CANONICAL/CACTVS,32.0,True,True,eligible,True,True,,4.804216455554474,-6.479,3.5394527959297233,-6.58,4.9991479105578716,-6.931,3.0,0.0,0.0,0.0,0.3333333333333333,0.0,-0.15739348370927314,0.23724319449318948,1.0,-5.554,0.49082290590608363,scoring,"{""HID"": 12, ""HIP"": 3, ""HIE"": 3}",,0.0,0.0,0.0,,-4.583,False,True,,0.0,7.775216631087072,-7.112,0.3687885647807617,Q93YN9,0.9854721549636803,,
6WOE:A:504,6WOE,IHP_A_504,IHP,A,504,,36,6,InsP6,16.564972268210518,4.877305540773604,14.749333328670923,1.4,X-RAY DIFFRACTION,2021-03-03T00:00:00Z,G:2FVV,G:2FVV,O95989,surface,0.2736797486460108,54,1,False,0.5100000000000002,True,True,MG,True,False,O[P](O)(=O)O[C@@H]1[C@H](O[P](O)(O)=O)[C@H](O[P](O)(O)=O)[C@@H](O[P](O)(O)=O)[C@H](O[P](O)(O)=O)[C@H]1O[P](O)(O)=O,SMILES_CANONICAL/CACTVS,36.0,True,True,eligible,True,True,,2.6145780505059038,-6.853,2.9628027847223755,-7.69,3.69555267725942,-7.031,3.0,0.0,0.0,0.6666666666666666,0.6666666666666666,0.0,0.25664160401002506,0.440933479487931,1.0,-6.389,0.24944137415319365,scoring,"{""HID"": 3}",,0.0,0.0,0.0,0.0,-4.364,True,True,,0.0,4.136163871057934,-7.152,0.19802315761082523,O95989,1.0,,
7JXA:A:501,7JXA,I3P_A_501,I3P,A,501,,24,3,InsP3,108.0994160970052,42.80325015385946,-6.41054168343544,2.4,X-RAY DIFFRACTION,2021-10-13T00:00:00Z,G:1ZSH,G:1ZSH,P08168,surface,0.3480712885289231,37,1,False,1.0,False,False,,False,True,O[C@@H]1[C@H](O)[C@@H](O[P](O)(O)=O)[C@H](O[P](O)(O)=O)[C@@H](O)[C@@H]1O[P](O)(O)=O,SMILES_CANONICAL/CACTVS,24.0,True,True,eligible,True,True,,10.01890263991021,-5.897,11.504963181766094,-6.097,11.286288554652163,-6.071,3.0,0.0,0.0,0.0,0.0,0.0,-0.2875522138680033,0.10874434851215635,1.0,-4.421,0.44973416468579425,scoring,"{""HID"": 16, ""HIE"": 12}",,0.0,0.0,0.0,,-5.454,False,False,,0.0,12.07759593847318,-6.204,0.4178462774929553,P08168,1.0,,
7SDB:A:500,7SDB,IHP_A_500,IHP,A,500,,36,6,InsP6,10.383194420072767,-1.754888894657294,-6.976722227202521,2.0,X-RAY DIFFRACTION,2022-10-19T00:00:00Z,G:3MMJ,G:3MMJ,Q5ZRR1,semi_cryptic,0.2218201344462248,73,1,False,1.0,False,False,,False,False,O[P](O)(=O)O[C@@H]1[C@H](O[P](O)(O)=O)[C@H](O[P](O)(O)=O)[C@@H](O[P](O)(O)=O)[C@H](O[P](O)(O)=O)[C@H]1O[P](O)(O)=O,SMILES_CANONICAL/CACTVS,36.0,True,True,eligible,True,True,,3.6361206682920977,-7.604,1.5641500849396406,-7.471,1.017065426682306,-7.974,3.0,0.6666666666666666,0.0,0.6666666666666666,1.0,0.6666666666666666,0.39088566356033566,0.2606395979125199,0.0,-8.015,0.7041509412836024,sampling,"{""HID"": 5, ""HIP"": 1}",,0.0,0.0,1.0,,-4.936,True,True,,0.0,3.9276555225607934,-6.639,0.24096769208707985,Q5ZRR1,0.9895833333333334,,
8PPE:A:502,8PPE,7I8_A_502,7I8,A,502,,29,4,InsP4,11.260413794681943,29.52251723716999,84.43499992633689,1.59,X-RAY DIFFRACTION,2024-02-28T00:00:00Z,G:1W2C,G:1W2C,P23677,surface,0.3712022951353681,23,1,False,0.5,True,True,MN,True,False,O[C@H]1[C@H](CO[P](O)(O)=O)[C@@H](O[P](O)(O)=O)[C@H](O[P](O)(O)=O)[C@@H](O)[C@@H]1O[P](O)(O)=O,SMILES_CANONICAL/CACTVS,29.0,True,True,eligible,True,True,,11.11269425521371,-6.032,7.94679752026848,-5.533,7.602105094862856,-5.449,3.0,0.0,0.0,0.0,0.3333333333333333,0.0,-0.06712945613851921,0.31515763251638584,1.0,-4.433,0.666651495358087,scoring,"{""HID"": 9, ""HIE"": 2, ""HIP"": 4}",,0.0,0.0,0.0,0.0,-6.091,False,False,,0.0,7.289105768851807,-6.772,0.2764072254825294,P23677,0.9889705882352942,,
9DWD:G:401,9DWD,IHP_G_401,IHP,G,401,,36,6,InsP6,148.31444464789496,149.0918337504069,152.37247297498914,3.13,ELECTRON MICROSCOPY,2024-10-30T00:00:00Z,G:30OE,G:30OE,P04591,surface,0.2550271231389369,39,6,True,1.0,False,False,,False,,O[P](O)(=O)O[C@@H]1[C@H](O[P](O)(O)=O)[C@H](O[P](O)(O)=O)[C@@H](O[P](O)(O)=O)[C@H](O[P](O)(O)=O)[C@H]1O[P](O)(O)=O,SMILES_CANONICAL/CACTVS,36.0,True,True,eligible,True,True,,2.181264512768657,-5.53,7.2040847326605055,-6.335,2.4192578499747577,-5.641,3.0,0.0,0.0,0.6666666666666666,1.0,0.3333333333333333,0.10999744046873224,0.4362686481210095,1.0,-5.146,1.0197390361761351,scoring,"{""HID"": 68, ""HIE"": 22}",,0.0,0.0,0.0,,-5.034,False,False,no AlphaFold model for the entry's accessions,,,,,,,,
9T94:A:2601,9T94,IHP_A_2601,IHP,A,2601,,36,6,InsP6,265.07877858479816,236.98652733696832,207.87602869669595,2.6,ELECTRON MICROSCOPY,2026-04-22T00:00:00Z,G:6ZWM,G:1B55,P42345;Q6R327;Q9BPZ7;Q9BVC4,surface,0.4939329948848606,28,1,False,1.0,False,False,,False,,O[P](O)(=O)O[C@@H]1[C@H](O[P](O)(O)=O)[C@H](O[P](O)(O)=O)[C@@H](O[P](O)(O)=O)[C@H](O[P](O)(O)=O)[C@H]1O[P](O)(O)=O,SMILES_CANONICAL/CACTVS,36.0,True,True,eligible,True,True,,3.8861452512295296,-5.693,4.987476290905511,-5.534,4.928535596659378,-5.805,3.0,0.0,0.0,0.0,0.0,0.0,0.3376991001143476,0.13617758014200912,1.0,-4.028,0.6367003855014448,scoring,"{""HID"": 92, ""HIE"": 19, ""HIP"": 2}",,0.0,0.0,0.0,,-5.181,False,False,,0.0,5.958449006055756,-5.962,0.5414004867013696,P42345,1.0,,
1FAO:A:274,1FAO,4IP_A_274,4IP,A,274,,28,4,InsP4,25.04235717228481,5.342071431023734,9.595321416854858,1.8,X-RAY DIFFRACTION,2000-07-20T00:00:00Z,G:1FAO,G:1B55,Q9UN19,surface,0.3327568719708327,50,1,False,1.0,False,False,,False,True,O[C@H]1[C@@H](O[P](O)(O)=O)[C@H](O)[C@@H](O[P](O)(O)=O)[C@H](O[P](O)(O)=O)[C@H]1O[P](O)(O)=O,SMILES_CANONICAL/CACTVS,28.0,True,True,eligible,True,True,,1.9950999544292565,-5.908,4.9642458363804,-5.731,5.256767606707626,-5.853,3.0,0.3333333333333333,0.0,0.3333333333333333,0.6666666666666666,0.3333333333333333,-0.13082706766917293,0.09058881461490358,0.0,-6.328,0.48009936451441837,,"{""HIE"": 1}",,0.0,1.0,0.0,,-5.925,True,False,,1.0,1.7468109143784039,-6.482,0.34579646927070146,Q9UN19,1.0,,
1U27:A:101,1U27,4IP_A_101,4IP,A,101,,28,4,InsP4,6.571285690580096,27.473285675048828,5.466071408774171,2.3,X-RAY DIFFRACTION,2005-02-01T00:00:00Z,G:1FAO,G:1B55,P63034,surface,0.3003067398838389,38,1,False,1.0,False,False,,False,True,O[C@H]1[C@@H](O[P](O)(O)=O)[C@H](O)[C@@H](O[P](O)(O)=O)[C@H](O[P](O)(O)=O)[C@H]1O[P](O)(O)=O,SMILES_CANONICAL/CACTVS,28.0,True,True,eligible,True,True,,5.047675002031903,-6.036,5.308340511454903,-6.007,5.445042942555225,-6.323,3.0,0.0,0.0,0.0,0.0,0.0,0.27151211361737676,0.17467398203510492,1.0,-5.4,0.35901886349368256,scoring,"{""HIE"": 1}",,0.0,1.0,0.0,,-5.728,True,True,,0.0,3.5235291355075726,-6.501,1.3717264856679163,P63034,1.0,,
2P1N:B:601,2P1N,IHP_B_601,IHP,B,601,,36,6,InsP6,-26.375750011867947,0.5207500064538585,-36.28994470172458,2.5,X-RAY DIFFRACTION,2007-04-10T00:00:00Z,G:28MJ,G:1B55,Q38825;Q39255;Q570C0,surface,0.3503882775919095,44,1,False,1.0,False,False,,False,False,O[P](O)(=O)O[C@@H]1[C@H](O[P](O)(O)=O)[C@H](O[P](O)(O)=O)[C@@H](O[P](O)(O)=O)[C@H](O[P](O)(O)=O)[C@H]1O[P](O)(O)=O,SMILES_CANONICAL/CACTVS,36.0,True,True,eligible,True,True,,3.4696575698646654,-6.967,1.5061468153507132,-7.432,3.1688971687028027,-7.402,3.0,0.3333333333333333,0.0,0.3333333333333333,0.6666666666666666,0.3333333333333333,0.42706766917293226,0.26024027359346247,0.0,-6.599,0.6036941263550036,scoring,"{""HID"": 12, ""HIE"": 6}",,0.0,0.0,0.0,,-6.814,False,False,,0.0,4.728277128044836,-6.306,0.4766005549813837,Q570C0,1.0,,
3C6O:B:1000,3C6O,IHP_B_1000,IHP,B,1000,,36,6,InsP6,23.48461103439331,1.0179722336534824,34.28808334138658,2.7,X-RAY DIFFRACTION,2008-04-22T00:00:00Z,G:28MJ,G:1B55,Q39255;Q570C0,surface,0.3406227707619042,44,1,False,1.0,False,False,,False,False,O[P](O)(=O)O[C@@H]1[C@H](O[P](O)(O)=O)[C@H](O[P](O)(O)=O)[C@@H](O[P](O)(O)=O)[C@H](O[P](O)(O)=O)[C@H]1O[P](O)(O)=O,SMILES_CANONICAL/CACTVS,36.0,True,True,eligible,True,True,,6.259326304760538,-6.668,1.904716082025218,-7.251,6.261737035398125,-6.984,3.0,0.3333333333333333,0.0,0.3333333333333333,0.6666666666666666,0.3333333333333333,0.13734335839598993,0.29184299431943433,0.0,-6.19,0.9097282825017373,scoring,"{""HIE"": 2, ""HID"": 5}",,0.0,0.0,0.0,,-3.731,False,True,,0.0,4.971895005079683,-6.757,0.41330227928327723,Q570C0,1.0,,
3W8L:B:500,3W8L,IHP_B_500,IHP,B,500,,36,6,InsP6,31.88194428549873,13.280694431728786,6.61816664536794,2.4,X-RAY DIFFRACTION,2013-11-13T00:00:00Z,G:3W8L,G:1B55,P68400,surface,0.4902263516535058,33,2,True,1.0,False,False,,False,False,O[P](O)(=O)O[C@@H]1[C@H](O[P](O)(O)=O)[C@H](O[P](O)(O)=O)[C@@H](O[P](O)(O)=O)[C@H](O[P](O)(O)=O)[C@H]1O[P](O)(O)=O,SMILES_CANONICAL/CACTVS,36.0,True,True,eligible,True,True,,5.17612663553841,-6.709,3.32419333821099,-6.715,4.73914488883626,-6.959,3.0,0.0,0.0,0.0,0.0,0.0,0.15839598997493734,0.14263706858083322,1.0,-5.912,1.026157049141157,scoring,"{""HID"": 21, ""HIE"": 11}",,0.0,0.0,0.0,,-4.298,False,True,,0.0,11.468864372198171,-5.036,0.34815089501551905,P68400,0.9969325153374233,,
4WU2:A:401,4WU2,I3P_A_401,I3P,A,401,,24,3,InsP3,-5.086708335205913,133.23808352152506,15.867166678110758,2.15,X-RAY DIFFRACTION,2015-11-04T00:00:00Z,G:3MMJ,G:3MMJ,Q7WUJ1,semi_cryptic,0.2042939780489413,49,1,False,0.75,True,False,,True,False,O[C@@H]1[C@H](O)[C@@H](O[P](O)(O)=O)[C@H](O[P](O)(O)=O)[C@@H](O)[C@@H]1O[P](O)(O)=O,SMILES_CANONICAL/CACTVS,24.0,True,True,eligible,True,True,,5.2716013445745515,-7.618,3.8711079075666857,-7.197,5.228680453325427,-7.6,3.0,0.0,0.0,0.0,1.0,0.0,0.4015534416272614,0.2380385122902034,1.0,-6.498,0.49062469076251963,scoring,"{""HID"": 23, ""HIP"": 3}",,0.0,0.0,0.0,,-5.768,True,True,,0.0,8.697978327262083,-6.468,0.21387250993315135,Q7WUJ1,0.9968051118210862,,
5IJP:A:302,5IJP,IHP_A_302,IHP,A,302,,36,6,InsP6,-18.2361667421129,-6.585249970356624,11.64330550034841,2.75,X-RAY DIFFRACTION,2016-04-27T00:00:00Z,G:5IJJ,G:5IJJ,G0SCH1,surface,0.5400899178202518,34,1,False,1.0,False,False,,False,False,O[P](O)(=O)O[C@@H]1[C@H](O[P](O)(O)=O)[C@H](O[P](O)(O)=O)[C@@H](O[P](O)(O)=O)[C@H](O[P](O)(O)=O)[C@H]1O[P](O)(O)=O,SMILES_CANONICAL/CACTVS,36.0,True,True,eligible,True,True,,5.058827836650297,-4.735,4.3742549117228275,-5.049,2.5454812113924374,-4.8,3.0,0.0,0.0,0.3333333333333333,0.6666666666666666,0.0,0.1080202387791348,0.16574176701523782,1.0,-4.67,0.44244973375550856,scoring,"{""HID"": 4}",,0.0,0.0,0.0,,-4.772,False,False,,0.0,5.295302411044292,-4.949,1.1862190477991557,G0SCH1,1.0,,
6WOF:A:506,6WOF,IHP_A_506,IHP,A,506,,36,6,InsP6,16.685888952679104,4.807555557952987,14.633833249409994,1.6,X-RAY DIFFRACTION,2021-03-03T00:00:00Z,G:2FVV,G:2FVV,O95989,surface,0.2617816223419126,54,1,False,1.0,False,True,MG,False,False,O[P](O)(=O)O[C@@H]1[C@H](O[P](O)(O)=O)[C@H](O[P](O)(O)=O)[C@@H](O[P](O)(O)=O)[C@H](O[P](O)(O)=O)[C@H]1O[P](O)(O)=O,SMILES_CANONICAL/CACTVS,36.0,True,True,eligible,True,True,,2.563976242235473,-7.076,3.005213878934678,-7.467,1.4448249949612526,-6.951,3.0,0.3333333333333333,0.0,0.6666666666666666,0.6666666666666666,0.3333333333333333,0.24561403508771928,0.26918457112794064,0.0,-6.138,0.6230708170874754,scoring,"{""HID"": 3}",,0.0,0.0,0.0,0.3333333333333333,-4.331,True,True,,0.0,3.1875836895576564,-7.369,0.21869386704647498,O95989,1.0,,
7SDD:A:500,7SDD,4IP_A_500,4IP,A,500,,28,4,InsP4,11.199964353016444,-2.1166428489876643,-7.191142861332212,1.85,X-RAY DIFFRACTION,2022-10-19T00:00:00Z,G:3MMJ,G:3MMJ,Q5ZRR1,semi_cryptic,0.1744128976246841,67,1,False,1.0,False,False,,False,False,O[C@H]1[C@@H](O[P](O)(O)=O)[C@H](O)[C@@H](O[P](O)(O)=O)[C@H](O[P](O)(O)=O)[C@H]1O[P](O)(O)=O,SMILES_CANONICAL/CACTVS,28.0,True,True,eligible,True,True,,1.5722078838010678,-8.037,5.422291372062547,-8.248,5.225475811204604,-7.633,3.0,0.3333333333333333,0.0,0.3333333333333333,0.6666666666666666,0.3333333333333333,0.34380863834289715,0.3125065332650394,0.0,-8.48,0.49533644953751094,,"{""HID"": 5, ""HIP"": 1}",,1.0,1.0,0.0,,-6.092,True,True,,0.0,5.985929844975585,-6.682,0.19537112395847525,Q5ZRR1,0.9895833333333334,,
7ZVT:B:801,7ZVT,IHP_B_801,IHP,B,801,,36,6,InsP6,136.95302708943686,120.31669447157118,107.28580580817328,2.74,ELECTRON MICROSCOPY,2023-05-24T00:00:00Z,G:7SGL,G:1B55,P12956;P13010,surface,0.470514526807217,31,2,True,1.0,False,False,,False,,O[P](O)(=O)O[C@@H]1[C@H](O[P](O)(O)=O)[C@H](O[P](O)(O)=O)[C@@H](O[P](O)(O)=O)[C@H](O[P](O)(O)=O)[C@H]1O[P](O)(O)=O,SMILES_CANONICAL/CACTVS,36.0,True,True,eligible,True,True,,7.815114603329221,-6.505,5.231043403361874,-6.705,5.600124546474231,-6.143,3.0,0.0,0.0,0.0,0.0,0.0,-0.04060150375939848,0.28486488025026896,1.0,-3.912,0.6290979492441422,scoring,"{""HID"": 17, ""HIE"": 5}",,0.0,0.0,0.0,,-5.984,False,False,,0.0,13.10828571094454,-5.752,0.29698170159679343,P13010,1.0,,
9E39:J:401,9E39,IHP_J_401,IHP,J,401,,36,6,InsP6,150.8878059387207,150.88291803995767,155.27186160617404,2.71,ELECTRON MICROSCOPY,2025-10-29T00:00:00Z,G:30OE,G:30OE,P04591,semi_cryptic,0.2362589499300773,38,6,True,1.0,False,False,,False,,O[P](O)(=O)O[C@@H]1[C@H](O[P](O)(O)=O)[C@H](O[P](O)(O)=O)[C@@H](O[P](O)(O)=O)[C@H](O[P](O)(O)=O)[C@H]1O[P](O)(O)=O,SMILES_CANONICAL/CACTVS,36.0,True,True,eligible,True,True,,7.249248724141658,-5.54,6.969450547557657,-6.37,2.5024206832361093,-5.101,3.0,0.0,0.0,0.3333333333333333,0.3333333333333333,0.0,0.00904593626333755,0.6444612737266169,1.0,-3.828,0.5401508979582043,scoring,"{""HID"": 45, ""HIE"": 27}",,0.0,0.0,0.0,,-5.918,False,False,no AlphaFold model for the entry's accessions,,,,,,,,
9QZ0:AA:501,9QZ0,IHP_AA_501,IHP,AA,501,,36,6,InsP6,3.574739990135034,-9.62816638416714,33.32653284072876,1.86,X-RAY DIFFRACTION,2025-05-14T00:00:00Z,G:9QZ0,G:1DKP,Q89YI8,surface,0.3560414006231878,50,1,False,0.8569999999999999,True,False,,False,False,O[P](O)(=O)O[C@@H]1[C@H](O[P](O)(O)=O)[C@H](O[P](O)(O)=O)[C@@H](O[P](O)(O)=O)[C@H](O[P](O)(O)=O)[C@H]1O[P](O)(O)=O,SMILES_CANONICAL/CACTVS,36.0,True,True,eligible,True,True,,5.855004149049819,-8.16,5.310912956681686,-7.75,4.708183065421324,-7.496,3.0,0.0,0.0,0.0,0.3333333333333333,0.0,-0.08721804511278193,0.3350402960839187,1.0,-6.6,0.5173414136087724,scoring,"{""HID"": 11, ""HIE"": 3}",,0.0,0.0,0.0,,-5.413,True,False,,0.0,5.865432975630089,-8.237,0.15270625424368117,Q89YI8,0.9974554707379135,,
9TDS:A:2601,9TDS,IHP_A_2601,IHP,A,2601,,36,6,InsP6,266.51075151231555,272.982165866428,215.74794599745007,3.3,ELECTRON MICROSCOPY,2026-04-22T00:00:00Z,G:6ZWM,G:1B55,P42345;Q6R327;Q9BPZ7;Q9BVC4,surface,0.5116644664336822,24,1,False,1.0,False,False,,False,,O[P](O)(=O)O[C@@H]1[C@H](O[P](O)(O)=O)[C@H](O[P](O)(O)=O)[C@@H](O[P](O)(O)=O)[C@H](O[P](O)(O)=O)[C@H]1O[P](O)(O)=O,SMILES_CANONICAL/CACTVS,36.0,True,True,eligible,True,True,,7.445757020551329,-5.534,5.086166189143013,-5.435,5.035573188688754,-5.57,3.0,0.0,0.0,0.0,0.0,0.0,0.07191804035154457,0.06990708118638657,1.0,-3.806,0.9484407902492408,scoring,"{""HID"": 203, ""HIE"": 31, ""HIP"": 4}",,0.0,0.0,0.0,,-4.883,False,False,,0.0,5.876427195721762,-5.813,0.608058392738695,P42345,1.0,,
1FGY:A:1101,1FGY,4IP_A_1101,4IP,A,1101,,28,4,InsP4,13.384714194706508,36.92974976130894,7.085714323180063,1.5,X-RAY DIFFRACTION,2000-08-23T00:00:00Z,G:1FAO,G:1B55,O08967,semi_cryptic,0.2097891521629752,56,1,False,1.0,False,False,,False,False,O[C@H]1[C@@H](O[P](O)(O)=O)[C@H](O)[C@@H](O[P](O)(O)=O)[C@H](O[P](O)(O)=O)[C@H]1O[P](O)(O)=O,SMILES_CANONICAL/CACTVS,28.0,True,True,eligible,True,True,,1.1586905469174962,-7.816,5.676469619667357,-6.797,0.9183135498331735,-7.553,3.0,0.6666666666666666,0.3333333333333333,0.6666666666666666,0.6666666666666666,0.6666666666666666,0.2525480367585631,0.5290031505892319,0.0,-7.66,0.20140618497143983,,"{""HID"": 1, ""HIE"": 1}",,1.0,1.0,0.0,,-6.603,True,True,,0.0,3.8204547071549935,-6.7,0.2118006847364618,O08967,0.9763779527559056,,
1U29:A:101,1U29,I3P_A_101,I3P,A,101,,24,3,InsP3,7.722500006357829,28.44487492243449,2.8624999995032945,1.8,X-RAY DIFFRACTION,2005-02-01T00:00:00Z,G:1FAO,G:1B55,P63034,surface,0.3401798157110826,40,1,False,1.0,False,False,,False,True,O[C@@H]1[C@H](O)[C@@H](O[P](O)(O)=O)[C@H](O[P](O)(O)=O)[C@@H](O)[C@@H]1O[P](O)(O)=O,SMILES_CANONICAL/CACTVS,24.0,True,True,eligible,True,True,,5.2998896621592975,-7.055,4.2267410164844295,-5.964,1.6004181901000638,-5.968,3.0,0.3333333333333333,0.0,0.3333333333333333,0.6666666666666666,0.3333333333333333,0.21863265983922772,0.628737624132674,0.0,-4.626,0.5275194227632315,scoring,"{""HID"": 1}",,0.0,0.0,0.0,,-4.775,True,True,,0.0,5.3320830200474925,-7.251,0.555263584582241,P63034,1.0,,
2P1O:B:701,2P1O,IHP_B_701,IHP,B,701,,36,6,InsP6,13.63549992773268,-123.00938902960884,-26.15497218237983,1.9,X-RAY DIFFRACTION,2007-04-10T00:00:00Z,G:28MJ,G:1B55,Q38825;Q39255;Q570C0,surface,0.3500913568913565,45,1,False,1.0,False,False,,False,False,O[P](O)(=O)O[C@@H]1[C@H](O[P](O)(O)=O)[C@H](O[P](O)(O)=O)[C@@H](O[P](O)(O)=O)[C@H](O[P](O)(O)=O)[C@H]1O[P](O)(O)=O,SMILES_CANONICAL/CACTVS,36.0,True,True,eligible,True,True,,3.754805286173101,-6.921,7.196760114330481,-7.401,3.479561358043015,-7.477,3.0,0.0,0.0,0.0,0.6666666666666666,0.0,-0.1007518796992481,0.30147194452110015,1.0,-6.658,0.5114665025803343,scoring,"{""HID"": 9}",,0.0,0.0,0.0,,-6.367,False,False,,0.0,4.763796728931798,-6.729,0.4266376056526623,Q570C0,1.0,,
3W9F:A:2001,3W9F,I3P_A_2001,I3P,A,2001,,24,3,InsP3,-9.798750023047129,10.25716668367386,22.646083275477093,1.9,X-RAY DIFFRACTION,2014-04-09T00:00:00Z,G:3W9F,G:1B55,A0A1D5PXA5,surface,0.4338943561487365,33,1,False,1.0,False,False,,False,False,O[C@@H]1[C@H](O)[C@@H](O[P](O)(O)=O)[C@H](O[P](O)(O)=O)[C@@H](O)[C@@H]1O[P](O)(O)=O,SMILES_CANONICAL/CACTVS,24.0,True,True,eligible,True,True,,2.145382147517098,-4.748,5.78168152334823,-4.835,12.401318087774944,-4.681,3.0,0.0,0.0,0.3333333333333333,0.3333333333333333,0.3333333333333333,-0.15981620718462827,0.07721614684334699,1.0,-4.162,0.4952709953290259,scoring,"{""HID"": 27, ""HIE"": 18}",,0.0,0.0,0.0,,-4.432,False,False,,0.0,12.7250165828017,-5.484,0.21953706080666155,A0A1D5PXA5,0.9921568627450981,,
4WU3:A:701,4WU3,4IP_A_701,4IP,A,701,,28,4,InsP4,25.774857112339564,38.38982173374721,5.440642863512039,2.2,X-RAY DIFFRACTION,2015-12-09T00:00:00Z,G:3MMJ,G:3MMJ,A3QMF6,surface,0.5757710116982908,14,2,True,0.6999999999999998,True,False,,False,False,O[C@H]1[C@@H](O[P](O)(O)=O)[C@H](O)[C@@H](O[P](O)(O)=O)[C@H](O[P](O)(O)=O)[C@H]1O[P](O)(O)=O,SMILES_CANONICAL/CACTVS,28.0,True,True,eligible,True,True,,7.518077420037963,-6.413,9.291275552821153,-7.335,8.851479377940764,-6.693,3.0,0.0,0.0,0.0,0.0,0.0,-0.30937820383565623,0.4726958148041225,1.0,-3.217,0.9622619489582757,scoring,"{""HIP"": 19, ""HID"": 36, ""HIE"": 9}",,0.0,0.0,0.0,,-7.586,True,True,,0.0,7.236602545173414,-6.699,0.18445162142804625,A3QMF6,0.9966101694915255,,
4WU3:A:702,4WU3,4IP_A_702,4IP,A,702,,28,4,InsP4,57.77235739571707,60.62717860085623,21.766571317400253,2.2,X-RAY DIFFRACTION,2015-12-09T00:00:00Z,G:3MMJ,G:3MMJ,A3QMF6,semi_cryptic,0.1824452026188549,62,1,False,1.0,False,False,,False,False,O[C@H]1[C@@H](O[P](O)(O)=O)[C@H](O)[C@@H](O[P](O)(O)=O)[C@H](O[P](O)(O)=O)[C@H]1O[P](O)(O)=O,SMILES_CANONICAL/CACTVS,28.0,True,True,eligible,True,True,,3.015273337809876,-7.568,5.2140564915862,-7.844,5.404742657408052,-8.226,3.0,0.0,0.0,0.0,0.6666666666666666,0.0,0.19102518200492394,0.33041993483041204,1.0,-6.728,0.5578224251311312,scoring,"{""HIP"": 19, ""HID"": 36, ""HIE"": 9}",,0.0,0.0,0.0,,-7.534,,,,0.0,5.194411777391648,-6.726,0.19490580408600328,A3QMF6,0.9966101694915255,,
5J16:A:303,5J16,IPD_A_303,IPD,A,303,,16,1,InsP1,7.278750061988831,5.363562524318695,-3.725187551230192,2.4,X-RAY DIFFRACTION,2017-02-08T00:00:00Z,G:1AWB,G:1AWB,A0A1I9GET0,surface,0.3057730698790831,35,1,False,1.0,False,True,CA,False,False,O[C@@H]1[C@@H](O)[C@@H](O)[C@@H](O[P]([O-])([O-])=O)[C@H](O)[C@H]1O,SMILES_CANONICAL/CACTVS,16.0,True,True,eligible,True,True,,6.401376188316977,-6.974,5.458435145156638,-6.998,6.767916561516759,-6.789,3.0,0.0,0.0,0.0,0.0,0.0,-0.17844611528822052,0.1143692849209673,1.0,-4.731,0.29569023623692475,scoring,"{""HID"": 23, ""HIE"": 8}",,0.0,0.0,0.0,0.0,-6.224,False,False,,0.0,4.992113799536237,-6.811,0.38908366899997415,A0A1I9GET0,1.0,,
5X1O:A:201,5X1O,I3P_A_201,I3P,A,201,,24,3,InsP3,25.58537499109904,15.920041799545288,257.33862559000653,1.9,X-RAY DIFFRACTION,2018-03-07T00:00:00Z,G:5X1O,G:1B55,P09038,surface,0.505714751374285,21,1,False,1.0,False,False,,False,True,O[C@@H]1[C@H](O)[C@@H](O[P](O)(O)=O)[C@H](O[P](O)(O)=O)[C@@H](O)[C@@H]1O[P](O)(O)=O,SMILES_CANONICAL/CACTVS,24.0,True,True,eligible,True,True,,5.710266834456442,-5.661,5.686485234526473,-5.736,5.708280372808392,-5.816,3.0,0.0,0.0,0.0,0.0,0.0,0.33734335839598995,0.07751343969489002,1.0,-3.792,1.7771567530255872,scoring,"{""HIE"": 2, ""HID"": 2}",,0.0,0.0,0.0,,-5.459,True,True,,0.0,6.355182835124874,-4.541,0.45338462927825174,P09038,1.0,,
6ID0:A:3000,6ID0,IHP_A_3000,IHP,A,3000,,36,6,InsP6,263.0978054470486,319.1951649983724,272.2425299750434,2.9,ELECTRON MICROSCOPY,2019-03-13T00:00:00Z,G:3PEU,G:1B55,O43660;O60306;O60508;O75934;O95926;P08579;P09661;P14678;P41223;P62304;P62306;P62308;P62314;P62316;P62318;Q13573;Q15029;Q2TBE0;Q6P2Q9;Q96DI7;Q99459;Q9BZJ0;Q9HCS7;Q9NW64;Q9P013;Q9UMS4;Q9UNP9;Q9Y3C6,surface,0.4020566066087358,39,1,False,1.0,False,False,,False,,O[P](O)(=O)O[C@@H]1[C@H](O[P](O)(O)=O)[C@H](O[P](O)(O)=O)[C@@H](O[P](O)(O)=O)[C@H](O[P](O)(O)=O)[C@H]1O[P](O)(O)=O,SMILES_CANONICAL/CACTVS,36.0,True,True,eligible,True,True,"ReceptorError: pdb2pqr failed:   File ""/usr/share/miniconda/envs/test/lib/python3.11/site-packages/pdb2pqr/main.py"", line 802, in main_driver |     raise RuntimeError from err | RuntimeError",,,,,,,,,,,,,,,,,,,,"ReceptorError: pdb2pqr failed:   File ""/usr/share/miniconda/envs/test/lib/python3.11/site-packages/pdb2pqr/main.py"", line 802, in main_driver |     raise RuntimeError from err | RuntimeError",,,,,,,,,0.0,13.880418732841395,-5.803,0.797087067733399,Q6P2Q9,1.0,"ReceptorError: pdb2pqr failed:   File ""/usr/share/miniconda/envs/test/lib/python3.11/site-packages/pdb2pqr/main.py"", line 802, in main_driver |     raise RuntimeError from err | RuntimeError",
6WOG:A:401,6WOG,5A3_A_401,5A3,A,401,,40,7,InsP7,18.77767515182495,4.094349999912083,10.490700042247772,1.5,X-RAY DIFFRACTION,2021-03-03T00:00:00Z,G:2FVV,G:2FVV,O95989,surface,0.4588116589968182,43,1,False,1.0,False,False,,False,False,O[P](O)(=O)C[P](O)(=O)O[C@@H]1[C@@H](O[P](O)(O)=O)[C@H](O[P](O)(O)=O)[C@H](O[P](O)(O)=O)[C@H](O[P](O)(O)=O)[C@H]1O[P](O)(O)=O,SMILES_CANONICAL/CACTVS,40.0,True,True,eligible,True,True,,9.091258152682848,-7.52,8.17661738836165,-6.455,10.14711864774145,-7.481,3.0,0.0,0.0,0.0,0.0,0.0,-0.0350960153819863,0.6039345991082145,1.0,-5.553,0.5044099223982781,scoring,"{""HID"": 3}",,0.0,0.0,0.0,,-7.032,False,True,,0.0,6.141596290912523,-7.338,0.4138189649175196,O95989,1.0,,
9BJA:A:301,9BJA,IHP_A_301,IHP,A,301,,36,6,InsP6,10.302833305464851,18.359861135482788,-44.314194679260254,2.1,X-RAY DIFFRACTION,2024-07-03T00:00:00Z,G:3HO6,G:3EEB,P18177,surface,0.3267204979318721,44,1,False,1.0,False,False,,False,False,O[P](O)(=O)O[C@@H]1[C@H](O[P](O)(O)=O)[C@H](O[P](O)(O)=O)[C@@H](O[P](O)(O)=O)[C@H](O[P](O)(O)=O)[C@H]1O[P](O)(O)=O,SMILES_CANONICAL/CACTVS,36.0,True,True,eligible,True,True,,2.564719283024591,-8.229,2.890189121035566,-7.496,1.1156620305615663,-7.457,3.0,0.3333333333333333,0.0,1.0,0.6666666666666666,0.3333333333333333,0.562907268170426,0.4348934735464915,0.0,-6.882,0.4569133254675544,scoring,"{""HID"": 5, ""HIE"": 1}",,0.0,1.0,0.0,,-4.451,True,True,,0.0,4.438850896321813,-7.862,5.1205179922154285,P18177,1.0,,
9ED7:A:3003,9ED7,IHP_A_3003,IHP,A,3003,,36,6,InsP6,227.47097057766385,210.5835829840766,259.45886018541125,3.16,ELECTRON MICROSCOPY,2025-09-10T00:00:00Z,G:6ZWM,G:1B55,P42345;Q15382;Q9BVC4,surface,0.4655373685994046,27,1,False,1.0,False,False,,False,,O[P](O)(=O)O[C@@H]1[C@H](O[P](O)(O)=O)[C@H](O[P](O)(O)=O)[C@@H](O[P](O)(O)=O)[C@H](O[P](O)(O)=O)[C@H]1O[P](O)(O)=O,SMILES_CANONICAL/CACTVS,36.0,True,True,eligible,True,True,,11.873309516636201,-5.779,12.009043617156138,-5.943,11.905326332352958,-5.913,3.0,0.0,0.0,0.0,0.0,0.0,-0.0915395032647267,0.08732315462312001,1.0,-4.082,1.3738587141747927,scoring,"{""HID"": 81, ""HIE"": 8, ""HIP"": 1}",,0.0,0.0,0.0,,-6.576,False,False,,0.0,5.2073162298568265,-5.959,0.8123145139734929,P42345,1.0,,
9TDT:A:2601,9TDT,IHP_A_2601,IHP,A,2601,,36,6,InsP6,266.25286187065973,273.22991434733075,217.39538998074,3.0,ELECTRON MICROSCOPY,2026-04-22T00:00:00Z,G:6ZWM,G:1B55,P42345;Q6R327;Q9BPZ7;Q9BVC4,surface,0.5224849655183016,28,1,False,1.0,False,False,,False,,O[P](O)(=O)O[C@@H]1[C@H](O[P](O)(O)=O)[C@H](O[P](O)(O)=O)[C@@H](O[P](O)(O)=O)[C@H](O[P](O)(O)=O)[C@H]1O[P](O)(O)=O,SMILES_CANONICAL/CACTVS,36.0,True,True,eligible,True,True,,4.079683690249176,-5.345,5.106751338263087,-5.276,5.206729563859326,-5.315,3.0,0.0,0.0,0.0,0.0,0.0,0.4897243107769423,0.03459768778401239,1.0,-3.576,0.8433389428772019,scoring,"{""HID"": 101, ""HIE"": 9, ""HIP"": 3}",,0.0,0.0,0.0,,-6.653,False,False,,0.0,5.79414635286914,-5.913,0.6619731859896217,P42345,1.0,,
1FHW:B:1002,1FHW,I5P_B_1002,I5P,B,1002,,32,5,InsP5,-0.4573750055860728,0.4720624990295619,20.76262503862381,1.9,X-RAY DIFFRACTION,2000-08-23T00:00:00Z,G:1FAO,G:1B55,O08967,surface,0.2835490650577066,52,1,False,1.0,False,False,,False,False,O[C@H]1[C@H](O[P](O)(O)=O)[C@@H](O[P](O)(O)=O)[C@@H](O[P](O)(O)=O)[C@H](O[P](O)(O)=O)[C@H]1O[P](O)(O)=O,SMILES_CANONICAL/CACTVS,32.0,True,True,eligible,True,True,,4.265127651698294,-6.714,3.68531396637322,-6.245,4.032804549967234,-6.975,3.0,0.0,0.0,0.0,0.0,0.0,0.16842105263157892,0.3699058438756182,1.0,-5.533,0.48745434328015835,scoring,"{""HID"": 4}",,0.0,0.0,0.0,,-4.871,True,True,,0.0,5.044450612194258,-7.181,0.9610766283896479,O08967,1.0,,
1UNQ:A:1117,1UNQ,4IP_A_1117,4IP,A,1117,,28,4,InsP4,15.296428578240532,24.65125002179827,15.776678664343695,0.98,X-RAY DIFFRACTION,2004-09-16T00:00:00Z,G:1FAO,G:1B55,P31749,surface,0.3736417579448752,50,1,False,1.0,False,False,,False,True,O[C@H]1[C@@H](O[P](O)(O)=O)[C@H](O)[C@@H](O[P](O)(O)=O)[C@H](O[P](O)(O)=O)[C@H]1O[P](O)(O)=O,SMILES_CANONICAL/CACTVS,28.0,True,True,eligible,True,True,"ReceptorError: pdb2pqr failed:   File ""/usr/share/miniconda/envs/test/lib/python3.11/site-packages/pdb2pqr/main.py"", line 802, in main_driver |     raise RuntimeError from err | RuntimeError",,,,,,,,,,,,,,,,,,,,"ReceptorError: pdb2pqr failed:   File ""/usr/share/miniconda/envs/test/lib/python3.11/site-packages/pdb2pqr/main.py"", line 802, in main_driver |     raise RuntimeError from err | RuntimeError",,,,,,,,,0.0,9.146647612253327,-5.844,0.8833081319873818,P31749,1.0,"ReceptorError: pdb2pqr failed:   File ""/usr/share/miniconda/envs/test/lib/python3.11/site-packages/pdb2pqr/main.py"", line 802, in main_driver |     raise RuntimeError from err | RuntimeError",
2P1P:B:595,2P1P,IHP_B_595,IHP,B,595,,36,6,InsP6,14.230527745352852,-122.97883309258356,-26.10197220908271,2.21,X-RAY DIFFRACTION,2007-04-10T00:00:00Z,G:28MJ,G:1B55,Q39255;Q570C0,surface,0.3544518004633994,44,1,False,1.0,False,False,,False,False,O[P](O)(=O)O[C@@H]1[C@H](O[P](O)(O)=O)[C@H](O[P](O)(O)=O)[C@@H](O[P](O)(O)=O)[C@H](O[P](O)(O)=O)[C@H]1O[P](O)(O)=O,SMILES_CANONICAL/CACTVS,36.0,True,True,eligible,True,True,,6.161094890917768,-6.503,1.3040237331598548,-7.261,1.1490064364948516,-6.637,3.0,0.6666666666666666,0.0,0.6666666666666666,0.6666666666666666,0.6666666666666666,0.3057644110275689,0.40453594813481464,0.0,-6.751,0.3874642619875252,sampling,"{""HID"": 5, ""HIE"": 2}",,0.0,0.0,0.0,,-6.154,False,False,,0.0,4.578340444316195,-6.283,0.4165923505247555,Q570C0,1.0,,
3EEB:A:210,3EEB,IHP_A_210,IHP,A,210,,36,6,InsP6,-47.7046390109592,-2.8053333301925,3.329416665765974,2.1,X-RAY DIFFRACTION,2008-10-21T00:00:00Z,G:3EEB,G:3EEB,Q9KS12,semi_cryptic,0.1925128240798663,57,1,False,1.0,False,False,,False,False,O[P](O)(=O)O[C@@H]1[C@H](O[P](O)(O)=O)[C@H](O[P](O)(O)=O)[C@@H](O[P](O)(O)=O)[C@H](O[P](O)(O)=O)[C@H]1O[P](O)(O)=O,SMILES_CANONICAL/CACTVS,36.0,True,True,eligible,True,True,,2.878339552103883,-8.164,3.9391295240340893,-7.847,1.5855951429645638,-7.451,3.0,0.3333333333333333,0.0,0.6666666666666666,0.3333333333333333,0.3333333333333333,0.23558897243107768,0.35722868492512383,0.0,-7.472,0.3068757385709019,scoring,"{""HID"": 7, ""HIE"": 7}",,0.0,1.0,0.0,,-4.431,True,True,no AlphaFold model for the entry's accessions,,,,,,,,
4A6H:A:1584,4A6H,I4D_A_1584,I4D,A,1584,,16,1,InsP1,16.211249887943268,-28.364312529563904,20.62749981880188,1.45,X-RAY DIFFRACTION,2012-06-13T00:00:00Z,G:4A6H,G:1B55,P40485,surface,0.4271700582401925,27,1,False,1.0,False,False,,False,True,O[C@H]1[C@H](O)[C@@H](O)[C@H](O[P](O)(O)=O)[C@@H](O)[C@H]1O,SMILES_CANONICAL/CACTVS,16.0,True,True,eligible,True,True,,10.881834613132899,-4.811,10.942549315049876,-4.78,11.215245537518866,-4.599,3.0,0.0,0.0,0.0,0.0,0.0,0.1664160401002506,0.11450327506233164,1.0,-3.257,1.1409796087513522,scoring,"{""HID"": 18}",,0.0,0.0,0.0,,-6.381,False,False,,0.0,12.891279747417979,-4.788,1.0997674645293372,P40485,0.9814814814814815,,
4A6H:A:1585,4A6H,I4D_A_1585,I4D,A,1585,,16,1,InsP1,11.56431245803833,-4.525687471032143,10.524062424898148,1.45,X-RAY DIFFRACTION,2012-06-13T00:00:00Z,G:4A6H,G:1B55,P40485,cryptic,0.1166167548831959,63,1,False,1.0,False,False,,False,False,O[C@H]1[C@H](O)[C@@H](O)[C@H](O[P](O)(O)=O)[C@@H](O)[C@H]1O,SMILES_CANONICAL/CACTVS,16.0,True,True,eligible,True,True,,9.63423209386492,-5.912,9.324862456547619,-5.983,11.28296738438877,-5.902,3.0,0.0,0.0,0.0,0.0,0.0,-0.0661654135338346,0.04416257842714025,1.0,6.896,1.9508725963441045,scoring,"{""HID"": 18}",,0.0,0.0,0.0,,-6.381,,,,0.0,13.067504617134267,-3.666,47.73324307322393,P40485,0.9814814814814815,,
4XF6:A:301,4XF6,LIP_A_301,LIP,A,301,,16,1,InsP1,13.547625064849854,74.08724927902222,-0.0193749966565519,2.08,X-RAY DIFFRACTION,2015-06-03T00:00:00Z,G:4XF6,G:4XF6,Q5JDA3,cryptic,0.0,59,1,False,0.7,True,True,MG,True,False,O[C@@H]1[C@@H](O)[C@H](O)[C@@H](O[P]([O-])([O-])=O)[C@@H](O)[C@H]1O,SMILES_CANONICAL/CACTVS,16.0,True,True,eligible,True,True,,0.5915001665661873,-7.958,1.250223249095053,-6.658,1.210924473623025,-6.967,3.0,1.0,0.3333333333333333,1.0,1.0,1.0,0.6636591478696742,0.6791614928228288,1.0,-7.874,0.43296466899280606,,"{""HIE"": 3, ""HIP"": 2, ""HID"": 3}",,1.0,1.0,1.0,0.6666666666666666,-6.521,True,True,,1.0,0.904854255636849,-7.408,0.8633892701653293,Q5JDA3,1.0,,
5J67:A:1311,5J67,I3P_A_1311,I3P,A,1311,,24,3,InsP3,55.54108349482218,60.47083361943563,10.155583341916405,3.16,X-RAY DIFFRACTION,2016-05-25T00:00:00Z,G:5J67,G:1B55,O75129,surface,0.6108860631456056,18,1,False,1.0,False,False,,False,False,O[C@@H]1[C@H](O)[C@@H](O[P](O)(O)=O)[C@H](O[P](O)(O)=O)[C@@H](O)[C@@H]1O[P](O)(O)=O,SMILES_CANONICAL/CACTVS,24.0,True,True,eligible,True,True,,9.665758678090953,-6.8,8.39056504425303,-6.284,8.363464361468267,-6.432,3.0,0.0,0.0,0.0,0.0,0.0,-0.5861246587717797,0.26570158699814594,1.0,-3.007,1.519999893125997,scoring,"{""HID"": 42, ""HIE"": 14}",,0.0,0.0,0.0,,-6.863,False,False,,0.0,9.546173622123927,-6.6,0.18553238551758863,O75129,1.0,,
5Y88:A:3000,5Y88,IHP_A_3000,IHP,A,3000,,36,6,InsP6,263.61627790662976,314.5088628133138,271.84216732449,3.46,ELECTRON MICROSCOPY,2018-08-01T00:00:00Z,G:3PEU,G:1B55,P25337;P28004;P28320;P32523;P33334;P36048;P36118;P38241;P40018;P40204;P40567;P40968;P43321;P52868;P53131;P53277;P54999;Q02260;Q03654;Q03772;Q04048;Q06091;Q06217;Q06411;Q08963;Q12046;Q12309;Q12330;Q12417,surface,0.3940820862908826,38,1,False,1.0,False,False,,False,,O[P](O)(=O)O[C@@H]1[C@H](O[P](O)(O)=O)[C@H](O[P](O)(O)=O)[C@@H](O[P](O)(O)=O)[C@H](O[P](O)(O)=O)[C@H]1O[P](O)(O)=O,SMILES_CANONICAL/CACTVS,36.0,True,True,eligible,True,True,"ReceptorError: pdb2pqr failed:     coords = [bondatom.coords, nextatom.coords] |                                ^^^^^^^^^^^^^^^ | AttributeError: 'NoneType' object has no attribute 'coords'",,,,,,,,,,,,,,,,,,,,"ReceptorError: pdb2pqr failed:     coords = [bondatom.coords, nextatom.coords] |                                ^^^^^^^^^^^^^^^ | AttributeError: 'NoneType' object has no attribute 'coords'",,,,,,,,,0.0,3.6256117884830363,-5.763,1.3823809311047768,P33334,1.0,"ReceptorError: pdb2pqr failed:     coords = [bondatom.coords, nextatom.coords] |                                ^^^^^^^^^^^^^^^ | AttributeError: 'NoneType' object has no attribute 'coords'",
6ID1:A:3000,6ID1,IHP_A_3000,IHP,A,3000,,36,6,InsP6,260.076416015625,317.7805285983616,271.4918891059028,2.86,ELECTRON MICROSCOPY,2019-03-13T00:00:00Z,G:3PEU,G:1B55,O43143;O43660;O60306;O60508;O75934;O95926;P08579;P09661;P14678;P41223;P62304;P62306;P62308;P62314;P62316;P62318;Q13573;Q15029;Q2TBE0;Q6P2Q9;Q96DI7;Q99459;Q9BZJ0;Q9HCS7;Q9NW64;Q9P013;Q9UMS4;Q9UNP9;Q9Y3C6,surface,0.4179802981290255,36,1,False,1.0,False,False,,False,,O[P](O)(=O)O[C@@H]1[C@H](O[P](O)(O)=O)[C@H](O[P](O)(O)=O)[C@@H](O[P](O)(O)=O)[C@H](O[P](O)(O)=O)[C@H]1O[P](O)(O)=O,SMILES_CANONICAL/CACTVS,36.0,True,True,eligible,True,True,"ReceptorError: pdb2pqr failed:   File ""/usr/share/miniconda/envs/test/lib/python3.11/site-packages/pdb2pqr/main.py"", line 802, in main_driver |     raise RuntimeError from err | RuntimeError",,,,,,,,,,,,,,,,,,,,"ReceptorError: pdb2pqr failed:   File ""/usr/share/miniconda/envs/test/lib/python3.11/site-packages/pdb2pqr/main.py"", line 802, in main_driver |     raise RuntimeError from err | RuntimeError",,,,,,,,,0.0,13.690671082709935,-5.834,0.7799480816749742,Q6P2Q9,1.0,"ReceptorError: pdb2pqr failed:   File ""/usr/share/miniconda/envs/test/lib/python3.11/site-packages/pdb2pqr/main.py"", line 802, in main_driver |     raise RuntimeError from err | RuntimeError",
7SN8:I:701,7SN8,IHP_I_701,IHP,I,701,,36,6,InsP6,111.35577795240614,127.9758063422309,133.51300133599176,2.74,ELECTRON MICROSCOPY,2022-10-12T00:00:00Z,G:7SN8,G:1B55,Q95TS5;Q9VAH9;Q9W3E1,surface,0.3293862373863177,51,3,True,1.0,False,False,,False,,O[P](O)(=O)O[C@@H]1[C@H](O[P](O)(O)=O)[C@H](O[P](O)(O)=O)[C@@H](O[P](O)(O)=O)[C@H](O[P](O)(O)=O)[C@H]1O[P](O)(O)=O,SMILES_CANONICAL/CACTVS,36.0,True,True,eligible,True,True,,4.521291662108933,-6.701,4.784825695058779,-7.467,9.724210648702423,-6.771,3.0,0.0,0.0,0.0,0.0,0.0,-0.10225563909774434,0.42349183384491995,1.0,-5.181,0.5555527150540549,scoring,"{""HID"": 29, ""HIE"": 6, ""HIP"": 4}",,0.0,0.0,0.0,,-6.707,False,False,,0.0,4.215373307528316,-5.932,1.246439008206748,Q95TS5,1.0,,
8E0F:A:801,8E0F,IHP_A_801,IHP,A,801,,36,6,InsP6,-41.80258327060275,10.40327783425649,37.277250077989365,2.7,X-RAY DIFFRACTION,2022-10-26T00:00:00Z,G:1ZY7,G:1ZY7,P78563,cryptic,0.1043946280361462,66,1,False,1.0,False,False,,False,False,O[P](O)(=O)O[C@@H]1[C@H](O[P](O)(O)=O)[C@H](O[P](O)(O)=O)[C@@H](O[P](O)(O)=O)[C@H](O[P](O)(O)=O)[C@H]1O[P](O)(O)=O,SMILES_CANONICAL/CACTVS,36.0,True,True,eligible,True,True,,2.9881619799473076,-9.018,2.7399115236036686,-9.317,1.0997008701146118,-8.974,3.0,0.3333333333333333,0.0,1.0,0.3333333333333333,0.3333333333333333,0.2525999815556212,0.18663065128750944,0.0,-8.159,0.6454078601873972,scoring,"{""HIE"": 4, ""HID"": 19, ""HIP"": 2}",,0.0,1.0,0.0,,-6.019,True,True,,0.0,2.9473459528196684,-8.859,0.2754539140730305,P78563,0.9973958333333334,,
9R4I:A:501,9R4I,IHP_A_501,IHP,A,501,,36,6,InsP6,166.20894453260632,151.6879709031847,135.88152652316623,2.92,ELECTRON MICROSCOPY,2026-02-25T00:00:00Z,G:5ICN,G:1B55,Q13547;Q6PJG2;Q9H147,surface,0.4383120069792516,30,2,True,1.0,False,False,,False,,O[P](O)(=O)O[C@@H]1[C@H](O[P](O)(O)=O)[C@H](O[P](O)(O)=O)[C@@H](O[P](O)(O)=O)[C@H](O[P](O)(O)=O)[C@H]1O[P](O)(O)=O,SMILES_CANONICAL/CACTVS,36.0,True,True,eligible,True,True,,4.126949913869426,-6.068,3.9600356133321353,-5.858,3.629236547167592,-5.733,3.0,0.0,0.0,0.0,0.0,0.0,0.09524356311146977,0.1692877235163062,1.0,-4.217,1.058541088163634,scoring,"{""HIE"": 8, ""HID"": 29, ""HIP"": 6}",,0.0,0.0,0.0,,-4.027,False,False,,0.0,6.915347237788519,-4.913,0.319955416933284,Q13547,1.0,,
9TFX:AAAA:501,9TFX,IHP_AAAA_501,IHP,AAAA,501,,36,6,InsP6,-0.2681483219688137,19.942932075924343,11.790319230821398,1.7,X-RAY DIFFRACTION,2025-12-10T00:00:00Z,G:3W8L,G:1B55,Q08467,surface,0.6828208056235547,16,1,False,1.0,False,False,,False,True,O[P](O)(=O)O[C@@H]1[C@H](O[P](O)(O)=O)[C@H](O[P](O)(O)=O)[C@@H](O[P](O)(O)=O)[C@H](O[P](O)(O)=O)[C@H]1O[P](O)(O)=O,SMILES_CANONICAL/CACTVS,36.0,True,True,eligible,True,True,,5.525203447695291,-6.203,5.566119827078473,-6.438,4.949968608028513,-6.286,3.0,0.0,0.0,0.0,0.0,0.0,-0.05416871122818514,0.11917633993372989,1.0,-3.413,1.6911059388377934,scoring,"{""HID"": 7, ""HIE"": 4}",,0.0,0.0,0.0,,-4.351,False,False,,0.0,5.1822677104184525,-5.995,0.31413826681128515,Q08467,1.0,,
1FHX:A:1001,1FHX,4IP_A_1001,4IP,A,1001,,28,4,InsP4,56.33660697937012,2.362214279494115,17.266249997275217,2.5,X-RAY DIFFRACTION,2000-08-23T00:00:00Z,G:1FAO,G:1B55,O08967,semi_cryptic,0.1986012466937134,61,1,False,1.0,False,False,,False,False,O[C@H]1[C@@H](O[P](O)(O)=O)[C@H](O)[C@@H](O[P](O)(O)=O)[C@H](O[P](O)(O)=O)[C@H]1O[P](O)(O)=O,SMILES_CANONICAL/CACTVS,28.0,True,True,eligible,True,True,,5.114447076806682,-7.017,5.286961817103656,-6.997,3.1411966128280135,-6.581,3.0,0.0,0.0,0.0,0.0,0.0,0.1653656270963945,0.24615442307624685,1.0,-5.929,0.37962442977419075,scoring,"{""HID"": 3, ""HIE"": 1}",,0.0,1.0,0.0,,-6.44,True,False,,0.0,3.9327192359592007,-6.667,0.29708147363339465,O08967,0.991869918699187,,
1UPR:A:2154,1UPR,4IP_A_2154,4IP,A,2154,,28,4,InsP4,18.765857117516653,31.18696437563215,18.440107243401663,2.27,X-RAY DIFFRACTION,2004-10-20T00:00:00Z,G:1FAO,G:1B55,Q9H4M7,surface,0.5491212666447329,31,1,False,1.0,False,False,,False,True,O[C@H]1[C@@H](O[P](O)(O)=O)[C@H](O)[C@@H](O[P](O)(O)=O)[C@H](O[P](O)(O)=O)[C@H]1O[P](O)(O)=O,SMILES_CANONICAL/CACTVS,28.0,True,True,eligible,True,True,,4.660538517222865,-5.125,6.899693298375738,-4.881,2.9787167510599013,-5.179,3.0,0.0,0.0,0.3333333333333333,0.0,0.0,0.05864661654135337,0.15877447317920257,1.0,-4.341,1.5690595285390392,scoring,"{""HID"": 4}",,0.0,0.0,0.0,,-5.268,True,False,,0.0,7.063031320101153,-6.063,0.46628562070464197,Q9H4M7,1.0,,
2P1Q:B:801,2P1Q,IHP_B_801,IHP,B,801,,36,6,InsP6,13.744888888465034,-123.05441686842175,-26.012861198849148,1.91,X-RAY DIFFRACTION,2007-04-10T00:00:00Z,G:28MJ,G:1B55,Q38825;Q39255;Q570C0,surface,0.3726287273784156,44,1,False,1.0,False,False,,False,False,O[P](O)(=O)O[C@@H]1[C@H](O[P](O)(O)=O)[C@H](O[P](O)(O)=O)[C@@H](O[P](O)(O)=O)[C@H](O[P](O)(O)=O)[C@H]1O[P](O)(O)=O,SMILES_CANONICAL/CACTVS,36.0,True,True,eligible,True,True,,6.297621851762571,-7.176,7.233229845055615,-7.572,3.202971829832095,-7.375,3.0,0.0,0.0,0.0,0.6666666666666666,0.0,0.024561403508771913,0.19800084174905244,1.0,-6.381,0.39179491157462665,scoring,"{""HID"": 9}",,0.0,0.0,0.0,,-6.305,False,False,,0.0,4.937409917552866,-6.566,0.44214680615414875,Q570C0,1.0,,
3FZY:A:8000,3FZY,IHP_A_8000,IHP,A,8000,,36,6,InsP6,7.102444489796956,18.739361074235703,38.53675026363797,1.95,X-RAY DIFFRACTION,2009-02-17T00:00:00Z,G:3EEB,G:3EEB,Q9KS12,semi_cryptic,0.1863364624752465,64,1,False,1.0,False,False,,False,False,O[P](O)(=O)O[C@@H]1[C@H](O[P](O)(O)=O)[C@H](O[P](O)(O)=O)[C@@H](O[P](O)(O)=O)[C@H](O[P](O)(O)=O)[C@H]1O[P](O)(O)=O,SMILES_CANONICAL/CACTVS,36.0,True,True,eligible,True,True,,4.764022860958504,-7.509,3.477649009664085,-7.783,3.388567018702908,-7.857,3.0,0.0,0.0,0.0,0.3333333333333333,0.0,0.30492898913951544,0.18332848478437092,1.0,-8.586,0.48093146340740456,sampling,"{""HID"": 9, ""HIE"": 5}",,0.0,0.0,0.0,,-4.305,True,True,no AlphaFold model for the entry's accessions,,,,,,,,
4A6K:A:1585,4A6K,I4D_A_1585,I4D,A,1585,,16,1,InsP1,18.26650023460388,-26.962937355041504,22.26981246471405,1.8,X-RAY DIFFRACTION,2012-06-13T00:00:00Z,G:4A6H,G:1B55,P40485,surface,0.5932985678619319,15,1,False,1.0,False,False,,False,True,O[C@H]1[C@H](O)[C@@H](O)[C@H](O[P](O)(O)=O)[C@@H](O)[C@H]1O,SMILES_CANONICAL/CACTVS,16.0,True,True,eligible,True,True,,9.470853327795917,-4.665,9.549327582379956,-4.706,9.502419619814262,-4.469,3.0,0.0,0.0,0.0,0.0,0.0,0.3995607789478653,0.12666622806941608,1.0,-2.241,4.752726807576283,scoring,"{""HID"": 18}",,0.0,0.0,0.0,,-6.509,False,False,,0.0,10.801298905112438,-5.731,0.7654707483767694,P40485,0.9636363636363636,,
4XNH:A:901,4XNH,IHP_A_901,IHP,A,901,,36,6,InsP6,21.79602771335178,7.899750014146169,-3.880805580980248,2.1,X-RAY DIFFRACTION,2016-07-20T00:00:00Z,G:3PEU,G:1B55,P01189;P07347;P12945;Q08689,semi_cryptic,0.2014413232506976,46,2,True,1.0,False,False,,False,False,O[P](O)(=O)O[C@@H]1[C@H](O[P](O)(O)=O)[C@H](O[P](O)(O)=O)[C@@H](O[P](O)(O)=O)[C@H](O[P](O)(O)=O)[C@H]1O[P](O)(O)=O,SMILES_CANONICAL/CACTVS,36.0,True,True,eligible,True,True,,3.066241523514401,-7.443,3.9042763380927106,-8.012,0.9420378206559502,-7.878,3.0,0.3333333333333333,0.3333333333333333,0.3333333333333333,0.3333333333333333,0.3333333333333333,0.7507047192958244,0.29747324809692316,0.0,-7.088,0.368365792705391,scoring,"{""HID"": 23, ""HIE"": 4}",,0.0,0.0,0.0,,-7.143,True,True,,0.0,5.678032217133402,-5.407,0.39066656068976435,P12945,1.0,,
6A73:A:401,6A73,IHP_A_401,IHP,A,401,,36,6,InsP6,6.511638879776001,-19.61966660287645,-79.21263885498047,2.45,X-RAY DIFFRACTION,2019-07-03T00:00:00Z,G:5IJJ,G:5IJJ,P00720;P61201,surface,0.5239253423210767,23,1,False,1.0,False,False,,False,False,O[P](O)(=O)O[C@@H]1[C@H](O[P](O)(O)=O)[C@H](O[P](O)(O)=O)[C@@H](O[P](O)(O)=O)[C@H](O[P](O)(O)=O)[C@H]1O[P](O)(O)=O,SMILES_CANONICAL/CACTVS,36.0,True,True,eligible,True,True,,3.988358203347433,-5.271,4.174626234427683,-5.418,4.473612650218447,-5.204,3.0,0.0,0.0,0.0,0.3333333333333333,0.0,0.02907268170426064,0.10946384486821838,1.0,-3.941,0.4970138738986787,scoring,"{""HIP"": 1, ""HID"": 1}",,0.0,0.0,0.0,,-4.94,True,True,"model does not match the chain (identity 0.65, coverage 0.96)",,,,,P61201,0.6451612903225806,,
6J6G:A:3000,6J6G,IHP_A_3000,IHP,A,3000,,36,6,InsP6,265.5130827162001,317.24405585394965,274.6905288696289,3.2,ELECTRON MICROSCOPY,2019-04-24T00:00:00Z,G:3PEU,G:1B55,P21374;P25337;P28004;P32523;P33334;P36048;P38241;P40018;P40204;P40567;P40968;P43321;P53277;P53333;P54999;Q02260;Q03375;Q03654;Q03772;Q04048;Q06091;Q06217;Q08963;Q12046;Q12309;Q12330;Q12417,surface,0.4185046387642083,35,1,False,1.0,False,False,,False,,O[P](O)(=O)O[C@@H]1[C@H](O[P](O)(O)=O)[C@H](O[P](O)(O)=O)[C@@H](O[P](O)(O)=O)[C@H](O[P](O)(O)=O)[C@H]1O[P](O)(O)=O,SMILES_CANONICAL/CACTVS,36.0,True,True,eligible,True,True,,10.922799412200892,-5.936,14.677669178514384,-5.843,9.681075552916683,-6.234,3.0,0.0,0.0,0.0,0.3333333333333333,0.0,-0.018546365914786967,0.20426045464879722,1.0,-4.417,0.8193935429102485,scoring,"{""HID"": 141, ""HIE"": 35, ""HIP"": 4}",,0.0,0.0,0.0,,-6.534,False,False,,0.0,5.274189764666508,-5.847,0.4977892946846317,P33334,1.0,,
6ZWM:A:2602,6ZWM,IHP_A_2602,IHP,A,2602,,36,6,InsP6,218.33283233642572,249.29613833957248,197.8816655476888,3.2,ELECTRON MICROSCOPY,2020-11-18T00:00:00Z,G:6ZWM,G:1B55,P42345;Q6R327;Q9BPZ7;Q9BVC4,surface,0.5414385152804078,23,1,False,1.0,False,False,,False,,O[P](O)(=O)O[C@@H]1[C@H](O[P](O)(O)=O)[C@H](O[P](O)(O)=O)[C@@H](O[P](O)(O)=O)[C@H](O[P](O)(O)=O)[C@H]1O[P](O)(O)=O,SMILES_CANONICAL/CACTVS,36.0,True,True,eligible,True,True,,12.623426111599166,-5.427,12.579990461889182,-5.852,13.415895032616646,-6.165,3.0,0.0,0.0,0.0,0.0,0.0,-0.4215538847117794,0.37041373264679794,1.0,-3.814,0.9115951677091485,scoring,"{""HIE"": 34, ""HID"": 220}",,0.0,0.0,0.0,,-7.091,False,False,,0.0,5.886610417603058,-5.884,0.46006232105958017,P42345,0.9995421245421245,,
7KJZ:B:301,7KJZ,4IP_B_301,4IP,B,301,,28,4,InsP4,25.984285627092635,2.219785713058497,-12.011499983923777,2.43,X-RAY DIFFRACTION,2021-04-07T00:00:00Z,G:1FAO,G:1B55,Q6IQ23,cryptic,0.0416327818857093,59,2,True,1.0,False,False,,False,False,O[C@H]1[C@@H](O[P](O)(O)=O)[C@H](O)[C@@H](O[P](O)(O)=O)[C@H](O[P](O)(O)=O)[C@H]1O[P](O)(O)=O,SMILES_CANONICAL/CACTVS,28.0,True,True,eligible,True,True,,5.466232895517729,-8.224,4.130777278353246,-7.959,5.123428798657326,-8.641,3.0,0.0,0.0,0.0,0.3333333333333333,0.0,0.1413533834586466,0.3438114793507242,1.0,-8.092,0.6325715018418087,scoring,"{""HID"": 4}",,1.0,1.0,1.0,,-5.692,False,False,,0.0,9.561817898854256,-6.555,0.9834491530880882,Q6IQ23,0.98,,
7KJZ:B:302,7KJZ,4IP_B_302,4IP,B,302,,28,4,InsP4,36.647499901907786,8.141249980245318,-14.189357212611608,2.43,X-RAY DIFFRACTION,2021-04-07T00:00:00Z,G:1FAO,G:1B55,Q6IQ23,surface,0.5470166565421617,20,2,True,1.0,False,False,,False,False,O[C@H]1[C@@H](O[P](O)(O)=O)[C@H](O)[C@@H](O[P](O)(O)=O)[C@H](O[P](O)(O)=O)[C@H]1O[P](O)(O)=O,SMILES_CANONICAL/CACTVS,28.0,True,True,eligible,True,True,,6.367906747980508,-5.324,11.594158042796973,-6.812,11.839486388488275,-5.761,3.0,0.0,0.0,0.0,0.0,0.0,-0.0551378446115288,0.7648217657293322,1.0,-2.956,0.8340015860129247,scoring,"{""HID"": 4}",,0.0,0.0,0.0,,-5.692,,,,0.0,11.463458659288019,-5.82,0.7323543301019143,Q6IQ23,0.98,,
7SNQ:B:301,7SNQ,IHP_B_301,IHP,B,301,,36,6,InsP6,-9.815722227096558,43.928305519951714,20.32491657469008,2.81,X-RAY DIFFRACTION,2022-09-07T00:00:00Z,G:30OE,G:30OE,P03366;Q16630,surface,0.7667624311807875,8,4,True,1.0,False,False,,False,False,O[P](O)(=O)O[C@@H]1[C@H](O[P](O)(O)=O)[C@H](O[P](O)(O)=O)[C@@H](O[P](O)(O)=O)[C@H](O[P](O)(O)=O)[C@H]1O[P](O)(O)=O,SMILES_CANONICAL/CACTVS,36.0,True,True,eligible,True,True,,6.855425910404607,-6.676,6.329827214195977,-6.637,4.957620478484947,-6.534,3.0,0.0,0.0,0.0,0.0,0.0,-0.09101460841186415,0.07336438736426107,1.0,-3.414,3.4034866124728684,scoring,"{""HID"": 46, ""HIP"": 1, ""HIE"": 2}",,0.0,0.0,0.0,,-7.304,False,True,"model does not match the chain (identity 0.31, coverage 0.98)",,,,,Q16630,0.3121951219512195,,
8E1S:A:402,8E1S,IHP_A_402,IHP,A,402,,36,6,InsP6,13.121111101574368,-21.82944446139865,21.821499983469646,1.72,X-RAY DIFFRACTION,2022-11-30T00:00:00Z,G:3T9C,G:1Z2P,O74429,surface,0.2653942411754834,42,2,True,0.5799999999999997,True,False,,True,False,O[P](O)(=O)O[C@@H]1[C@H](O[P](O)(O)=O)[C@H](O[P](O)(O)=O)[C@@H](O[P](O)(O)=O)[C@H](O[P](O)(O)=O)[C@H]1O[P](O)(O)=O,SMILES_CANONICAL/CACTVS,36.0,True,True,eligible,True,True,,3.3434023337870666,-6.895,10.900460188886896,-6.972,7.647549139263771,-6.982,3.0,0.0,0.0,0.0,0.3333333333333333,0.0,0.02907268170426065,0.047606022028031,1.0,-6.467,0.7217153908989654,scoring,"{""HID"": 7, ""HIE"": 2}",,0.0,0.0,0.0,,-6.61,False,True,,0.0,5.507890336917803,-7.3,0.7200221832957997,O74429,1.0,,
8T8Y:A:404,8T8Y,I3P_A_404,I3P,A,404,,24,3,InsP3,-16.193416595458984,-24.412750085194904,-2.207249972348412,2.5,X-RAY DIFFRACTION,2023-11-15T00:00:00Z,G:8T8Y,G:1W2C,A0A3G4ZNY6,semi_cryptic,0.1447145501125196,38,1,False,1.0,False,True,MG,False,True,O[C@@H]1[C@H](O)[C@@H](O[P](O)(O)=O)[C@H](O[P](O)(O)=O)[C@@H](O)[C@@H]1O[P](O)(O)=O,SMILES_CANONICAL/CACTVS,24.0,True,True,eligible,True,True,,4.775635494420664,-6.711,7.368178225699694,-6.914,4.501086965133313,-6.942,3.0,0.0,0.0,0.0,0.0,0.0,-0.027568922305764427,0.12606479815290741,1.0,-5.606,0.5982797947040199,scoring,"{""HID"": 4}",,0.0,0.0,0.0,0.0,-6.377,True,True,no AlphaFold model for the entry's accessions,,,,,,,,
9HZG:A:701,9HZG,IHP_A_701,IHP,A,701,,36,6,InsP6,118.663416756524,113.30555534362792,134.27163908216687,3.33,ELECTRON MICROSCOPY,2026-05-20T00:00:00Z,G:7SGL,G:1B55,P12956;P13010;Q14191,surface,0.49195792419332,29,2,True,1.0,False,False,,False,,O[P](O)(=O)O[C@@H]1[C@H](O[P](O)(O)=O)[C@H](O[P](O)(O)=O)[C@@H](O[P](O)(O)=O)[C@H](O[P](O)(O)=O)[C@H]1O[P](O)(O)=O,SMILES_CANONICAL/CACTVS,36.0,True,True,eligible,True,True,,6.453758220242349,-6.09,5.62218485679089,-6.54,7.159906282464035,-5.898,3.0,0.0,0.0,0.0,0.0,0.0,-0.02748538011695907,0.32952693364882957,1.0,-3.019,2.094035824503739,scoring,"{""HID"": 20, ""HIE"": 5, ""HIP"": 1}",,0.0,0.0,0.0,,-4.39,False,False,,0.0,11.233573150393896,-4.517,0.3459109320793907,P12956,1.0,,
9R7L:C:101,9R7L,IHP_C_101,IHP,C,101,,36,6,InsP6,209.71252865261505,207.8255560133192,165.4968893263075,3.0,ELECTRON MICROSCOPY,2026-05-27T00:00:00Z,G:9R7L,G:9R7L,Q01524,surface,0.2750704040770523,50,6,True,1.0,False,False,,False,,O[P](O)(=O)O[C@@H]1[C@H](O[P](O)(O)=O)[C@H](O[P](O)(O)=O)[C@@H](O[P](O)(O)=O)[C@H](O[P](O)(O)=O)[C@H]1O[P](O)(O)=O,SMILES_CANONICAL/CACTVS,36.0,True,True,eligible,True,True,,4.945980745635722,-6.466,9.35377589960384,-6.302,1.3150141167443916,-6.575,3.0,0.3333333333333333,0.0,0.3333333333333333,0.6666666666666666,0.3333333333333333,0.18746867167919798,0.13742027992015377,0.0,-6.326,0.8531571350658578,scoring,"{""HID"": 69, ""HIE"": 27}",,0.0,0.0,0.0,,-5.597,False,False,,0.0,7.607974659584251,-5.605,0.24620937610451554,Q01524,1.0,,
9R7L:F:101,9R7L,IHP_F_101,IHP,F,101,,36,6,InsP6,214.3826942443848,208.6348618401421,184.85813988579645,3.0,ELECTRON MICROSCOPY,2026-05-27T00:00:00Z,G:9R7L,G:9R7L,Q01524,semi_cryptic,0.2319146432264181,55,8,True,1.0,False,False,,False,,O[P](O)(=O)O[C@@H]1[C@H](O[P](O)(O)=O)[C@H](O[P](O)(O)=O)[C@@H](O[P](O)(O)=O)[C@H](O[P](O)(O)=O)[C@H]1O[P](O)(O)=O,SMILES_CANONICAL/CACTVS,36.0,True,True,eligible,True,True,,5.0548765561280815,-6.902,5.157980982189581,-6.667,2.7639629213545898,-6.398,3.0,0.0,0.0,0.3333333333333333,0.3333333333333333,0.0,0.24389707577331896,0.25219106513382555,1.0,-5.803,0.7131140532259607,scoring,"{""HID"": 69, ""HIE"": 27}",,0.0,0.0,0.0,,-5.619,,,,0.0,7.685271023681723,-5.618,0.33390964629252107,Q01524,1.0,,
1G0H:A:292,1G0H,IPD_A_292,IPD,A,292,,16,1,InsP1,21.135437488555908,20.520562529563904,43.54756212234497,2.3,X-RAY DIFFRACTION,2001-03-14T00:00:00Z,G:1AWB,G:1AWB,Q57573,semi_cryptic,0.2161916290127917,43,1,False,1.0,False,True,CA,False,False,O[C@@H]1[C@@H](O)[C@@H](O)[C@@H](O[P]([O-])([O-])=O)[C@H](O)[C@H]1O,SMILES_CANONICAL/CACTVS,16.0,True,True,eligible,True,True,,2.829168218586192,-7.006,1.6420189009868995,-6.714,1.6596928129633104,-6.738,3.0,0.6666666666666666,0.0,1.0,1.0,0.6666666666666666,0.31979949874686714,0.1621028480111725,0.0,-5.614,2.072309894476277,scoring,{},,0.0,0.0,0.0,0.0,-5.878,True,True,,1.0,1.3401682520891287,-6.816,0.568765541774613,Q57573,1.0,,
1W1D:A:1552,1W1D,4IP_A_1552,4IP,A,1552,,28,4,InsP4,11.604678630828856,33.29282133919852,7.022071421146393,1.5,X-RAY DIFFRACTION,2004-11-19T00:00:00Z,G:1W1D,G:1B55,O15530,surface,0.4494571024242399,33,1,False,1.0,False,False,,False,False,O[C@H]1[C@@H](O[P](O)(O)=O)[C@H](O)[C@@H](O[P](O)(O)=O)[C@H](O[P](O)(O)=O)[C@H]1O[P](O)(O)=O,SMILES_CANONICAL/CACTVS,28.0,True,True,eligible,True,True,"ReceptorError: pdb2pqr failed:   File ""/usr/share/miniconda/envs/test/lib/python3.11/site-packages/pdb2pqr/main.py"", line 802, in main_driver |     raise RuntimeError from err | RuntimeError",,,,,,,,,,,,,,,,,,,,"ReceptorError: pdb2pqr failed:   File ""/usr/share/miniconda/envs/test/lib/python3.11/site-packages/pdb2pqr/main.py"", line 802, in main_driver |     raise RuntimeError from err | RuntimeError",,,,,,,,,0.0,11.956248402784814,-5.384,0.6878653554173767,O15530,1.0,"ReceptorError: pdb2pqr failed:   File ""/usr/share/miniconda/envs/test/lib/python3.11/site-packages/pdb2pqr/main.py"", line 802, in main_driver |     raise RuntimeError from err | RuntimeError",
2Q9P:A:201,2Q9P,IHP_A_201,IHP,A,201,,36,6,InsP6,16.519583410686916,4.737611073379715,14.460722181532118,1.65,X-RAY DIFFRACTION,2007-09-11T00:00:00Z,G:2FVV,G:2FVV,O95989,surface,0.2781623499217444,50,1,False,0.59,True,True,MG,True,False,O[P](O)(=O)O[C@@H]1[C@H](O[P](O)(O)=O)[C@H](O[P](O)(O)=O)[C@@H](O[P](O)(O)=O)[C@H](O[P](O)(O)=O)[C@H]1O[P](O)(O)=O,SMILES_CANONICAL/CACTVS,36.0,True,True,eligible,True,True,,2.279869085038952,-7.066,2.9094520173872267,-7.411,1.0128039064070957,-6.67,3.0,0.3333333333333333,0.0,1.0,0.6666666666666666,0.3333333333333333,0.3538847117794486,0.3707923947440129,0.0,-5.709,0.42456036793384977,scoring,"{""HID"": 3}",,0.0,1.0,0.0,0.3333333333333333,-4.508,True,True,,0.0,4.2355747985114585,-7.164,0.1882877153062298,O95989,1.0,,
3GCD:A:214,3GCD,IHP_A_214,IHP,A,214,,36,6,InsP6,-16.37097218301561,12.77647230360243,-67.08299922943115,2.35,X-RAY DIFFRACTION,2009-05-26T00:00:00Z,G:3EEB,G:3EEB,Q9KS12,semi_cryptic,0.188948767338394,57,1,False,1.0,False,False,,False,False,O[P](O)(=O)O[C@@H]1[C@H](O[P](O)(O)=O)[C@H](O[P](O)(O)=O)[C@@H](O[P](O)(O)=O)[C@H](O[P](O)(O)=O)[C@H]1O[P](O)(O)=O,SMILES_CANONICAL/CACTVS,36.0,True,True,eligible,True,True,,2.9047232500239555,-8.356,3.9695038349629526,-7.924,3.2179739314944293,-8.004,3.0,0.0,0.0,0.3333333333333333,0.3333333333333333,0.0,0.13884711779448625,0.22982892188176246,1.0,-7.011,0.512090489672834,scoring,"{""HIE"": 14, ""HID"": 14}",,0.0,1.0,0.0,,-4.528,False,False,no AlphaFold model for the entry's accessions,,,,,,,,
4Y94:A:501,4Y94,IHP_A_501,IHP,A,501,,36,6,InsP6,7.567555526892344,15.403138822979397,-37.40788904825846,2.4,X-RAY DIFFRACTION,2015-03-18T00:00:00Z,G:1B55,G:1B55,Q3ZC95,surface,0.5153680211864272,22,2,True,1.0,False,False,,False,False,O[P](O)(=O)O[C@@H]1[C@H](O[P](O)(O)=O)[C@H](O[P](O)(O)=O)[C@@H](O[P](O)(O)=O)[C@H](O[P](O)(O)=O)[C@H]1O[P](O)(O)=O,SMILES_CANONICAL/CACTVS,36.0,True,True,eligible,True,True,,11.212890955578457,-6.525,5.500665078304215,-6.177,5.622062296657644,-6.17,3.0,0.0,0.0,0.0,0.0,0.0,-0.16090225563909774,0.20296879891582714,1.0,-4.709,1.2360849111279348,scoring,"{""HID"": 4, ""HIE"": 4}",,0.0,0.0,0.0,,-5.589,False,False,,0.0,6.777743739035749,-4.717,0.2140182516592176,Q3ZC95,1.0,,
6B4H:A:601,6B4H,IHP_A_601,IHP,A,601,,36,6,InsP6,124.29105567932127,-10.61830555068122,53.13988897535536,2.17,X-RAY DIFFRACTION,2018-06-20T00:00:00Z,G:6B4H,G:1B55,G0S381;G0S7F3,surface,0.4682313710786904,24,1,False,1.0,False,True,ZN,False,True,O[P](O)(=O)O[C@@H]1[C@H](O[P](O)(O)=O)[C@H](O[P](O)(O)=O)[C@@H](O[P](O)(O)=O)[C@H](O[P](O)(O)=O)[C@H]1O[P](O)(O)=O,SMILES_CANONICAL/CACTVS,36.0,True,True,eligible,True,True,,13.029420409746313,-5.736,5.501069590403564,-5.626,5.529122252606673,-5.68,3.0,0.0,0.0,0.0,0.0,0.0,-0.325392473098272,0.055003030219555195,1.0,-3.917,0.5306631106268868,scoring,"{""HIE"": 1, ""HID"": 6, ""HIP"": 1}",,0.0,0.0,0.0,0.0,-4.555,False,False,,0.0,11.91671109604236,-5.37,0.16408872419768872,G0S7F3,0.9905660377358491,,
6KWY:c:1901,6KWY,K0W_c_1901,K0W,c,1901,,44,8,InsP8,201.6757039156827,216.3125235817649,94.90597707575016,2.72,ELECTRON MICROSCOPY,2020-04-01T00:00:00Z,G:6KWY,G:6KWY,O14818;P20618;P25786;P25787;P25788;P25789;P28066;P28070;P28072;P28074;P49720;P49721;P60900;Q14997;Q99436,surface,0.4023240868713073,40,1,False,1.0,False,False,,False,,O[P](O)(=O)O[C@H]1[C@H](O[P](O)(O)=O)[C@@H](O[P](O)(O)=O)[C@H](O[P](O)(=O)O[P](O)(O)=O)[C@H](O[P](O)(=O)O[P](O)(O)=O)[C@@H]1O[P](O)(O)=O,SMILES_CANONICAL/CACTVS,44.0,True,True,eligible,True,True,,4.4652484762200855,-6.971,6.677667527263571,-6.914,3.71186360281865,-6.492,3.0,0.0,0.0,0.0,0.0,0.0,0.03709273182957395,0.26165307820343586,1.0,-4.552,1.6784513549445088,scoring,"{""HID"": 121, ""HIE"": 41, ""HIP"": 2}",,0.0,0.0,0.0,,-7.322,False,False,,0.0,7.1258501322225,-6.574,0.43954946212876106,Q14997,0.9988956377691883,,
6ZWO:B:2602,6ZWO,IHP_B_2602,IHP,B,2602,,36,6,InsP6,208.9275271097819,175.19808366563586,198.3229717678494,3.0,ELECTRON MICROSCOPY,2020-11-18T00:00:00Z,G:6ZWM,G:1B55,P42345;Q6R327;Q9BPZ7;Q9BVC4,surface,0.540536154018186,24,1,False,1.0,False,False,,False,,O[P](O)(=O)O[C@@H]1[C@H](O[P](O)(O)=O)[C@H](O[P](O)(O)=O)[C@@H](O[P](O)(O)=O)[C@H](O[P](O)(O)=O)[C@H]1O[P](O)(O)=O,SMILES_CANONICAL/CACTVS,36.0,True,True,eligible,True,True,,12.819584225036886,-5.926,13.256750143122888,-5.87,13.843024221011536,-6.218,3.0,0.0,0.0,0.0,0.0,0.0,-0.26574770258980784,0.18686180276700023,1.0,-3.773,0.8914810542092465,scoring,"{""HID"": 95, ""HIE"": 18}",,0.0,0.0,0.0,,-2.517,False,False,,0.0,5.820223182829012,-5.86,0.46076733609527315,P42345,1.0,,
7SOL:A:1101,7SOL,IHP_A_1101,IHP,A,1101,,36,6,InsP6,39.31727801428901,11.593638870451183,123.65077781677246,2.25,X-RAY DIFFRACTION,2022-11-02T00:00:00Z,G:28MJ,G:1B55,A0AVT1;P69326,surface,0.3697679370366741,32,1,False,1.0,False,False,,False,False,O[P](O)(=O)O[C@@H]1[C@H](O[P](O)(O)=O)[C@H](O[P](O)(O)=O)[C@@H](O[P](O)(O)=O)[C@H](O[P](O)(O)=O)[C@H]1O[P](O)(O)=O,SMILES_CANONICAL/CACTVS,36.0,True,True,eligible,True,True,,2.5607251602400694,-6.228,7.4041409150868,-6.442,1.1519965415184092,-6.219,3.0,0.3333333333333333,0.0,0.6666666666666666,0.3333333333333333,0.3333333333333333,0.09997596021188777,0.12623126923759165,0.0,-5.513,0.4859905392178391,scoring,"{""HID"": 58, ""HIE"": 9, ""HIP"": 3}",,0.0,0.0,0.0,,-5.794,False,False,,0.0,5.444236815541144,-5.651,0.6493964715202438,A0AVT1,0.9990108803165183,,
8E1V:B:501,8E1V,IHP_B_501,IHP,B,501,,36,6,InsP6,11.927694347169664,-20.392166561550564,20.11952776379056,1.9,X-RAY DIFFRACTION,2022-11-30T00:00:00Z,G:3T9C,G:1Z2P,O74429,surface,0.280961203675852,35,2,True,0.8247222222222221,True,False,,False,False,O[P](O)(=O)O[C@@H]1[C@H](O[P](O)(O)=O)[C@H](O[P](O)(O)=O)[C@@H](O[P](O)(O)=O)[C@H](O[P](O)(O)=O)[C@H]1O[P](O)(O)=O,SMILES_CANONICAL/CACTVS,36.0,True,True,eligible,True,True,,6.24629414256631,-7.019,7.676633024733214,-6.948,6.806537612658286,-6.655,3.0,0.0,0.0,0.0,0.3333333333333333,0.0,-0.0431077694235589,0.19295336224072385,1.0,-5.799,0.8525074255480405,scoring,"{""HIE"": 3, ""HID"": 6}",,0.0,0.0,0.0,,-5.182,False,False,,0.0,4.5073370270684245,-7.304,0.6104650885490531,O74429,1.0,,
8T91:A:403,8T91,IHP_A_403,IHP,A,403,,36,6,InsP6,-15.729138798183865,-26.0017499393887,-0.7289722145845493,2.56,X-RAY DIFFRACTION,2023-11-15T00:00:00Z,G:8T8Y,G:1W2C,A0A3G4ZNY6,surface,0.2626042427417227,56,1,False,1.0,False,False,,False,True,O[P](O)(=O)O[C@@H]1[C@H](O[P](O)(O)=O)[C@H](O[P](O)(O)=O)[C@@H](O[P](O)(O)=O)[C@H](O[P](O)(O)=O)[C@H]1O[P](O)(O)=O,SMILES_CANONICAL/CACTVS,36.0,True,True,eligible,True,True,,4.864672403082677,-6.809,5.549439652511648,-7.078,4.66426014585539,-7.485,3.0,0.0,0.0,0.0,0.6666666666666666,0.0,-0.30125313283208016,0.3403395363456912,1.0,-6.084,0.4926978096556681,scoring,"{""HID"": 4}",,0.0,0.0,0.0,,-2.225,False,True,no AlphaFold model for the entry's accessions,,,,,,,,
9CLJ:A:301,9CLJ,IHP_A_301,IHP,A,301,,36,6,InsP6,103.6109447479248,179.71563890245227,132.77708307902017,1.98,ELECTRON MICROSCOPY,2025-03-05T00:00:00Z,G:30OE,G:30OE,P18042,surface,0.866403409925659,8,1,False,0.17,True,False,,False,,O[P](O)(=O)O[C@@H]1[C@H](O[P](O)(O)=O)[C@H](O[P](O)(O)=O)[C@@H](O[P](O)(O)=O)[C@H](O[P](O)(O)=O)[C@H]1O[P](O)(O)=O,SMILES_CANONICAL/CACTVS,36.0,True,True,eligible,True,True,,8.56498247711374,-4.451,8.673843436215378,-4.107,10.602618553791977,-4.39,3.0,0.0,0.0,0.0,0.0,0.0,-0.0857142857142857,0.1835510828080289,1.0,-1.387,2.511787050731418,scoring,"{""HIE"": 1, ""HID"": 2}",,0.0,0.0,0.0,,-5.137,False,False,no AlphaFold model for the entry's accessions,,,,,,,,
9IK4:A:801,9IK4,IHP_A_801,IHP,A,801,,36,6,InsP6,103.99313926696776,130.7350836859809,87.15733316209581,3.34,ELECTRON MICROSCOPY,2025-01-22T00:00:00Z,G:5IJJ,G:5IJJ,Q93ZF5,surface,0.581521445012469,23,2,True,1.0,False,False,,False,,O[P](O)(=O)O[C@@H]1[C@H](O[P](O)(O)=O)[C@H](O[P](O)(O)=O)[C@@H](O[P](O)(O)=O)[C@H](O[P](O)(O)=O)[C@H]1O[P](O)(O)=O,SMILES_CANONICAL/CACTVS,36.0,True,True,eligible,True,True,,8.89227604614067,-5.047,9.965812498511584,-5.022,8.655797727915568,-4.698,3.0,0.0,0.0,0.0,0.0,0.0,-0.22982804952962696,0.19468007944659677,1.0,-2.959,1.282053132772842,scoring,"{""HID"": 28, ""HIE"": 4}",,0.0,0.0,0.0,,-5.726,False,False,,0.0,13.08402366726164,-5.205,0.6691249253361543,Q93ZF5,1.0,,
9R7M:C:101,9R7M,IHP_C_101,IHP,C,101,,32,5,InsP5,214.41996908187863,213.6313753128052,172.22268676757812,2.9,ELECTRON MICROSCOPY,2026-05-27T00:00:00Z,G:9R7L,G:9R7L,Q01524,surface,0.2744626798104584,38,6,True,1.0,False,False,,False,,O[P](O)(=O)O[C@@H]1[C@H](O[P](O)(O)=O)[C@H](O[P](O)(O)=O)[C@@H](O[P](O)(O)=O)[C@H](O[P](O)(O)=O)[C@H]1O[P](O)(O)=O,SMILES_CANONICAL/CACTVS,36.0,False,,eligible,True,False,,6.401895203308353,-6.194,5.856338875722617,-6.385,5.633978985214796,-6.635,3.0,0.0,0.0,0.0,0.3333333333333333,0.0,-0.09894787777927316,0.2211568071150723,1.0,,,,"{""HID"": 66, ""HIE"": 30}",,0.0,0.0,0.0,,,,,,,,,,,,,
9R7M:F:101,9R7M,IHP_F_101,IHP,F,101,,32,5,InsP5,214.0765299797058,213.9054684638977,192.9974999427796,2.9,ELECTRON MICROSCOPY,2026-05-27T00:00:00Z,G:9R7L,G:9R7L,Q01524,semi_cryptic,0.2258003472851917,44,8,True,1.0,False,False,,False,,O[P](O)(=O)O[C@@H]1[C@H](O[P](O)(O)=O)[C@H](O[P](O)(O)=O)[C@@H](O[P](O)(O)=O)[C@H](O[P](O)(O)=O)[C@H]1O[P](O)(O)=O,SMILES_CANONICAL/CACTVS,36.0,False,,eligible,True,False,,9.582448616187218,-6.501,13.135036588461611,-7.062,12.439849252444072,-6.626,3.0,0.0,0.0,0.0,0.0,0.0,-0.31333656692229134,0.2945171189138813,1.0,,,,"{""HID"": 66, ""HIE"": 30}",,0.0,0.0,0.0,,,,,,,,,,,,,
1GC6:A:1229,1GC6,I3P_A_1229,I3P,A,1229,,24,3,InsP3,81.98683261871338,73.11287466684978,93.28687572479248,2.9,X-RAY DIFFRACTION,2000-09-20T00:00:00Z,G:1GC6,G:1GC6,P26043,surface,0.5991791137208218,17,1,False,1.0,False,False,,False,False,O[C@@H]1[C@H](O)[C@@H](O[P](O)(O)=O)[C@H](O[P](O)(O)=O)[C@@H](O)[C@@H]1O[P](O)(O)=O,SMILES_CANONICAL/CACTVS,24.0,True,True,eligible,True,True,,8.01593605447865,-6.344,9.313366609908064,-6.258,8.506896440940967,-6.452,3.0,0.0,0.0,0.0,0.0,0.0,0.13734335839598996,0.09720768145230771,1.0,-3.079,1.3105172132460061,scoring,"{""HIE"": 3, ""HID"": 3}",,0.0,0.0,0.0,,-5.057,False,True,,0.0,9.836189475590471,-5.637,0.819537947180052,P26043,1.0,,
1W2C:A:1463,1W2C,I3P_A_1463,I3P,A,1463,,24,3,InsP3,11.496333380540213,28.72279167175293,85.26145839691162,1.95,X-RAY DIFFRACTION,2004-09-09T00:00:00Z,G:1W2C,G:1W2C,P23677,surface,0.3338175759123507,25,1,False,1.0,False,False,,False,False,O[C@@H]1[C@H](O)[C@@H](O[P](O)(O)=O)[C@H](O[P](O)(O)=O)[C@@H](O)[C@@H]1O[P](O)(O)=O,SMILES_CANONICAL/CACTVS,24.0,True,True,eligible,True,True,,7.245837916711829,-5.737,3.6630330114117045,-5.626,6.051425085419516,-5.408,3.0,0.0,0.0,0.0,0.6666666666666666,0.0,0.0882205513784461,0.16737482885228977,1.0,-4.507,0.6696966859293247,scoring,"{""HID"": 8, ""HIE"": 2, ""HIP"": 3}",,0.0,0.0,0.0,,-5.97,False,False,,0.0,8.155331878146182,-7.269,0.30078638931704,P23677,1.0,,
2R09:A:405,2R09,4IP_A_405,4IP,A,405,,28,4,InsP4,79.26978574480329,85.91457148960659,25.99296426773072,1.9,X-RAY DIFFRACTION,2007-12-04T00:00:00Z,G:1FAO,G:1B55,O08967,semi_cryptic,0.1869958838528071,59,1,False,1.0,False,False,,False,True,O[C@H]1[C@@H](O[P](O)(O)=O)[C@H](O)[C@@H](O[P](O)(O)=O)[C@H](O[P](O)(O)=O)[C@H]1O[P](O)(O)=O,SMILES_CANONICAL/CACTVS,28.0,True,True,eligible,True,True,,5.236491150801908,-7.329,2.9170971861639443,-7.173,5.635875005718241,-7.218,3.0,0.0,0.0,0.3333333333333333,0.3333333333333333,0.0,0.4181286549707602,0.08029321266458314,1.0,-7.609,0.33119568631859675,sampling,"{""HID"": 18, ""HIE"": 4}",,0.0,1.0,0.0,,-4.999,False,False,,0.0,3.670171555548305,-6.682,0.2576995813389404,O08967,0.9504373177842566,,
3HO6:A:270,3HO6,IHP_A_270,IHP,A,270,,36,6,InsP6,75.32144461737738,10.48638884226481,26.97966681586372,1.6,X-RAY DIFFRACTION,2009-06-23T00:00:00Z,G:3HO6,G:3EEB,P16154,surface,0.3023202887605021,44,1,False,1.0,False,False,,False,False,O[P](O)(=O)O[C@@H]1[C@H](O[P](O)(O)=O)[C@H](O[P](O)(O)=O)[C@@H](O[P](O)(O)=O)[C@H](O[P](O)(O)=O)[C@H]1O[P](O)(O)=O,SMILES_CANONICAL/CACTVS,36.0,True,True,eligible,True,True,,2.8006314808301864,-6.748,3.0689925907265962,-7.108,0.8323832493811274,-6.512,3.0,0.3333333333333333,0.3333333333333333,0.6666666666666666,0.6666666666666666,0.3333333333333333,0.6370927318295738,0.3001421885262605,0.0,-6.309,0.30640124531296864,scoring,"{""HID"": 5, ""HIE"": 1}",,0.0,0.0,0.0,,-5.113,True,True,no AlphaFold model for the entry's accessions,,,,,,,,
4AQK:A:500,4AQK,IHP_A_500,IHP,A,500,,36,6,InsP6,-19.465583271450463,-12.12380560239156,-10.074222260051304,2.4,X-RAY DIFFRACTION,2012-05-02T00:00:00Z,G:2XAL,G:2XAL,Q93YN9,semi_cryptic,0.2088926433946046,49,1,False,1.0,False,True,MG,False,False,O[P](O)(=O)O[C@@H]1[C@H](O[P](O)(O)=O)[C@H](O[P](O)(O)=O)[C@@H](O[P](O)(O)=O)[C@H](O[P](O)(O)=O)[C@H]1O[P](O)(O)=O,SMILES_CANONICAL/CACTVS,36.0,True,True,eligible,True,True,"ReceptorError: pdb2pqr failed:   File ""/usr/share/miniconda/envs/test/lib/python3.11/site-packages/pdb2pqr/main.py"", line 802, in main_driver |     raise RuntimeError from err | RuntimeError",,,,,,,,,,,,,,,,,,,,"ReceptorError: pdb2pqr failed:   File ""/usr/share/miniconda/envs/test/lib/python3.11/site-packages/pdb2pqr/main.py"", line 802, in main_driver |     raise RuntimeError from err | RuntimeError",,,,,,,,,0.0,4.6057774644193845,-7.064,0.47348076978761233,Q93YN9,0.9830917874396136,"ReceptorError: pdb2pqr failed:   File ""/usr/share/miniconda/envs/test/lib/python3.11/site-packages/pdb2pqr/main.py"", line 802, in main_driver |     raise RuntimeError from err | RuntimeError",
4Z33:A:304,4Z33,IP2_A_304,IP2,A,304,,20,2,InsP2,20.20719985961914,-51.7181001663208,-2.7951999738812447,2.45,X-RAY DIFFRACTION,2016-06-29T00:00:00Z,G:4Z33,G:1B55,O00560;O75084,surface,0.4630503383537764,30,2,True,0.5999999999999999,True,False,,False,True,O[C@@H]1[C@H](O)[C@H](O)[C@@H](O[P](O)(O)=O)[C@H](O[P](O)(O)=O)[C@H]1O,SMILES_CANONICAL/CACTVS,20.0,True,True,eligible,True,True,,8.558044758327524,-5.441,8.52833630342114,-5.225,9.189154835088083,-5.478,3.0,0.0,0.0,0.0,0.0,0.0,-0.18045112781954883,0.136646746515727,1.0,-3.528,1.475131552633816,scoring,"{""HID"": 7, ""HIE"": 1}",,0.0,0.0,0.0,,-5.33,False,True,,0.0,7.877424697835625,-5.711,0.19283535751295414,O00560,0.9939759036144579,,
5MOE:A:404,5MOE,IHP_A_404,IHP,A,404,,36,6,InsP6,8.87975001335144,136.47449917263455,333.4320551554362,1.89,X-RAY DIFFRACTION,2017-05-24T00:00:00Z,G:3W8L,G:1B55,P68400,surface,0.7334395739657738,13,1,False,0.5,True,False,,False,True,O[P](O)(=O)O[C@@H]1[C@H](O[P](O)(O)=O)[C@H](O[P](O)(O)=O)[C@@H](O[P](O)(O)=O)[C@H](O[P](O)(O)=O)[C@H]1O[P](O)(O)=O,SMILES_CANONICAL/CACTVS,36.0,True,True,eligible,True,True,,10.553450624492937,-4.867,9.634754063719031,-4.855,11.574726675965573,-5.047,3.0,0.0,0.0,0.0,0.0,0.0,0.009505331882750767,0.10755463727798972,1.0,-2.205,1.0789933987750386,scoring,"{""HID"": 19, ""HIE"": 12, ""HIP"": 1}",,0.0,0.0,0.0,,-5.346,False,False,,0.0,9.184901735684791,-5.166,0.2321725150633895,P68400,0.9969230769230769,,
6LCY:A:501,6LCY,IHP_A_501,IHP,A,501,,36,6,InsP6,55.54552788204617,-21.078361140357124,20.75375000635783,2.3,X-RAY DIFFRACTION,2021-03-03T00:00:00Z,G:4NP9,G:1B55,Q9R0N7,surface,0.6387481695845749,22,1,False,1.0,False,False,,False,True,O[P](O)(=O)O[C@@H]1[C@H](O[P](O)(O)=O)[C@H](O[P](O)(O)=O)[C@@H](O[P](O)(O)=O)[C@H](O[P](O)(O)=O)[C@H]1O[P](O)(O)=O,SMILES_CANONICAL/CACTVS,36.0,True,True,eligible,True,True,,5.805554403747563,-4.594,6.444670609259716,-4.818,3.799156020611646,-5.158,3.0,0.0,0.0,0.0,0.0,0.0,-0.037619438855701286,0.2839812200363492,1.0,-3.801,0.48490424313408165,scoring,"{""HID"": 1, ""HIE"": 1}",,0.0,0.0,0.0,,-4.522,False,False,,0.0,9.617244035671785,-4.871,0.25425096788444135,Q9R0N7,1.0,,
8E4X:A:801,8E4X,IHP_A_801,IHP,A,801,,36,6,InsP6,-41.9499167336358,10.440250039100649,37.23413912455241,2.8,X-RAY DIFFRACTION,2022-10-26T00:00:00Z,G:1ZY7,G:1ZY7,P78563,cryptic,0.1014309461777392,67,1,False,1.0,False,False,,False,False,O[P](O)(=O)O[C@@H]1[C@H](O[P](O)(O)=O)[C@H](O[P](O)(O)=O)[C@@H](O[P](O)(O)=O)[C@H](O[P](O)(O)=O)[C@H]1O[P](O)(O)=O,SMILES_CANONICAL/CACTVS,36.0,True,True,eligible,True,True,,2.8278874426335516,-8.879,3.5337786337954364,-9.033,1.58265393848036,-9.02,3.0,0.3333333333333333,0.0,0.6666666666666666,0.6666666666666666,0.3333333333333333,0.2641604010025062,0.0854068693568224,0.0,-7.698,0.717851754403155,scoring,"{""HID"": 19, ""HIP"": 1, ""HIE"": 5}",,0.0,0.0,1.0,,-5.877,False,False,,0.0,2.8620582285023697,-9.028,0.28190054160417816,P78563,0.9973958333333334,,
9IOL:B:801,9IOL,IHP_B_801,IHP,B,801,,36,6,InsP6,101.02866702609592,121.77319378323024,98.25272199842664,3.46,ELECTRON MICROSCOPY,2025-07-09T00:00:00Z,G:7SGL,G:1B55,P12956;P13010;Q9H9Q4,surface,0.3934490271818804,34,3,True,1.0,False,False,,False,,O[P](O)(=O)O[C@@H]1[C@H](O[P](O)(O)=O)[C@H](O[P](O)(O)=O)[C@@H](O[P](O)(O)=O)[C@H](O[P](O)(O)=O)[C@H]1O[P](O)(O)=O,SMILES_CANONICAL/CACTVS,36.0,True,True,eligible,True,True,,4.099797484102389,-6.211,5.2736743772270325,-5.996,4.809499201732832,-6.215,3.0,0.0,0.0,0.0,0.0,0.0,0.0837339728868217,0.12530097099916376,1.0,-3.045,0.7903980180762483,scoring,"{""HIE"": 3, ""HID"": 18}",,0.0,0.0,0.0,,-2.851,False,False,,0.0,12.381372391201461,-5.766,2.9872988018159523,P13010,1.0,,
9RSQ:A:2501,9RSQ,IHP_A_2501,IHP,A,2501,,36,6,InsP6,224.64541668362088,266.8697747124566,258.70488993326825,3.07,ELECTRON MICROSCOPY,2026-05-06T00:00:00Z,G:6ZWM,G:1B55,P32600;P40061;P41318;P47041;Q04749;Q08236,surface,0.4409706473806172,39,1,False,1.0,False,False,,False,,O[P](O)(=O)O[C@@H]1[C@H](O[P](O)(O)=O)[C@H](O[P](O)(O)=O)[C@@H](O[P](O)(O)=O)[C@H](O[P](O)(O)=O)[C@H]1O[P](O)(O)=O,SMILES_CANONICAL/CACTVS,36.0,True,True,eligible,True,True,,4.306038406568507,-6.745,3.7117947038749537,-5.782,7.212024442598387,-5.814,3.0,0.0,0.0,0.0,0.3333333333333333,0.0,0.3306380018150599,0.5469847651748021,1.0,-4.855,0.2963950800955729,scoring,"{""HID"": 93, ""HIE"": 19, ""HIP"": 1}",,0.0,0.0,0.0,,-4.882,False,False,,0.0,12.586758875393025,-5.768,0.8223656103158911,P32600,1.0,,
9VA7:A:501,9VA7,IHP_A_501,IHP,A,501,,36,6,InsP6,-39.31166638268365,-26.29341681798299,-75.96230549282498,2.23,X-RAY DIFFRACTION,2026-01-21T00:00:00Z,G:9VA7,G:5KLP,A0AAN5PJ36,semi_cryptic,0.1401481788043576,60,1,False,1.0,False,False,,False,False,O[P](O)(=O)O[C@@H]1[C@H](O[P](O)(O)=O)[C@H](O[P](O)(O)=O)[C@@H](O[P](O)(O)=O)[C@H](O[P](O)(O)=O)[C@H]1O[P](O)(O)=O,SMILES_CANONICAL/CACTVS,36.0,True,True,eligible,True,True,,4.241956980808699,-8.106,1.6828242317709574,-8.215,1.0976650407026078,-8.993,3.0,0.6666666666666666,0.0,0.6666666666666666,0.6666666666666666,0.6666666666666666,0.29455079300887405,0.48372409491361934,0.0,-8.797,0.6061318545507112,sampling,"{""HID"": 53, ""HIP"": 16, ""HIE"": 11}",,0.0,0.0,0.0,,-6.235,False,False,,0.0,3.488809802166083,-6.102,5.730387037922045,A0AAN5PJ36,0.9975308641975309,,
1H0A:A:1164,1H0A,I3P_A_1164,I3P,A,1164,,24,3,InsP3,23.29937505722046,33.99116659164429,4.232625002662341,1.7,X-RAY DIFFRACTION,2002-10-03T00:00:00Z,G:1H0A,G:1H0A,O88339,surface,0.3560189693007196,36,1,False,1.0,False,False,,False,True,O[C@@H]1[C@H](O)[C@@H](O[P](O)(O)=O)[C@H](O[P](O)(O)=O)[C@@H](O)[C@@H]1O[P](O)(O)=O,SMILES_CANONICAL/CACTVS,24.0,True,True,eligible,True,True,,5.911059903227854,-7.025,5.89809259551037,-6.994,5.328065700054923,-7.205,3.0,0.0,0.0,0.0,0.0,0.0,-0.09523809523809525,0.1139312658287151,1.0,-5.641,0.2519471764060081,scoring,"{""HIE"": 1, ""HID"": 3}",,0.0,1.0,0.0,,-5.754,False,False,,0.0,6.645843316043915,-6.236,0.6074059145159552,O88339,1.0,,
1W2D:A:1463,1W2D,4IP_A_1463,4IP,A,1463,,28,4,InsP4,11.906000035149711,28.71303571973528,84.90960666111538,1.94,X-RAY DIFFRACTION,2004-09-09T00:00:00Z,G:1W2C,G:1W2C,P23677,surface,0.3626570847937182,27,1,False,1.0,False,True,MN,False,False,O[C@H]1[C@@H](O[P](O)(O)=O)[C@H](O)[C@@H](O[P](O)(O)=O)[C@H](O[P](O)(O)=O)[C@H]1O[P](O)(O)=O,SMILES_CANONICAL/CACTVS,28.0,True,True,eligible,True,True,,5.998881189960044,-5.402,7.07215315909818,-5.446,4.978206239551986,-5.486,3.0,0.0,0.0,0.0,0.3333333333333333,0.0,0.1617149418612179,0.04201587001756976,1.0,-4.685,0.4993942013514429,scoring,"{""HID"": 9, ""HIP"": 3, ""HIE"": 1}",,0.0,0.0,0.0,0.3333333333333333,-5.76,False,True,,0.0,6.173618477590042,-7.109,0.3662960115464359,P23677,1.0,,
2R0D:A:402,2R0D,4IP_A_402,4IP,A,402,,28,4,InsP4,-4.259535759687424,8.652607134410314,-25.944964272635325,2.04,X-RAY DIFFRACTION,2007-12-04T00:00:00Z,G:1FAO,G:1B55,O08967,semi_cryptic,0.192021285600126,58,1,False,1.0,False,False,,False,True,O[C@H]1[C@@H](O[P](O)(O)=O)[C@H](O)[C@@H](O[P](O)(O)=O)[C@H](O[P](O)(O)=O)[C@H]1O[P](O)(O)=O,SMILES_CANONICAL/CACTVS,28.0,True,True,eligible,True,True,,5.229216337653919,-7.326,5.341602011156146,-6.65,5.578505821297294,-7.167,3.0,0.0,0.0,0.0,0.3333333333333333,0.0,0.33934837092731823,0.3534463655681482,1.0,-7.647,0.438751677123108,sampling,"{""HID"": 21, ""HIE"": 3}",,1.0,1.0,0.0,,-7.156,False,False,,0.0,3.666250233156156,-6.67,0.2250949697518013,O08967,0.9766763848396501,,
3HXN:D:149,3HXN,IHP_D_149,IHP,D,149,,36,6,InsP6,15.45488879415724,-19.591166655222576,19.80236106448704,2.0,X-RAY DIFFRACTION,2010-06-30T00:00:00Z,G:1NIH,G:1NIH,P68871;P69905,surface,0.5779491444780215,20,2,True,1.0,False,False,,False,True,O[P](O)(=O)O[C@@H]1[C@H](O[P](O)(O)=O)[C@H](O[P](O)(O)=O)[C@@H](O[P](O)(O)=O)[C@H](O[P](O)(O)=O)[C@H]1O[P](O)(O)=O,SMILES_CANONICAL/CACTVS,36.0,True,True,eligible,True,True,,13.595593918941121,-6.322,13.367009471148922,-5.766,13.119286014924754,-6.012,3.0,0.0,0.0,0.0,0.0,0.0,-0.2676691729323308,0.2786132325165719,1.0,-3.036,3.0617062932069077,scoring,"{""HID"": 31, ""HIP"": 2, ""HIE"": 5}",,0.0,0.0,0.0,,-4.044,False,False,,0.0,6.814107417362582,-4.073,0.5849624467839488,P68871,1.0,,
4AXF:A:900,4AXF,4MY_A_900,4MY,A,900,,28,4,InsP4,-19.088107109069824,-12.073607121195112,-9.23585718018668,2.93,X-RAY DIFFRACTION,2012-07-04T00:00:00Z,G:2XAL,G:2XAL,Q93YN9,semi_cryptic,0.2105948972034951,43,1,False,1.0,False,False,,False,False,O[C@@H]1[C@H](O)[C@H](O[P](O)(O)=O)[C@@H](O[P](O)(O)=O)[C@H](O[P](O)(O)=O)[C@H]1O[P](O)(O)=O,SMILES_CANONICAL/CACTVS,28.0,True,True,eligible,True,True,,4.406936822804561,-6.362,5.823523950772404,-6.559,5.819872323797963,-6.553,3.0,0.0,0.0,0.0,0.0,0.0,-0.41537176274018384,0.11204612145600279,1.0,-5.225,0.3176456421289994,scoring,"{""HID"": 8, ""HIP"": 1}",,0.0,1.0,0.0,,-5.088,True,True,,0.0,5.913225185740003,-6.594,0.41859750379899524,Q93YN9,0.9829268292682927,,
5CVH:A:402,5CVH,IHP_A_402,IHP,A,402,,36,6,InsP6,8.808194491598341,137.1147499084473,332.60589175754126,1.85,X-RAY DIFFRACTION,2016-07-27T00:00:00Z,G:3W8L,G:1B55,P68400,surface,0.7806171230689638,10,1,False,0.5,True,False,,False,True,O[P](O)(=O)O[C@@H]1[C@H](O[P](O)(O)=O)[C@H](O[P](O)(O)=O)[C@@H](O[P](O)(O)=O)[C@H](O[P](O)(O)=O)[C@H]1O[P](O)(O)=O,SMILES_CANONICAL/CACTVS,36.0,True,True,eligible,True,True,,10.158257513318578,-5.085,9.580303582687456,-5.429,10.355454815397806,-5.088,3.0,0.0,0.0,0.0,0.0,0.0,-0.2308671339826933,0.19774815633358858,1.0,-2.909,3.36445410994906,scoring,"{""HID"": 19, ""HIE"": 11, ""HIP"": 2}",,0.0,0.0,0.0,,-5.637,False,False,,0.0,9.343671821702397,-5.124,0.17150471446227272,P68400,0.9969418960244648,,
5MPJ:A:402,5MPJ,IHP_A_402,IHP,A,402,,36,6,InsP6,9.769361111852858,137.7210833231608,334.29849921332465,2.14,X-RAY DIFFRACTION,2017-05-24T00:00:00Z,G:3W8L,G:1B55,P68400,surface,0.6958159274499551,17,1,False,0.5,True,False,,False,True,O[P](O)(=O)O[C@@H]1[C@H](O[P](O)(O)=O)[C@H](O[P](O)(O)=O)[C@@H](O[P](O)(O)=O)[C@H](O[P](O)(O)=O)[C@H]1O[P](O)(O)=O,SMILES_CANONICAL/CACTVS,36.0,True,True,eligible,True,True,,7.742787075238537,-4.867,8.206643550306143,-5.201,8.278765118781086,-5.412,3.0,0.0,0.0,0.0,0.0,0.0,0.2333809415411634,0.27480356620684526,1.0,-2.285,1.9794153516391026,scoring,"{""HID"": 18, ""HIE"": 14}",,0.0,0.0,0.0,,-5.765,False,False,,0.0,8.154892478737205,-5.156,0.20268147966206973,P68400,0.9969325153374233,,
7AUI:A:201,7AUI,IHP_A_201,IHP,A,201,,36,6,InsP6,7.605972230434418,-17.486250135633682,2.378000002457864,1.98,X-RAY DIFFRACTION,2021-05-19T00:00:00Z,G:2FVV,G:2FVV,Q99321,surface,0.3812203607110178,42,1,False,1.0,False,False,,False,False,O[P](O)(=O)O[C@@H]1[C@H](O[P](O)(O)=O)[C@H](O[P](O)(O)=O)[C@@H](O[P](O)(O)=O)[C@H](O[P](O)(O)=O)[C@H]1O[P](O)(O)=O,SMILES_CANONICAL/CACTVS,36.0,True,True,eligible,True,True,,2.884281947092427,-6.775,3.8994112118022666,-6.975,1.9259860075677206,-7.321,3.0,0.3333333333333333,0.0,0.6666666666666666,0.6666666666666666,0.3333333333333333,0.029573934837092725,0.27623420015148953,0.0,-5.784,0.6132849375774888,scoring,"{""HID"": 3, ""HIP"": 1, ""HIE"": 1}",,0.0,0.0,0.0,,-6.823,True,True,,0.0,2.1854958123095183,-7.762,0.6922940059036299,Q99321,1.0,,
7MOF:A:501,7MOF,ZKS_A_501,ZKS,A,501,,40,7,InsP7,83.37547512054444,92.80387477874756,86.37700042724609,1.95,X-RAY DIFFRACTION,2022-03-02T00:00:00Z,G:7MOF,G:3MMJ,Q9ZVN4,surface,0.3355178857410801,61,1,False,1.0,False,False,,False,True,O[P](O)(=O)O[C@H]1[C@@H](O[P](O)(O)=O)[C@@H](O[P](O)(O)=O)[C@H](O[P](O)(=O)O[P](O)(O)=O)[C@@H](O[P](O)(O)=O)[C@@H]1O[P](O)(O)=O,SMILES_CANONICAL/CACTVS,40.0,True,True,eligible,True,True,,5.5881339540687325,-6.002,3.509415846526177,-6.289,3.0845775858890723,-6.11,3.0,0.0,0.0,0.0,0.0,0.0,0.25842097249983825,0.14495631525854025,1.0,-6.419,0.3525073362670229,sampling,"{""HID"": 6, ""HIE"": 4}",,1.0,0.0,0.0,,-5.85,True,True,,0.0,2.868715930190114,-4.897,0.5705056202926604,Q9ZVN4,0.9935064935064936,,
7T3P:A:2702,7T3P,I3P_A_2702,I3P,A,2702,,24,3,InsP3,139.61204210917154,183.80570793151853,157.06249872843424,3.2,ELECTRON MICROSCOPY,2022-03-23T00:00:00Z,G:1N4K,G:1B55,Q14573,surface,0.2733021854163609,40,1,False,1.0,False,False,,False,,O[C@@H]1[C@H](O)[C@@H](O[P](O)(O)=O)[C@H](O[P](O)(O)=O)[C@@H](O)[C@@H]1O[P](O)(O)=O,SMILES_CANONICAL/CACTVS,24.0,True,True,eligible,True,True,"ReceptorError: PDB2PQR outputs disagree: 133912 atoms, 133532 charges",,,,,,,,,,,,,,,,,,,,"ReceptorError: PDB2PQR outputs disagree: 133912 atoms, 133532 charges",,,,,,,,,0.0,7.512319958956076,-6.164,2.1531244573553883,Q14573,0.9908034849951597,"ReceptorError: PDB2PQR outputs disagree: 133912 atoms, 133532 charges",
8EAR:A:2803,8EAR,I3P_A_2803,I3P,A,2803,,24,3,InsP3,162.16374969482422,238.6087907155355,133.77299880981445,3.5,ELECTRON MICROSCOPY,2022-11-23T00:00:00Z,G:1N4K,G:1B55,P29994,surface,0.4150747685737397,27,1,False,1.0,False,False,,False,,O[C@@H]1[C@H](O)[C@@H](O[P](O)(O)=O)[C@H](O[P](O)(O)=O)[C@@H](O)[C@@H]1O[P](O)(O)=O,SMILES_CANONICAL/CACTVS,24.0,True,True,eligible,True,True,,7.669445722350208,-6.803,7.688031802707136,-6.319,7.561354871803564,-6.355,3.0,0.0,0.0,0.0,0.0,0.0,-0.11614381700671039,0.2696466824074297,1.0,-4.217,0.9493676407310903,scoring,"{""HID"": 222, ""HIE"": 42, ""HIP"": 4}",,0.0,0.0,0.0,,,,,no AlphaFold model for the entry's accessions,,,,,,,RuntimeError: fpocket exceeded 2700 s,
9ITG:A:802,9ITG,IHP_A_802,IHP,A,802,,36,6,InsP6,164.3438343471951,144.4401397705078,114.2749998304579,3.03,ELECTRON MICROSCOPY,2025-04-02T00:00:00Z,G:5IJJ,G:5IJJ,Q9UBH6,surface,0.3368428841966912,34,2,True,1.0,False,False,,False,,O[P](O)(=O)O[C@@H]1[C@H](O[P](O)(O)=O)[C@H](O[P](O)(O)=O)[C@@H](O[P](O)(O)=O)[C@H](O[P](O)(O)=O)[C@H]1O[P](O)(O)=O,SMILES_CANONICAL/CACTVS,36.0,True,True,eligible,True,True,,4.403465510096572,-6.268,2.8252691938316183,-6.379,2.0885405529396626,-6.254,3.0,0.0,0.0,0.6666666666666666,0.3333333333333333,0.0,0.3819922406747082,0.06848600830339965,1.0,-4.862,0.9392192261765072,scoring,"{""HID"": 30, ""HIE"": 2}",,0.0,0.0,0.0,,-6.145,False,True,,0.0,4.189264011253158,-5.05,1.4395076591389604,Q9UBH6,0.9966887417218543,,
9RSS:A:2501,9RSS,IHP_A_2501,IHP,A,2501,,36,6,InsP6,224.00441614786783,266.724720425076,258.4751370747884,3.01,ELECTRON MICROSCOPY,2026-05-06T00:00:00Z,G:6ZWM,G:1B55,P32600;P40061;P41318;P47041;Q04749;Q08236,surface,0.4346648058079713,39,1,False,1.0,False,False,,False,,O[P](O)(=O)O[C@@H]1[C@H](O[P](O)(O)=O)[C@H](O[P](O)(O)=O)[C@@H](O[P](O)(O)=O)[C@H](O[P](O)(O)=O)[C@H]1O[P](O)(O)=O,SMILES_CANONICAL/CACTVS,36.0,True,True,eligible,True,True,,3.8580485212596867,-6.634,3.6622331719260406,-6.056,15.442247728068548,-6.049,3.0,0.0,0.0,0.0,0.3333333333333333,0.0,0.3441037708053809,0.33574742490945986,1.0,-5.095,0.29839708604303156,scoring,"{""HID"": 190, ""HIE"": 32, ""HIP"": 4}",,0.0,0.0,0.0,,-6.022,False,False,,0.0,12.480068823843164,-5.707,0.8176475980686536,P32600,1.0,,
1H10:A:1118,1H10,4IP_A_1118,4IP,A,1118,,28,4,InsP4,15.265285764421735,24.585285799843923,15.779250008719307,1.4,X-RAY DIFFRACTION,2003-06-27T00:00:00Z,G:1FAO,G:1B55,P31749,surface,0.3709073297722661,50,1,False,1.0,False,False,,False,True,O[C@H]1[C@@H](O[P](O)(O)=O)[C@H](O)[C@@H](O[P](O)(O)=O)[C@H](O[P](O)(O)=O)[C@H]1O[P](O)(O)=O,SMILES_CANONICAL/CACTVS,28.0,True,True,eligible,True,True,,0.9269887113661345,-6.341,6.081164108130864,-5.484,12.615695658344256,-5.668,3.0,0.3333333333333333,0.3333333333333333,0.3333333333333333,0.6666666666666666,0.3333333333333333,0.11929824561403507,0.45115296740684313,0.0,-6.691,0.5168668841759041,,"{""HID"": 2}",,1.0,1.0,1.0,,-5.049,True,True,,0.0,9.815746923350677,-5.479,0.8897455550731329,P31749,0.9827586206896551,,
1Z2P:X:500,1Z2P,I3S_X_500,I3S,X,500,,24,3,InsP3,23.22899993260701,-7.446791638930638,11.179291784763336,1.22,X-RAY DIFFRACTION,2005-04-19T00:00:00Z,G:1Z2P,G:1Z2P,Q9XYQ1,semi_cryptic,0.2490042724411745,40,1,False,1.0,False,False,,False,False,O[C@@H]1[C@@H](O)[C@H](O[P](O)(O)=O)[C@@H](O[P](O)(O)=O)[C@@H](O)[C@H]1O[P](O)(O)=O,SMILES_CANONICAL/CACTVS,24.0,True,True,eligible,True,True,,7.262921108889201,-7.028,6.867351461696919,-6.676,7.08117134859203,-6.52,3.0,0.0,0.0,0.0,1.0,0.0,-0.12605865802342603,0.260225543199228,1.0,-5.718,0.38782991978224807,scoring,"{""HID"": 9, ""HIP"": 1}",,0.0,0.0,0.0,,-4.677,False,True,,0.0,8.133618871675928,-6.572,0.7445484050490904,Q9XYQ1,1.0,,
2UZS:A:1118,2UZS,4IP_A_1118,4IP,A,1118,,28,4,InsP4,14.010107176644462,9.876892856189183,14.964071307863508,2.46,X-RAY DIFFRACTION,2007-07-17T00:00:00Z,G:1FAO,G:1B55,P31749,surface,0.3776566988825256,51,1,False,1.0,False,False,,False,True,O[C@H]1[C@@H](O[P](O)(O)=O)[C@H](O)[C@@H](O[P](O)(O)=O)[C@H](O[P](O)(O)=O)[C@H]1O[P](O)(O)=O,SMILES_CANONICAL/CACTVS,28.0,True,True,eligible,True,True,"ReceptorError: pdb2pqr failed:   File ""/usr/share/miniconda/envs/test/lib/python3.11/site-packages/pdb2pqr/main.py"", line 802, in main_driver |     raise RuntimeError from err | RuntimeError",,,,,,,,,,,,,,,,,,,,"ReceptorError: pdb2pqr failed:   File ""/usr/share/miniconda/envs/test/lib/python3.11/site-packages/pdb2pqr/main.py"", line 802, in main_driver |     raise RuntimeError from err | RuntimeError",,,,,,,,,0.0,12.363482639973022,-5.753,0.7030199349715647,P31749,0.9913793103448276,"ReceptorError: pdb2pqr failed:   File ""/usr/share/miniconda/envs/test/lib/python3.11/site-packages/pdb2pqr/main.py"", line 802, in main_driver |     raise RuntimeError from err | RuntimeError",
3IKP:B:405,3IKP,IPD_B_405,IPD,B,405,,16,1,InsP1,28.149937391281128,18.93649995326996,-24.78831255435944,1.75,X-RAY DIFFRACTION,2009-11-17T00:00:00Z,G:2ORK,G:2ORK,P35247,surface,0.5350304287013241,22,1,False,1.0,False,True,CA,False,False,O[C@@H]1[C@@H](O)[C@@H](O)[C@@H](O[P]([O-])([O-])=O)[C@H](O)[C@H]1O,SMILES_CANONICAL/CACTVS,16.0,True,True,eligible,True,True,,4.983201862773435,-5.061,4.353878741101402,-4.93,3.278437477302851,-5.479,3.0,0.0,0.0,0.0,1.0,0.0,0.25214352412957836,0.2867304192675298,1.0,-3.736,0.498720544334379,scoring,"{""HID"": 3}",,0.0,0.0,0.0,0.0,-7.42,False,False,,0.0,11.243935306221664,-4.74,0.15689787670201044,P35247,1.0,,
4HNW:A:901,4HNW,IHP_A_901,IHP,A,901,,36,6,InsP6,58.48908318413629,-19.705749935574,11.633083356751335,2.8,X-RAY DIFFRACTION,2014-03-26T00:00:00Z,G:3PEU,G:1B55,P07347;P12945,surface,0.2599374388973215,41,2,True,1.0,False,False,,False,False,O[P](O)(=O)O[C@@H]1[C@H](O[P](O)(O)=O)[C@H](O[P](O)(O)=O)[C@@H](O[P](O)(O)=O)[C@H](O[P](O)(O)=O)[C@H]1O[P](O)(O)=O,SMILES_CANONICAL/CACTVS,36.0,True,True,eligible,True,True,,2.7783430393058506,-6.822,3.295084051495342,-7.427,4.191835852297204,-7.178,3.0,0.0,0.0,0.3333333333333333,0.6666666666666666,0.0,0.46015037593984953,0.3040729079239602,1.0,-6.024,0.6191853760090076,scoring,"{""HID"": 14, ""HIE"": 4}",,0.0,0.0,0.0,,-7.037,True,False,,0.0,5.2023133417396314,-5.432,0.3814712590394403,P12945,1.0,,
5MW8:A:502,5MW8,5MY_A_502,5MY,A,502,,32,5,InsP5,3.030093754641712,9.07518756389618,8.259156242012978,2.4,X-RAY DIFFRACTION,2017-05-10T00:00:00Z,G:2XAL,G:2XAL,Q6P1C1,semi_cryptic,0.1423392663943228,44,1,False,1.0,False,True,MG,False,False,O[C@H]1[C@@H](O[P](O)(O)=O)[C@H](O[P](O)(O)=O)[C@@H](O[P](O)(O)=O)[C@H](O[P](O)(O)=O)[C@H]1O[P](O)(O)=O,SMILES_CANONICAL/CACTVS,32.0,True,True,eligible,True,True,,2.1270304594627567,-6.717,4.782321173449735,-6.106,5.092280328525668,-6.274,3.0,0.0,0.0,0.3333333333333333,0.0,0.0,0.3228070175438596,0.3156458986480471,1.0,-6.423,0.4834984539743109,scoring,"{""HID"": 12, ""HIE"": 3}",,0.0,0.0,0.0,0.0,-5.044,True,True,,0.0,7.566316132249342,-6.847,0.8997274254507203,Q6P1C1,1.0,,
7AUU:A:201,7AUU,IHP_A_201,IHP,A,201,,36,6,InsP6,7.867472204897139,-16.61477777693007,3.3550833633376493,2.45,X-RAY DIFFRACTION,2021-05-19T00:00:00Z,G:2FVV,G:2FVV,Q99321,surface,0.4066896246447651,36,1,False,1.0,False,True,MG,False,False,O[P](O)(=O)O[C@@H]1[C@H](O[P](O)(O)=O)[C@H](O[P](O)(O)=O)[C@@H](O[P](O)(O)=O)[C@H](O[P](O)(O)=O)[C@H]1O[P](O)(O)=O,SMILES_CANONICAL/CACTVS,36.0,True,True,eligible,True,True,,3.277885875960604,-6.812,3.108833282464074,-6.614,1.7906193532868182,-7.019,3.0,0.3333333333333333,0.0,0.3333333333333333,0.3333333333333333,0.3333333333333333,0.13433583959899748,0.2025166659808522,0.0,-5.256,0.7337408858129374,scoring,"{""HID"": 4}",,0.0,0.0,0.0,0.3333333333333333,-6.371,True,True,,0.0,2.3714014245629813,-7.862,0.4540486511228522,Q99321,0.9791666666666666,,
7MOR:A:501,7MOR,5A3_A_501,5A3,A,501,,40,7,InsP7,110.58737545013427,43.71727523803711,-11.43612506389618,2.8,X-RAY DIFFRACTION,2021-10-13T00:00:00Z,G:1ZSH,G:1ZSH,P08168,surface,0.5700847802407836,26,1,False,0.75,True,False,,False,False,O[P](O)(=O)C[P](O)(=O)O[C@@H]1[C@@H](O[P](O)(O)=O)[C@H](O[P](O)(O)=O)[C@H](O[P](O)(O)=O)[C@H](O[P](O)(O)=O)[C@H]1O[P](O)(O)=O,SMILES_CANONICAL/CACTVS,40.0,True,True,eligible,True,True,,7.798295862887387,-5.416,8.526950425552391,-5.292,6.835858671038163,-5.709,3.0,0.0,0.0,0.0,0.0,0.0,0.05566643711123361,0.21413157948638323,1.0,-3.568,0.7703902644027535,scoring,"{""HID"": 17, ""HIE"": 10}",,0.0,0.0,0.0,,-5.296,False,False,,0.0,9.485675881717285,-6.336,0.3466523266669486,P08168,1.0,,
7T3Q:A:2702,7T3Q,I3P_A_2702,I3P,A,2702,,24,3,InsP3,139.44829177856445,184.76445897420248,158.1561247507731,3.3,ELECTRON MICROSCOPY,2022-03-23T00:00:00Z,G:1N4K,G:1B55,Q14573,surface,0.3009412683821683,45,1,False,1.0,False,False,,False,,O[C@@H]1[C@H](O)[C@@H](O[P](O)(O)=O)[C@H](O[P](O)(O)=O)[C@@H](O)[C@@H]1O[P](O)(O)=O,SMILES_CANONICAL/CACTVS,24.0,True,True,eligible,True,True,"ReceptorError: PDB2PQR outputs disagree: 136188 atoms, 135808 charges",,,,,,,,,,,,,,,,,,,,"ReceptorError: PDB2PQR outputs disagree: 136188 atoms, 135808 charges",,,,,,,,,0.0,7.540918294969466,-6.114,2.1380633384507433,Q14573,0.9909652876842606,"ReceptorError: PDB2PQR outputs disagree: 136188 atoms, 135808 charges",
8VPQ:D:701,8VPQ,IHP_D_701,IHP,D,701,,36,6,InsP6,165.270139058431,152.60144339667426,119.90127838982475,3.3,ELECTRON MICROSCOPY,2024-11-27T00:00:00Z,G:5ICN,G:1B55,Q13547;Q9NVX7;Q9UKL0,surface,0.3779704808391558,35,3,True,1.0,False,False,,False,,O[P](O)(=O)O[C@@H]1[C@H](O[P](O)(O)=O)[C@H](O[P](O)(O)=O)[C@@H](O[P](O)(O)=O)[C@H](O[P](O)(O)=O)[C@H]1O[P](O)(O)=O,SMILES_CANONICAL/CACTVS,36.0,True,True,eligible,True,True,,3.9529655330606963,-7.525,3.869556431545195,-6.98,3.1997453516604284,-6.547,3.0,0.0,0.0,0.0,0.0,0.0,-0.01102756892230578,0.490067682400435,1.0,-4.976,0.4524330293102007,scoring,"{""HIE"": 12, ""HID"": 39, ""HIP"": 3}",,0.0,0.0,0.0,,-3.554,False,False,,0.0,6.743852466882204,-4.921,0.35983539533619985,Q13547,1.0,,
1HG2:A:1282,1HG2,IP2_A_1282,IP2,A,1282,,20,2,InsP2,41.77109985351562,66.72385025024414,39.37445011138916,2.0,X-RAY DIFFRACTION,2001-02-12T00:00:00Z,G:1HG2,G:1HG2,O55012,surface,0.6872484812936668,12,1,False,0.5,True,False,,True,False,O[C@@H]1[C@H](O)[C@H](O)[C@@H](O[P](O)(O)=O)[C@H](O[P](O)(O)=O)[C@H]1O,SMILES_CANONICAL/CACTVS,20.0,True,True,eligible,True,True,,9.708618381366367,-4.598,9.493267137986848,-4.534,9.792558618409846,-4.734,3.0,0.0,0.0,0.0,0.0,0.0,-0.1852444257165178,0.10213716267842972,1.0,-1.584,0.6728337301587216,scoring,"{""HID"": 4, ""HIE"": 1}",,0.0,0.0,0.0,,-5.138,False,False,,0.0,11.097160718146624,-4.378,0.08195190842601771,O55012,1.0,,
1ZSH:A:601,1ZSH,IHP_A_601,IHP,A,601,,36,6,InsP6,-22.00830544365777,57.87272209591336,3.298861102097564,2.9,X-RAY DIFFRACTION,2006-01-31T00:00:00Z,G:1ZSH,G:1ZSH,P17870,surface,0.6165810150060841,18,1,False,1.0,False,False,,False,True,O[P](O)(=O)O[C@@H]1[C@H](O[P](O)(O)=O)[C@H](O[P](O)(O)=O)[C@@H](O[P](O)(O)=O)[C@H](O[P](O)(O)=O)[C@H]1O[P](O)(O)=O,SMILES_CANONICAL/CACTVS,36.0,True,True,eligible,True,True,,8.959732344342383,-4.775,12.148478679730783,-4.781,11.876157141247585,-4.747,3.0,0.0,0.0,0.0,0.0,0.0,-0.13382214234055437,0.01814754345175496,1.0,-2.475,4.025831747679841,scoring,"{""HID"": 7, ""HIE"": 1}",,0.0,0.0,0.0,,-5.624,False,False,,0.0,9.994335930464562,-4.678,0.491977028481014,P17870,1.0,,
2VGL:A:1609,2VGL,IHP_A_1609,IHP,A,1609,,36,6,InsP6,95.69294442070856,51.91211075252957,-22.81574985716078,2.6,X-RAY DIFFRACTION,2007-12-25T00:00:00Z,G:2VGL,G:1B55,P18484;P62743;P63010;P84092,surface,0.5829541068068007,28,1,False,1.0,False,False,,False,True,O[P](O)(=O)O[C@@H]1[C@H](O[P](O)(O)=O)[C@H](O[P](O)(O)=O)[C@@H](O[P](O)(O)=O)[C@H](O[P](O)(O)=O)[C@H]1O[P](O)(O)=O,SMILES_CANONICAL/CACTVS,36.0,True,True,eligible,True,True,,3.1689957436229568,-5.3,6.247586491326739,-4.99,6.11455595684029,-4.848,3.0,0.0,0.0,0.0,0.0,0.0,0.10275689223057644,0.23114497615133228,1.0,-3.791,3.614587149593579,scoring,"{""HID"": 19, ""HIE"": 9, ""HIP"": 2}",,0.0,0.0,0.0,,-5.861,False,False,,0.0,5.807875171327679,-4.943,0.5105968478004007,P18484,1.0,,
3MMJ:A:1900,3MMJ,IHP_A_1900,IHP,A,1900,,36,6,InsP6,-4.363527764876683,-5.426222213440472,14.534722328186035,1.6,X-RAY DIFFRACTION,2011-06-15T00:00:00Z,G:3MMJ,G:3MMJ,Q7WUJ1,semi_cryptic,0.2256432087595123,60,1,False,0.75,True,False,,True,False,O[P](O)(=O)O[C@@H]1[C@H](O[P](O)(O)=O)[C@H](O[P](O)(O)=O)[C@@H](O[P](O)(O)=O)[C@H](O[P](O)(O)=O)[C@H]1O[P](O)(O)=O,SMILES_CANONICAL/CACTVS,36.0,True,True,eligible,True,True,,2.4826000119146725,-7.26,2.1437693756194647,-7.047,1.177054335379186,-6.845,3.0,0.3333333333333333,0.0,1.0,0.3333333333333333,0.3333333333333333,0.47769423558897234,0.20752429576638332,0.0,-7.019,0.9638076978334006,scoring,"{""HID"": 21, ""HIP"": 3, ""HIE"": 2}",,0.0,0.0,0.0,,-4.967,True,True,,0.0,9.754202660479462,-5.815,0.18841658376054168,Q7WUJ1,0.9968152866242038,,
4KAX:B:1101,4KAX,4IP_B_1101,4IP,B,1101,,28,4,InsP4,27.8788572038923,3.735107164297785,45.67117854527065,1.85,X-RAY DIFFRACTION,2013-08-14T00:00:00Z,G:1FAO,G:1B55,O43739;P62330,semi_cryptic,0.2284365325656095,57,1,False,1.0,False,False,,False,False,O[C@H]1[C@@H](O[P](O)(O)=O)[C@H](O)[C@@H](O[P](O)(O)=O)[C@H](O[P](O)(O)=O)[C@H]1O[P](O)(O)=O,SMILES_CANONICAL/CACTVS,28.0,True,True,eligible,True,True,,1.0059743596606978,-7.585,2.9167317971027416,-6.584,2.6227251476948856,-6.368,3.0,0.3333333333333333,0.0,1.0,0.3333333333333333,0.3333333333333333,0.45162907268170427,0.6493260608764546,0.0,-7.065,0.302827873382795,,"{""HID"": 4, ""HIE"": 2}",,1.0,1.0,0.0,,-6.401,False,False,,0.0,5.215969676332922,-7.104,1.3957242263478327,O43739,1.0,,
5MWL:A:502,5MWL,5MY_A_502,5MY,A,502,,32,5,InsP5,78.72125053405762,4.154125042026863,27.95262491703033,3.2,X-RAY DIFFRACTION,2017-05-10T00:00:00Z,G:2XAL,G:2XAL,Q6P1C1,semi_cryptic,0.1914812885676992,45,1,False,1.0,False,True,MG,False,False,O[C@H]1[C@@H](O[P](O)(O)=O)[C@H](O[P](O)(O)=O)[C@@H](O[P](O)(O)=O)[C@H](O[P](O)(O)=O)[C@H]1O[P](O)(O)=O,SMILES_CANONICAL/CACTVS,32.0,True,True,eligible,True,True,,11.324051798097903,-7.551,11.807432117069773,-7.531,11.114024971841266,-7.211,3.0,0.0,0.0,0.0,0.0,0.0,-0.18727922873036948,0.1907878402833889,1.0,-6.062,1.1572920617511895,scoring,"{""HID"": 28, ""HIE"": 4}",,0.0,0.0,0.0,0.0,-5.047,False,True,,0.0,6.490731974506211,-7.17,0.880364866814693,Q6P1C1,1.0,,
6BHT:C:301,6BHT,IHP_C_301,IHP,C,301,,36,6,InsP6,-19.26844440566169,-53.40661154852973,-22.11474985546536,2.69,X-RAY DIFFRACTION,2018-08-01T00:00:00Z,G:30OE,G:30OE,P12493,surface,0.6522085817701324,13,5,True,1.0,False,False,,False,False,O[P](O)(=O)O[C@@H]1[C@H](O[P](O)(O)=O)[C@H](O[P](O)(O)=O)[C@@H](O[P](O)(O)=O)[C@H](O[P](O)(O)=O)[C@H]1O[P](O)(O)=O,SMILES_CANONICAL/CACTVS,36.0,True,True,eligible,True,True,,7.944776839310973,-6.135,13.291427990948845,-6.311,11.844064980907525,-6.207,3.0,0.0,0.0,0.0,0.0,0.0,-0.22035609052919672,0.08848352012286438,1.0,-4.011,3.1587553067907352,scoring,"{""HID"": 53, ""HIE"": 2}",,0.0,0.0,0.0,,-6.537,False,True,no AlphaFold model for the entry's accessions,,,,,,,,
7T3R:A:2702,7T3R,I3P_A_2702,I3P,A,2702,,24,3,InsP3,139.53787485758463,184.0333735148112,157.57475090026855,3.4,ELECTRON MICROSCOPY,2022-03-23T00:00:00Z,G:1N4K,G:1B55,Q14573,surface,0.2804313512331199,40,1,False,1.0,False,False,,False,,O[C@@H]1[C@H](O)[C@@H](O[P](O)(O)=O)[C@H](O[P](O)(O)=O)[C@@H](O)[C@@H]1O[P](O)(O)=O,SMILES_CANONICAL/CACTVS,24.0,True,True,eligible,True,True,"ReceptorError: PDB2PQR outputs disagree: 137887 atoms, 137507 charges",,,,,,,,,,,,,,,,,,,,"ReceptorError: PDB2PQR outputs disagree: 137887 atoms, 137507 charges",,,,,,,,,0.0,7.614959254987525,-6.155,2.1303334053728222,Q14573,0.9910798122065728,"ReceptorError: PDB2PQR outputs disagree: 137887 atoms, 137507 charges",
8EET:A:402,8EET,IHP_A_402,IHP,A,402,,36,6,InsP6,187.4972784254286,228.32758331298828,253.69988886515296,3.1,ELECTRON MICROSCOPY,2023-02-15T00:00:00Z,G:30OE,G:30OE,P12493,surface,0.8079599305567018,12,1,False,0.01,True,False,,False,,O[P](O)(=O)O[C@@H]1[C@H](O[P](O)(O)=O)[C@H](O[P](O)(O)=O)[C@@H](O[P](O)(O)=O)[C@H](O[P](O)(O)=O)[C@H]1O[P](O)(O)=O,SMILES_CANONICAL/CACTVS,36.0,True,True,eligible,True,True,,6.848955046029678,-4.578,4.772005738166075,-4.83,6.1287598987847085,-4.472,3.0,0.0,0.0,0.0,0.0,0.0,0.30830800906856237,0.18389489751848273,1.0,-1.975,1.5049428151716113,scoring,"{""HIE"": 1, ""HID"": 4}",,0.0,0.0,0.0,,-4.893,False,False,no AlphaFold model for the entry's accessions,,,,,,,,
8VRT:D:701,8VRT,IHP_D_701,IHP,D,701,,36,6,InsP6,167.47836134168836,153.79911168416342,135.3181093004015,3.42,ELECTRON MICROSCOPY,2024-11-27T00:00:00Z,G:5ICN,G:1B55,Q13547;Q9NVX7;Q9UKL0,surface,0.2773544519312075,54,3,True,1.0,False,False,,False,,O[P](O)(=O)O[C@@H]1[C@H](O[P](O)(O)=O)[C@H](O[P](O)(O)=O)[C@@H](O[P](O)(O)=O)[C@H](O[P](O)(O)=O)[C@H]1O[P](O)(O)=O,SMILES_CANONICAL/CACTVS,36.0,True,True,eligible,True,True,,3.9919057887954463,-7.08,3.6299985452154377,-7.331,3.291536209657373,-7.09,3.0,0.0,0.0,0.0,0.0,0.0,0.3769459225801961,0.14211614968046407,1.0,-4.63,4.60856112123511,scoring,"{""HIE"": 16, ""HID"": 38, ""HIP"": 1}",,0.0,0.0,0.0,,-3.803,False,False,,0.0,6.684362680843344,-4.911,0.4087939150480895,Q13547,1.0,,
9S2F:A:3000,9S2F,IHP_A_3000,IHP,A,3000,,36,6,InsP6,291.01077609592016,233.5501395331489,218.49366082085504,3.14,ELECTRON MICROSCOPY,2026-07-29T00:00:00Z,G:3PEU,G:1B55,O43660;O60306;O60508;O75643;O75934;O95926;P14678;P41223;P62304;P62306;P62308;P62314;P62316;P62318;Q13573;Q15029;Q6P2Q9;Q8WUD4;Q96DI7;Q99459;Q9BRR8;Q9BRX9;Q9BZJ0;Q9H5Z1;Q9HCS7;Q9NW64;Q9P013;Q9ULR0;Q9UMS4;Q9UNP9;Q9Y3C6,surface,0.3985557351506607,36,1,False,1.0,False,False,,False,,O[P](O)(=O)O[C@@H]1[C@H](O[P](O)(O)=O)[C@H](O[P](O)(O)=O)[C@@H](O[P](O)(O)=O)[C@H](O[P](O)(O)=O)[C@H]1O[P](O)(O)=O,SMILES_CANONICAL/CACTVS,36.0,True,True,eligible,True,True,"ReceptorError: pdb2pqr failed:   File ""/usr/share/miniconda/envs/test/lib/python3.11/site-packages/pdb2pqr/main.py"", line 802, in main_driver |     raise RuntimeError from err | RuntimeError",,,,,,,,,,,,,,,,,,,,"ReceptorError: pdb2pqr failed:   File ""/usr/share/miniconda/envs/test/lib/python3.11/site-packages/pdb2pqr/main.py"", line 802, in main_driver |     raise RuntimeError from err | RuntimeError",,,,,,,,,0.0,12.95745539221916,-5.616,1.0410405199147021,Q6P2Q9,1.0,"ReceptorError: pdb2pqr failed:   File ""/usr/share/miniconda/envs/test/lib/python3.11/site-packages/pdb2pqr/main.py"", line 802, in main_driver |     raise RuntimeError from err | RuntimeError",
1IMA:A:279,1IMA,IPD_A_279,IPD,A,279,,16,1,InsP1,5.600187495350838,52.62250018119812,13.132375061511992,2.3,X-RAY DIFFRACTION,1995-02-27T00:00:00Z,G:1AWB,G:1AWB,P29218,semi_cryptic,0.1318676560118563,51,1,False,1.0,False,False,,False,False,O[C@@H]1[C@@H](O)[C@@H](O)[C@@H](O[P]([O-])([O-])=O)[C@H](O)[C@H]1O,SMILES_CANONICAL/CACTVS,16.0,True,True,eligible,True,True,"ReceptorError: pdb2pqr failed:   File ""/usr/share/miniconda/envs/test/lib/python3.11/site-packages/pdb2pqr/main.py"", line 802, in main_driver |     raise RuntimeError from err | RuntimeError",,,,,,,,,,,,,,,,,,,,"ReceptorError: pdb2pqr failed:   File ""/usr/share/miniconda/envs/test/lib/python3.11/site-packages/pdb2pqr/main.py"", line 802, in main_driver |     raise RuntimeError from err | RuntimeError",,,,,,,,,0.0,5.142789422326485,-7.401,0.3410495752131446,P29218,1.0,"ReceptorError: pdb2pqr failed:   File ""/usr/share/miniconda/envs/test/lib/python3.11/site-packages/pdb2pqr/main.py"", line 802, in main_driver |     raise RuntimeError from err | RuntimeError",
28MO:B:1101,28MO,IHP_B_1101,IHP,B,1101,,36,6,InsP6,134.42183346218533,131.0579982333713,116.8851392534044,3.01,ELECTRON MICROSCOPY,2026-09-23T00:00:00Z,G:28MJ,G:1B55,A0AVT1;P0CG47;Q9H832,surface,0.3815136389933392,26,2,True,1.0,False,False,,False,,O[P](O)(=O)O[C@@H]1[C@H](O[P](O)(O)=O)[C@H](O[P](O)(O)=O)[C@@H](O[P](O)(O)=O)[C@H](O[P](O)(O)=O)[C@H]1O[P](O)(O)=O,SMILES_CANONICAL/CACTVS,36.0,True,True,eligible,True,True,,9.37107276134441,-6.975,7.520485788567846,-6.63,9.297163496220492,-6.87,3.0,0.0,0.0,0.0,0.0,0.0,-0.5208020050125313,0.17684739183827386,1.0,-5.503,0.4188977040101187,scoring,"{""HID"": 33, ""HIE"": 5, ""HIP"": 1}",,0.0,0.0,0.0,,-5.724,False,False,,0.0,5.980818601899789,-5.759,0.6358326590544998,A0AVT1,0.9989949748743718,,
2XAN:A:500,2XAN,5MY_A_500,5MY,A,500,,32,5,InsP5,37.87421882152557,69.72315621376038,47.25409388542175,2.2,X-RAY DIFFRACTION,2010-05-19T00:00:00Z,G:2XAL,G:2XAL,Q93YN9,semi_cryptic,0.2030218936791261,48,1,False,1.0,False,False,,False,False,O[C@H]1[C@@H](O[P](O)(O)=O)[C@H](O[P](O)(O)=O)[C@@H](O[P](O)(O)=O)[C@H](O[P](O)(O)=O)[C@H]1O[P](O)(O)=O,SMILES_CANONICAL/CACTVS,32.0,True,True,eligible,True,True,,4.98617643246076,-6.629,5.729355325726715,-6.886,5.653683189138218,-6.561,3.0,0.0,0.0,0.0,0.3333333333333333,0.0,-0.22606516290726816,0.1714147018198849,1.0,-6.235,0.468223933417176,scoring,"{""HID"": 15, ""HIP"": 3}",,0.0,0.0,0.0,,-4.721,False,True,,0.0,4.000958483320273,-6.76,0.42131542289188345,Q93YN9,0.9879227053140096,,
3PA8:A:257,3PA8,IHP_A_257,IHP,A,257,,36,6,InsP6,32.1745277510749,10.77236114607917,25.9940832985772,2.0,X-RAY DIFFRACTION,2010-12-15T00:00:00Z,G:3HO6,G:3EEB,Q189K3,semi_cryptic,0.1716334590757594,48,1,False,1.0,False,True,CA,False,False,O[P](O)(=O)O[C@@H]1[C@H](O[P](O)(O)=O)[C@H](O[P](O)(O)=O)[C@@H](O[P](O)(O)=O)[C@H](O[P](O)(O)=O)[C@H]1O[P](O)(O)=O,SMILES_CANONICAL/CACTVS,36.0,True,True,eligible,True,True,,2.5312337806118674,-7.78,3.017518043785316,-7.559,2.9505889086799764,-7.121,3.0,0.0,0.0,0.6666666666666666,0.0,0.0,0.44974473045933133,0.3354017491506764,1.0,-7.305,0.4227153633237244,scoring,"{""HID"": 5, ""HIE"": 1}",,0.0,0.0,0.0,0.0,-4.212,True,True,no AlphaFold model for the entry's accessions,,,,,,,,
4O4D:A:403,4O4D,I3P_A_403,I3P,A,403,,24,3,InsP3,28.04483334223429,-13.978333274523417,20.85175013542176,2.1,X-RAY DIFFRACTION,2014-06-18T00:00:00Z,G:4O4D,G:1W2C,N9UNA8,surface,0.3520862308297562,23,1,False,1.0,False,False,,False,True,O[C@@H]1[C@H](O)[C@@H](O[P](O)(O)=O)[C@H](O[P](O)(O)=O)[C@@H](O)[C@@H]1O[P](O)(O)=O,SMILES_CANONICAL/CACTVS,24.0,True,True,eligible,True,True,,7.272410646480598,-6.265,6.278471683566418,-6.123,4.154607150700771,-5.918,3.0,0.0,0.0,0.0,0.0,0.0,-0.04812030075187971,0.1744505660638564,1.0,-3.411,0.5936533171570344,scoring,"{""HID"": 4, ""HIE"": 1}",,0.0,0.0,0.0,,-4.833,False,False,,0.0,4.04141790734583,-6.632,0.1742201566692979,N9UNA8,1.0,,
5ED1:A:801,5ED1,IHP_A_801,IHP,A,801,,36,6,InsP6,-7.169638885392083,-19.544472111596,40.35697227054172,2.77,X-RAY DIFFRACTION,2016-04-13T00:00:00Z,G:1ZY7,G:1ZY7,P78563,cryptic,0.1003215198359737,62,1,False,1.0,False,False,,False,False,O[P](O)(=O)O[C@@H]1[C@H](O[P](O)(O)=O)[C@H](O[P](O)(O)=O)[C@@H](O[P](O)(O)=O)[C@H](O[P](O)(O)=O)[C@H]1O[P](O)(O)=O,SMILES_CANONICAL/CACTVS,36.0,True,True,eligible,True,True,ReceptorError: pdb2pqr failed:     newcoords = hatom.coords |                 ^^^^^^^^^^^^ | AttributeError: 'NoneType' object has no attribute 'coords',,,,,,,,,,,,,,,,,,,,ReceptorError: pdb2pqr failed:     newcoords = hatom.coords |                 ^^^^^^^^^^^^ | AttributeError: 'NoneType' object has no attribute 'coords',,,,,,,,,0.0,2.94468916135467,-9.022,0.2995757203626651,P78563,0.9974747474747475,ReceptorError: pdb2pqr failed:     newcoords = hatom.coords |                 ^^^^^^^^^^^^ | AttributeError: 'NoneType' object has no attribute 'coords',
5OC7:D:902,5OC7,IP2_D_902,IP2,D,902,,20,2,InsP2,4.33190004825592,-49.38100051879883,92.5905502319336,1.65,X-RAY DIFFRACTION,2017-12-27T00:00:00Z,G:5OC7,G:1B55,P11274,surface,0.7251982783209049,9,1,False,0.91,True,False,,False,False,O[C@@H]1[C@H](O)[C@H](O)[C@@H](O[P](O)(O)=O)[C@H](O[P](O)(O)=O)[C@H]1O,SMILES_CANONICAL/CACTVS,20.0,True,True,eligible,True,True,,11.225988514775203,-5.236,11.878322608683668,-5.637,11.433315839140343,-5.462,3.0,0.0,0.0,0.0,0.0,0.0,-0.6672665300675983,0.20103979705520986,1.0,-2.178,3.549440329891307,scoring,"{""HIE"": 1, ""HID"": 3}",,0.0,0.0,0.0,,-5.996,False,False,,0.0,11.899839348424742,-4.555,0.2520921451441449,P11274,1.0,,
6R8C:A:301,6R8C,5MY_A_301,5MY,A,301,,32,5,InsP5,-0.8707812512293458,0.4075312479399144,-7.896375045180321,1.92,X-RAY DIFFRACTION,2020-05-06T00:00:00Z,G:30OE,G:30OE,B6DRA0,surface,0.8266479540296403,10,1,False,0.16,True,False,,False,True,O[C@H]1[C@@H](O[P](O)(O)=O)[C@H](O[P](O)(O)=O)[C@@H](O[P](O)(O)=O)[C@H](O[P](O)(O)=O)[C@H]1O[P](O)(O)=O,SMILES_CANONICAL/CACTVS,32.0,True,True,eligible,True,True,,10.895388150746042,-4.633,9.509863347349386,-4.876,12.535589514975511,-4.352,3.0,0.0,0.0,0.0,0.0,0.0,0.15536716532651992,0.2622295432123035,1.0,-1.572,2.284384155534307,scoring,"{""HID"": 5}",,0.0,0.0,0.0,,-4.44,False,False,no AlphaFold model for the entry's accessions,,,,,,,,
7URT:A:402,7URT,IHP_A_402,IHP,A,402,,36,6,InsP6,276.5013893975152,318.2255859375,343.25850084092883,2.39,ELECTRON MICROSCOPY,2023-02-15T00:00:00Z,G:30OE,G:30OE,P12493,surface,0.8372985914505218,8,1,False,0.01,True,False,,False,,O[P](O)(=O)O[C@@H]1[C@H](O[P](O)(O)=O)[C@H](O[P](O)(O)=O)[C@@H](O[P](O)(O)=O)[C@H](O[P](O)(O)=O)[C@H]1O[P](O)(O)=O,SMILES_CANONICAL/CACTVS,36.0,True,True,eligible,True,True,,7.717388481388535,-4.574,5.8406609263890275,-4.49,6.606287430218039,-4.257,3.0,0.0,0.0,0.0,0.0,0.0,0.02708463843512918,0.16423255868838366,1.0,-1.93,1.6231185926903817,scoring,"{""HIE"": 2, ""HID"": 3}",,0.0,0.0,0.0,,-5.07,False,False,no AlphaFold model for the entry's accessions,,,,,,,,
8FIM:A:201,8FIM,IHP_A_201,IHP,A,201,,36,6,InsP6,-14.179083400302464,2.487083312124014,55.01222207811144,2.22,X-RAY DIFFRACTION,2023-09-06T00:00:00Z,G:8FIK,G:8FIK,P31941,surface,0.8053715159012299,19,1,False,1.0,False,False,,False,True,O[P](O)(=O)O[C@@H]1[C@H](O[P](O)(O)=O)[C@H](O[P](O)(O)=O)[C@@H](O[P](O)(O)=O)[C@H](O[P](O)(O)=O)[C@H]1O[P](O)(O)=O,SMILES_CANONICAL/CACTVS,36.0,True,True,eligible,True,True,,6.602584521527869,-5.45,9.283915522205264,-5.599,9.190851450017918,-5.57,3.0,0.0,0.0,0.0,0.0,0.0,-0.13260277151591818,0.07899578047803146,1.0,-2.362,3.886177674777523,scoring,"{""HID"": 17, ""HIP"": 2, ""HIE"": 1}",,0.0,0.0,0.0,,-7.021,False,False,,0.0,10.693049753754353,-5.07,0.08567898638526843,P31941,0.9946524064171123,,
9D5K:A:801,9D5K,IHP_A_801,IHP,A,801,,36,6,InsP6,44.59282345241971,12.03216638829973,37.11850304073758,2.7,X-RAY DIFFRACTION,2024-11-06T00:00:00Z,G:1ZY7,G:1ZY7,P78563,cryptic,0.074981884928322,67,1,False,1.0,False,True,MG,False,False,O[P](O)(=O)O[C@@H]1[C@H](O[P](O)(O)=O)[C@H](O[P](O)(O)=O)[C@@H](O[P](O)(O)=O)[C@H](O[P](O)(O)=O)[C@H]1O[P](O)(O)=O,SMILES_CANONICAL/CACTVS,36.0,True,True,eligible,True,True,,2.6472256062560944,-9.269,3.585695558900046,-9.154,1.3529920155984625,-9.035,3.0,0.3333333333333333,0.0,0.6666666666666666,0.6666666666666666,0.3333333333333333,0.29624060150375936,0.11700569786695575,0.0,-7.874,0.4865792764955982,scoring,"{""HID"": 20, ""HIP"": 2, ""HIE"": 3}",,0.0,0.0,0.0,0.3333333333333333,-7.352,False,False,,0.0,2.8089237485440033,-9.071,0.33670821594334543,P78563,0.9973958333333334,,
9D5K:B:801,9D5K,IHP_B_801,IHP,B,801,,36,6,InsP6,9.683329992824133,12.162186251746284,54.06603219774034,2.7,X-RAY DIFFRACTION,2024-11-06T00:00:00Z,G:1ZY7,G:1ZY7,P78563,semi_cryptic,0.1234054686258547,68,1,False,1.0,False,False,,False,False,O[P](O)(=O)O[C@@H]1[C@H](O[P](O)(O)=O)[C@H](O[P](O)(O)=O)[C@@H](O[P](O)(O)=O)[C@H](O[P](O)(O)=O)[C@H]1O[P](O)(O)=O,SMILES_CANONICAL/CACTVS,36.0,True,True,eligible,True,True,,2.2225556041434,-8.519,3.317275570328909,-8.827,1.512971821222798,-8.532,3.0,0.3333333333333333,0.0,0.6666666666666666,0.6666666666666666,0.3333333333333333,0.193984962406015,0.17419242233805687,0.0,-7.583,0.7101527835242007,scoring,"{""HID"": 20, ""HIP"": 2, ""HIE"": 3}",,1.0,0.0,0.0,,-7.352,,,,0.0,2.956665974518694,-8.832,0.3244538295858964,P78563,0.997737556561086,,
9OP3:A:801,9OP3,IHP_A_801,IHP,A,801,,36,6,InsP6,-41.72119437323676,10.274749954541525,37.11669455634223,2.59,X-RAY DIFFRACTION,2025-10-08T00:00:00Z,G:1ZY7,G:1ZY7,P78563,cryptic,0.0591096764583542,66,1,False,1.0,False,False,,False,False,O[P](O)(=O)O[C@@H]1[C@H](O[P](O)(O)=O)[C@H](O[P](O)(O)=O)[C@@H](O[P](O)(O)=O)[C@H](O[P](O)(O)=O)[C@H]1O[P](O)(O)=O,SMILES_CANONICAL/CACTVS,36.0,True,True,eligible,True,True,,2.3707055859175448,-8.926,2.4465978132838098,-9.17,1.30531092314291,-9.168,3.0,0.3333333333333333,0.0,1.0,0.6666666666666666,0.3333333333333333,0.506265664160401,0.14029967925836434,0.0,-7.868,0.5597370832024811,scoring,"{""HID"": 17, ""HIP"": 2, ""HIE"": 6}",,0.0,0.0,0.0,,-4.491,True,True,,0.0,2.887100337024115,-9.018,0.3221496873265432,P78563,0.9973958333333334,,
9T4I:A:201,9T4I,IHP_A_201,IHP,A,201,,36,6,InsP6,-21.58433331383599,-2.9695833350221315,-7.743833250469631,1.41,X-RAY DIFFRACTION,2026-06-10T00:00:00Z,G:2FVV,G:2FVV,O95989,surface,0.3087070344980012,43,1,False,0.5,True,True,MG,True,False,O[P](O)(=O)O[C@@H]1[C@H](O[P](O)(O)=O)[C@H](O[P](O)(O)=O)[C@@H](O[P](O)(O)=O)[C@H](O[P](O)(O)=O)[C@H]1O[P](O)(O)=O,SMILES_CANONICAL/CACTVS,36.0,True,True,eligible,True,True,,3.3053120762445216,-6.84,3.1133678511912057,-7.194,2.3980030659444314,-6.994,3.0,0.0,0.0,0.3333333333333333,0.6666666666666666,0.0,0.30025062656641605,0.17749741782159353,1.0,-5.847,0.5991204759367798,scoring,"{""HID"": 3}",,0.0,0.0,0.0,0.0,-4.018,True,True,,0.0,3.4067752869187173,-7.395,1.149560899639836,O95989,0.993103448275862,,
1BTN:A:107,1BTN,I3P_A_107,I3P,A,107,,24,3,InsP3,1.2739583271710824,56.62166659037272,28.217999935150143,2.0,X-RAY DIFFRACTION,1996-03-08T00:00:00Z,G:1BTN,G:1B55,Q62261,surface,0.5152115687893302,25,1,False,1.0,False,False,,False,True,O[C@@H]1[C@H](O)[C@@H](O[P](O)(O)=O)[C@H](O[P](O)(O)=O)[C@@H](O)[C@@H]1O[P](O)(O)=O,SMILES_CANONICAL/CACTVS,24.0,True,True,eligible,True,True,,11.446938606532704,-5.187,10.895196202491517,-4.975,14.866009439064234,-5.77,3.0,0.0,0.0,0.0,0.0,0.0,-0.275187969924812,0.41167503365316344,1.0,-4.122,0.495502231829817,scoring,"{""HID"": 5}",,0.0,0.0,0.0,,-5.673,False,False,,0.0,14.200011433650232,-5.849,0.49493660090048636,Q62261,1.0,,
1IMB:A:279,1IMB,LIP_A_279,LIP,A,279,,16,1,InsP1,5.269812494516373,52.32406234741211,13.17243754863739,2.2,X-RAY DIFFRACTION,1995-02-27T00:00:00Z,G:1AWB,G:1AWB,P29218,semi_cryptic,0.1524309536018332,49,1,False,1.0,False,False,,False,False,O[C@@H]1[C@@H](O)[C@H](O)[C@@H](O[P]([O-])([O-])=O)[C@@H](O)[C@H]1O,SMILES_CANONICAL/CACTVS,16.0,True,True,eligible,True,True,"ReceptorError: pdb2pqr failed:   File ""/usr/share/miniconda/envs/test/lib/python3.11/site-packages/pdb2pqr/main.py"", line 802, in main_driver |     raise RuntimeError from err | RuntimeError",,,,,,,,,,,,,,,,,,,,"ReceptorError: pdb2pqr failed:   File ""/usr/share/miniconda/envs/test/lib/python3.11/site-packages/pdb2pqr/main.py"", line 802, in main_driver |     raise RuntimeError from err | RuntimeError",,,,,,,,,0.0,4.817019238674159,-7.307,0.36689423479227096,P29218,1.0,"ReceptorError: pdb2pqr failed:   File ""/usr/share/miniconda/envs/test/lib/python3.11/site-packages/pdb2pqr/main.py"", line 802, in main_driver |     raise RuntimeError from err | RuntimeError",
28MP:B:1101,28MP,IHP_B_1101,IHP,B,1101,,36,6,InsP6,134.16372299194336,131.06369569566516,116.79627715216742,3.12,ELECTRON MICROSCOPY,2026-09-23T00:00:00Z,G:28MJ,G:1B55,A0AVT1;P0CG47;Q9H832,surface,0.3950382986069039,27,2,True,1.0,False,False,,False,,O[P](O)(=O)O[C@@H]1[C@H](O[P](O)(O)=O)[C@H](O[P](O)(O)=O)[C@@H](O[P](O)(O)=O)[C@H](O[P](O)(O)=O)[C@H]1O[P](O)(O)=O,SMILES_CANONICAL/CACTVS,36.0,True,True,eligible,True,True,,9.894090837341132,-7.042,8.671618638199297,-6.844,9.054511577623254,-6.831,3.0,0.0,0.0,0.0,0.0,0.0,-0.5543859649122806,0.1182469168026518,1.0,-5.726,0.35300079127984973,scoring,"{""HIE"": 3, ""HID"": 37}",,0.0,0.0,0.0,,-5.275,False,True,,0.0,6.076290138537326,-5.829,0.5472036890089416,A0AVT1,0.9989949748743718,,
2XAO:A:500,2XAO,5MY_A_500,5MY,A,500,,32,5,InsP5,40.51453113555908,69.13718771934509,48.91340625286102,2.9,X-RAY DIFFRACTION,2010-05-19T00:00:00Z,G:2XAL,G:2XAL,Q93YN9,semi_cryptic,0.2202426072139859,43,1,False,1.0,False,False,,False,False,O[C@H]1[C@@H](O[P](O)(O)=O)[C@H](O[P](O)(O)=O)[C@@H](O[P](O)(O)=O)[C@H](O[P](O)(O)=O)[C@H]1O[P](O)(O)=O,SMILES_CANONICAL/CACTVS,32.0,True,True,eligible,True,True,,7.000886359994945,-6.986,5.223743117086661,-6.804,5.430665000069439,-6.629,3.0,0.0,0.0,0.0,0.0,0.0,-0.03739549174040587,0.17851143754206164,1.0,-6.547,0.555240401138705,scoring,"{""HID"": 13, ""HIE"": 2, ""HIP"": 3}",,0.0,0.0,0.0,,-4.416,True,True,,0.0,8.812612053902376,-7.041,0.4641143137807702,Q93YN9,0.9876237623762376,,
3PEE:A:255,3PEE,IHP_A_255,IHP,A,255,,36,6,InsP6,-31.846638891432026,-11.224499940872192,26.19774993260701,2.1,X-RAY DIFFRACTION,2011-02-16T00:00:00Z,G:3HO6,G:3EEB,Q189K3,semi_cryptic,0.2065505040894372,50,1,False,1.0,False,True,CA,False,False,O[P](O)(=O)O[C@@H]1[C@H](O[P](O)(O)=O)[C@H](O[P](O)(O)=O)[C@@H](O[P](O)(O)=O)[C@H](O[P](O)(O)=O)[C@H]1O[P](O)(O)=O,SMILES_CANONICAL/CACTVS,36.0,True,True,eligible,True,True,,2.4704242134192476,-8.013,2.5232878548211124,-7.325,3.2667687159426686,-7.009,3.0,0.0,0.0,0.6666666666666666,0.0,0.0,0.5047619047619047,0.5133575751851722,1.0,-7.371,0.3428028339902826,scoring,"{""HID"": 4, ""HIE"": 2}",,0.0,0.0,1.0,0.0,-3.975,True,True,no AlphaFold model for the entry's accessions,,,,,,,,
4O4E:A:403,4O4E,5MY_A_403,5MY,A,403,,32,5,InsP5,27.318593740463257,-12.432250022888184,22.585624992847443,1.9,X-RAY DIFFRACTION,2014-06-18T00:00:00Z,G:4O4D,G:1W2C,N9UNA8,surface,0.3763798768827269,28,1,False,1.0,False,True,MG,False,True,O[C@H]1[C@@H](O[P](O)(O)=O)[C@H](O[P](O)(O)=O)[C@@H](O[P](O)(O)=O)[C@H](O[P](O)(O)=O)[C@H]1O[P](O)(O)=O,SMILES_CANONICAL/CACTVS,32.0,True,True,eligible,True,True,,9.15599300717196,-6.296,5.430934216820096,-6.231,5.676644259621314,-6.392,3.0,0.0,0.0,0.0,0.0,0.0,-0.08953845384767976,0.08099588466911989,1.0,-4.254,0.2691149639003432,scoring,"{""HID"": 4, ""HIE"": 1}",,0.0,0.0,0.0,0.0,-5.094,False,True,,0.0,10.239123454578365,-6.141,2.4468505573755346,N9UNA8,0.9796747967479674,,
5ED2:A:801,5ED2,IHP_A_801,IHP,A,801,,36,6,InsP6,27.77761099073622,20.67074992921617,76.45427809821234,2.95,X-RAY DIFFRACTION,2016-04-13T00:00:00Z,G:1ZY7,G:1ZY7,P78563,cryptic,0.080845951967259,65,1,False,1.0,False,False,,False,False,O[P](O)(=O)O[C@@H]1[C@H](O[P](O)(O)=O)[C@H](O[P](O)(O)=O)[C@@H](O[P](O)(O)=O)[C@H](O[P](O)(O)=O)[C@H]1O[P](O)(O)=O,SMILES_CANONICAL/CACTVS,36.0,True,True,eligible,True,True,,2.8141481861637545,-9.459,2.238547087687786,-9.301,0.884200814769163,-8.943,3.0,0.3333333333333333,0.3333333333333333,1.0,1.0,0.3333333333333333,0.3583959899749373,0.26438103815011654,0.0,-8.607,0.5577581148492785,scoring,"{""HID"": 18, ""HIP"": 2, ""HIE"": 4}",,0.0,0.0,0.0,,-4.525,True,True,,0.0,2.939183953887005,-8.983,0.26349489199426845,P78563,0.9974025974025974,,
5OQU:A:408,5OQU,IHP_A_408,IHP,A,408,,36,6,InsP6,10.079722245534262,134.3773053487142,332.5113313462999,2.32,X-RAY DIFFRACTION,2018-02-28T00:00:00Z,G:3W8L,G:1B55,P68400,surface,0.7710038520319105,13,1,False,0.5,True,False,,False,True,O[P](O)(=O)O[C@@H]1[C@H](O[P](O)(O)=O)[C@H](O[P](O)(O)=O)[C@@H](O[P](O)(O)=O)[C@H](O[P](O)(O)=O)[C@H]1O[P](O)(O)=O,SMILES_CANONICAL/CACTVS,36.0,True,True,eligible,True,True,,9.299392584596438,-4.727,8.978795524994226,-4.987,8.728797585902166,-4.584,3.0,0.0,0.0,0.0,0.0,0.0,-0.023289470477091078,0.20431103739152243,1.0,-2.296,2.2003883757418916,scoring,"{""HID"": 15, ""HIE"": 17}",,0.0,0.0,0.0,,-5.577,False,False,,0.0,10.035982902775098,-5.12,0.1956192048088469,P68400,0.9969135802469136,,
6C9M:C:902,6C9M,IHP_C_902,IHP,C,902,,36,6,InsP6,58.82433329688178,56.07555569542779,-38.01352776421441,2.8,X-RAY DIFFRACTION,2018-06-06T00:00:00Z,G:3PEU,G:1B55,P41227;Q9BXJ9,surface,0.4079006173632364,31,2,True,1.0,False,False,,False,False,O[P](O)(=O)O[C@@H]1[C@H](O[P](O)(O)=O)[C@H](O[P](O)(O)=O)[C@@H](O[P](O)(O)=O)[C@H](O[P](O)(O)=O)[C@H]1O[P](O)(O)=O,SMILES_CANONICAL/CACTVS,36.0,True,True,eligible,True,True,,5.266185377280835,-5.677,2.4454637766308167,-6.132,5.72801699095302,-5.601,3.0,0.0,0.0,0.3333333333333333,0.0,0.0,0.4365914786967418,0.2871590732213302,1.0,-3.53,2.100224588177034,scoring,"{""HID"": 30, ""HIE"": 20}",,0.0,0.0,0.0,,-6.314,False,False,,0.0,9.42961389256457,-5.448,0.43052860636495666,Q9BXJ9,1.0,,
6REY:c:1901,6REY,IHP_c_1901,IHP,c,1901,,36,6,InsP6,212.9629987080892,337.56375291612414,271.40833282470703,3.0,ELECTRON MICROSCOPY,2019-09-04T00:00:00Z,G:6KWY,G:6KWY,O14818;P20618;P25786;P25787;P25788;P25789;P28066;P28070;P28072;P28074;P49720;P49721;P60900;Q14997;Q99436,surface,0.3007308371714461,50,1,False,1.0,False,False,,False,,O[P](O)(=O)O[C@@H]1[C@H](O[P](O)(O)=O)[C@H](O[P](O)(O)=O)[C@@H](O[P](O)(O)=O)[C@H](O[P](O)(O)=O)[C@H]1O[P](O)(O)=O,SMILES_CANONICAL/CACTVS,36.0,True,True,eligible,True,True,,4.288247050475068,-6.81,2.4112161731774067,-6.56,3.05644102011886,-6.696,3.0,0.0,0.0,0.3333333333333333,0.3333333333333333,0.0,0.44912280701754387,0.12516122935371535,1.0,-4.505,0.7151394250182284,scoring,"{""HID"": 157, ""HIE"": 55, ""HIP"": 2}",,0.0,0.0,0.0,,-6.802,False,False,,0.0,4.259785485861902,-6.744,0.44034308741810224,Q14997,1.0,,
7PE7:A:2601,7PE7,IHP_A_2601,IHP,A,2601,,36,6,InsP6,234.68130662706164,289.90052710639105,238.2787225511339,3.41,ELECTRON MICROSCOPY,2021-09-15T00:00:00Z,G:6ZWM,G:1B55,P42345;Q6R327;Q8TB45;Q9BPZ7;Q9BVC4,surface,0.5013497466916191,24,1,False,1.0,False,False,,False,,O[P](O)(=O)O[C@@H]1[C@H](O[P](O)(O)=O)[C@H](O[P](O)(O)=O)[C@@H](O[P](O)(O)=O)[C@H](O[P](O)(O)=O)[C@H]1O[P](O)(O)=O,SMILES_CANONICAL/CACTVS,36.0,True,True,eligible,True,True,,5.344520708315338,-5.839,4.631061907670766,-6.002,4.601305320351075,-5.892,3.0,0.0,0.0,0.0,0.0,0.0,0.3614649752105539,0.08314445261110295,1.0,-2.709,0.0,scoring,"{""HIE"": 31, ""HID"": 229}",,0.0,0.0,0.0,,-5.747,False,False,,0.0,5.878527719218269,-5.934,0.5058862561289558,P42345,1.0,,
8XUQ:E:901,8XUQ,IHP_E_901,IHP,E,901,,36,6,InsP6,161.37708367241754,140.0404438442654,133.48972108629016,3.17,ELECTRON MICROSCOPY,2024-05-22T00:00:00Z,G:8XUO,G:1B55,A0A3Q7IF17,surface,0.4749701983164213,20,1,False,1.0,False,False,,False,,O[P](O)(=O)O[C@@H]1[C@H](O[P](O)(O)=O)[C@H](O[P](O)(O)=O)[C@@H](O[P](O)(O)=O)[C@H](O[P](O)(O)=O)[C@H]1O[P](O)(O)=O,SMILES_CANONICAL/CACTVS,36.0,True,True,eligible,True,True,,10.392388030411727,-6.352,10.420431794191996,-6.354,10.301519632471479,-6.49,3.0,0.0,0.0,0.0,0.0,0.0,-0.308813221695907,0.07910330797971304,1.0,-4.112,1.0349578409676443,scoring,"{""HID"": 64, ""HIE"": 16}",,0.0,0.0,0.0,,-6.385,False,False,,0.0,5.811694209548609,-6.686,0.5558808789322416,A0A3Q7IF17,1.0,,
9P9L:A:302,9P9L,IHP_A_302,IHP,A,302,,36,6,InsP6,150.20416726006405,150.04480404324002,153.80230712890625,2.28,ELECTRON MICROSCOPY,2026-04-29T00:00:00Z,G:30OE,G:30OE,P12493,surface,0.3041387517455305,30,6,True,1.0,False,False,,False,,O[P](O)(=O)O[C@@H]1[C@H](O[P](O)(O)=O)[C@H](O[P](O)(O)=O)[C@@H](O[P](O)(O)=O)[C@H](O[P](O)(O)=O)[C@H]1O[P](O)(O)=O,SMILES_CANONICAL/CACTVS,36.0,True,True,eligible,True,True,,2.9922185845156495,-5.962,4.414582187744857,-5.597,4.2302214230129875,-5.622,3.0,0.0,0.0,0.3333333333333333,0.0,0.0,0.33279368918330765,0.20389948504103658,1.0,-5.679,0.718331716233443,scoring,"{""HID"": 90, ""HIE"": 18}",,0.0,0.0,0.0,,-6.299,False,False,no AlphaFold model for the entry's accessions,,,,,,,,
9T4J:A:207,9T4J,IHP_A_207,IHP,A,207,,36,6,InsP6,-22.02130556106568,-3.064361095014545,-7.695333361625671,1.32,X-RAY DIFFRACTION,2026-06-10T00:00:00Z,G:2FVV,G:2FVV,O95989,surface,0.2966235109564969,45,1,False,0.6999999999999998,True,True,MG,True,False,O[P](O)(=O)O[C@@H]1[C@H](O[P](O)(O)=O)[C@H](O[P](O)(O)=O)[C@@H](O[P](O)(O)=O)[C@H](O[P](O)(O)=O)[C@H]1O[P](O)(O)=O,SMILES_CANONICAL/CACTVS,36.0,True,True,eligible,True,True,,6.492439449133908,-7.063,5.196705041139021,-7.288,6.014835637534111,-6.949,3.0,0.0,0.0,0.0,0.0,0.0,-0.06567132520059671,0.17250217389934563,1.0,-6.0,0.6333031517212157,scoring,"{""HID"": 2}",,0.0,0.0,0.0,0.0,-4.026,True,True,,0.0,2.9393433935768427,-7.181,1.1111425078540773,O95989,0.9931506849315068,,
1BWN:A:1,1BWN,4IP_A_1,4IP,A,1,,28,4,InsP4,-0.3254999864314283,4.530392859663282,37.72299970899309,2.1,X-RAY DIFFRACTION,1999-06-15T00:00:00Z,G:1B55,G:1B55,Q06187,surface,0.2525634704507616,66,1,False,1.0,False,False,,False,True,O[C@H]1[C@@H](O[P](O)(O)=O)[C@H](O)[C@@H](O[P](O)(O)=O)[C@H](O[P](O)(O)=O)[C@H]1O[P](O)(O)=O,SMILES_CANONICAL/CACTVS,28.0,True,True,eligible,True,True,,5.622465162638504,-7.22,5.226454189302338,-6.496,4.121366904447959,-6.39,3.0,0.0,0.0,0.0,0.0,0.0,0.32481203007518794,0.4517211529251203,1.0,-6.135,0.41162233144054067,scoring,"{""HID"": 4, ""HIE"": 2}",,0.0,0.0,0.0,,-5.877,True,False,,0.0,4.835025775986153,-5.903,1.7758329426887012,Q06187,0.9939759036144579,,
1LBX:A:295,1LBX,IPD_A_295,IPD,A,295,,16,1,InsP1,-5.166625045239925,9.15225002169609,27.633000016212463,2.4,X-RAY DIFFRACTION,2002-05-22T00:00:00Z,G:1AWB,G:1AWB,O30298,semi_cryptic,0.1643941569609221,51,2,True,0.55,True,True,CA,False,False,O[C@@H]1[C@@H](O)[C@@H](O)[C@@H](O[P]([O-])([O-])=O)[C@H](O)[C@H]1O,SMILES_CANONICAL/CACTVS,16.0,True,True,eligible,True,True,,5.173751718742024,-6.685,5.209752088735724,-6.946,2.316287818431006,-6.821,3.0,0.0,0.0,0.3333333333333333,0.6666666666666666,0.0,0.21754385964912282,0.13053862774417904,1.0,-6.002,0.7660389065213374,scoring,"{""HIE"": 1, ""HID"": 1}",,0.0,0.0,0.0,0.0,-5.701,True,False,,1.0,1.2831182399622136,-7.3,0.45900714347265886,O30298,1.0,,
28MQ:B:1101,28MQ,IHP_B_1101,IHP,B,1101,,36,6,InsP6,174.03302680121527,152.39330546061197,180.52127753363715,3.04,ELECTRON MICROSCOPY,2026-09-23T00:00:00Z,G:28MJ,G:1B55,A0AVT1;O15205;Q9H832,surface,0.4282540205259769,23,2,True,1.0,False,False,,False,,O[P](O)(=O)O[C@@H]1[C@H](O[P](O)(O)=O)[C@H](O[P](O)(O)=O)[C@@H](O[P](O)(O)=O)[C@H](O[P](O)(O)=O)[C@H]1O[P](O)(O)=O,SMILES_CANONICAL/CACTVS,36.0,True,True,eligible,True,True,,9.862667790013575,-6.43,6.71685876223239,-6.595,8.3433073507774,-6.546,3.0,0.0,0.0,0.0,0.0,0.0,-0.2015037593984962,0.08473684755366669,1.0,-4.957,0.9591552008294808,scoring,"{""HID"": 33, ""HIE"": 7, ""HIP"": 2}",,0.0,0.0,0.0,,-6.546,False,True,,0.0,5.883845884501398,-5.821,0.6698378212172,A0AVT1,1.0,,
2XAR:A:500,2XAR,IHP_A_500,IHP,A,500,,36,6,InsP6,38.34691662258573,69.39108318752713,46.69361103905572,3.1,X-RAY DIFFRACTION,2010-05-19T00:00:00Z,G:2XAL,G:2XAL,Q93YN9,semi_cryptic,0.2344113004518924,46,1,False,1.0,False,False,,False,False,O[P](O)(=O)O[C@@H]1[C@H](O[P](O)(O)=O)[C@H](O[P](O)(O)=O)[C@@H](O[P](O)(O)=O)[C@H](O[P](O)(O)=O)[C@H]1O[P](O)(O)=O,SMILES_CANONICAL/CACTVS,36.0,True,True,eligible,True,True,,4.505050173623206,-7.051,6.007431728843695,-7.077,1.5460320220207435,-7.669,3.0,0.3333333333333333,0.0,0.3333333333333333,0.3333333333333333,0.3333333333333333,0.43859649122807004,0.3495387436799148,0.0,-6.129,0.41934250112771876,scoring,"{""HID"": 14, ""HIP"": 2, ""HIE"": 2}",,0.0,0.0,0.0,,-4.127,True,True,,0.0,4.395876643560069,-6.657,0.4759866966415876,Q93YN9,0.988009592326139,,
3PEU:B:1003,3PEU,IHP_B_1003,IHP,B,1003,,36,6,InsP6,47.20472240447998,62.69433286454942,110.02069409688312,2.6,X-RAY DIFFRACTION,2011-03-23T00:00:00Z,G:3PEU,G:1B55,P20449;Q12315,surface,0.4125789124272386,33,2,True,1.0,False,False,,False,False,O[P](O)(=O)O[C@@H]1[C@H](O[P](O)(O)=O)[C@H](O[P](O)(O)=O)[C@@H](O[P](O)(O)=O)[C@H](O[P](O)(O)=O)[C@H]1O[P](O)(O)=O,SMILES_CANONICAL/CACTVS,36.0,True,True,eligible,True,True,,9.631227508095629,-6.193,10.099590890636861,-6.032,7.64274377987616,-6.347,3.0,0.0,0.0,0.0,0.0,0.0,0.0250524750842859,0.1575129624295518,1.0,-4.558,0.6265973494751899,scoring,"{""HID"": 8, ""HIE"": 2}",,0.0,0.0,0.0,,-3.919,False,False,,0.0,6.864090459937214,-6.757,0.3455863407182725,Q12315,0.9728813559322034,,
4O4F:A:403,4O4F,IHP_A_403,IHP,A,403,,36,6,InsP6,27.263194455040825,-12.607499996821083,22.72472227944268,1.7,X-RAY DIFFRACTION,2014-06-18T00:00:00Z,G:4O4D,G:1W2C,N9UNA8,surface,0.3962313829314676,28,1,False,1.0,False,True,MG,False,True,O[P](O)(=O)O[C@@H]1[C@H](O[P](O)(O)=O)[C@H](O[P](O)(O)=O)[C@@H](O[P](O)(O)=O)[C@H](O[P](O)(O)=O)[C@H]1O[P](O)(O)=O,SMILES_CANONICAL/CACTVS,36.0,True,True,eligible,True,True,,5.047979744935274,-6.36,6.8509267714740805,-6.465,7.844696927966714,-6.701,3.0,0.0,0.0,0.0,0.0,0.0,-0.5609859706659355,0.17464344629367923,1.0,-3.963,0.5824599191977545,scoring,"{""HID"": 4, ""HIE"": 1}",,0.0,0.0,0.0,0.0,-6.615,False,True,,0.0,10.96906555917174,-6.664,2.454588870891961,N9UNA8,0.9796747967479674,,
5ORJ:A:407,5ORJ,IHP_A_407,IHP,A,407,,36,6,InsP6,9.084277722570633,136.97891743977866,333.4454464382595,1.99,X-RAY DIFFRACTION,2018-02-28T00:00:00Z,G:3W8L,G:1B55,P68400,surface,0.7754158127724065,12,1,False,1.0,False,False,,False,True,O[P](O)(=O)O[C@@H]1[C@H](O[P](O)(O)=O)[C@H](O[P](O)(O)=O)[C@@H](O[P](O)(O)=O)[C@H](O[P](O)(O)=O)[C@H]1O[P](O)(O)=O,SMILES_CANONICAL/CACTVS,36.0,True,True,eligible,True,True,,10.187206623768574,-4.62,9.560320474094775,-4.632,7.568848714882416,-4.541,3.0,0.0,0.0,0.0,0.0,0.0,0.009275728346722993,0.049440199568097455,1.0,-2.306,1.573988981215424,scoring,"{""HID"": 20, ""HIE"": 12}",,0.0,0.0,0.0,,-5.924,False,False,,0.0,9.269884926397914,-5.272,0.1602446256765347,P68400,0.9969230769230769,,
6D06:A:801,6D06,IHP_A_801,IHP,A,801,,36,6,InsP6,-48.95449988047282,-3.1561666892634497,27.56966665056017,2.55,X-RAY DIFFRACTION,2019-02-20T00:00:00Z,G:1ZY7,G:1ZY7,P78563,cryptic,0.1003489101016774,63,1,False,1.0,False,False,,False,False,O[P](O)(=O)O[C@@H]1[C@H](O[P](O)(O)=O)[C@H](O[P](O)(O)=O)[C@@H](O[P](O)(O)=O)[C@H](O[P](O)(O)=O)[C@H]1O[P](O)(O)=O,SMILES_CANONICAL/CACTVS,36.0,True,True,eligible,True,True,,2.901348898045995,-9.207,3.5586176358224737,-9.053,0.8577252209073577,-9.068,3.0,0.3333333333333333,0.3333333333333333,0.6666666666666666,0.6666666666666666,0.3333333333333333,0.2700083542188805,0.08491368166163434,0.0,-8.693,0.46775517400672895,scoring,"{""HID"": 16, ""HIP"": 2, ""HIE"": 4}",,1.0,0.0,0.0,,-4.921,True,True,,0.0,3.0018247528547466,-8.834,0.28330815015772826,P78563,0.9973958333333334,,
7E40:D:401,7E40,IHP_D_401,IHP,D,401,,36,6,InsP6,31.78250000211928,6.299416694376204,142.9179170396593,2.6,X-RAY DIFFRACTION,2021-11-10T00:00:00Z,G:5IJJ,G:5IJJ,D9IEF7;Q69XJ0;Q6Z156,surface,0.6982341315582055,15,1,False,1.0,False,False,,False,True,O[P](O)(=O)O[C@@H]1[C@H](O[P](O)(O)=O)[C@H](O[P](O)(O)=O)[C@@H](O[P](O)(O)=O)[C@H](O[P](O)(O)=O)[C@H]1O[P](O)(O)=O,SMILES_CANONICAL/CACTVS,36.0,True,True,eligible,True,True,,8.046075373006033,-4.782,8.649689883280223,-5.25,8.03339534299391,-4.77,3.0,0.0,0.0,0.0,0.0,0.0,0.30907073024088066,0.2737297937748101,1.0,-2.814,1.0060118559225486,scoring,"{""HID"": 5, ""HIP"": 4, ""HIE"": 3}",,0.0,0.0,0.0,,-5.213,False,False,"model does not match the chain (identity 0.77, coverage 0.81)",,,,,Q69XJ0,0.7714285714285715,,
7PE8:A:2601,7PE8,IHP_A_2601,IHP,A,2601,,36,6,InsP6,234.60255559285483,289.95855628119574,238.21494420369467,3.2,ELECTRON MICROSCOPY,2021-09-08T00:00:00Z,G:6ZWM,G:1B55,P42345;Q6R327;Q8TB45;Q9BPZ7;Q9BVC4,surface,0.492997215320801,28,1,False,1.0,False,False,,False,,O[P](O)(=O)O[C@@H]1[C@H](O[P](O)(O)=O)[C@H](O[P](O)(O)=O)[C@@H](O[P](O)(O)=O)[C@H](O[P](O)(O)=O)[C@H]1O[P](O)(O)=O,SMILES_CANONICAL/CACTVS,36.0,True,True,eligible,True,True,,5.450231783547453,-5.803,4.444714092759442,-5.957,4.444875120163853,-5.963,3.0,0.0,0.0,0.0,0.0,0.0,0.10955953924810176,0.09069362344362109,1.0,-4.692,0.8598472690270773,scoring,"{""HID"": 111, ""HIE"": 19}",,0.0,0.0,0.0,,-6.915,False,False,,0.0,5.902271913977797,-5.952,0.5171546306966259,P42345,1.0,,
8PP8:A:502,8PP8,3IA_A_502,3IA,A,502,,24,3,InsP3,10.789750039577484,29.23674988746643,84.93229166666667,1.59,X-RAY DIFFRACTION,2024-02-28T00:00:00Z,G:1W2C,G:1W2C,P23677,surface,0.3124676101971948,27,1,False,1.0,False,False,,False,False,O[C@H]1[C@H](O)[C@@H](O[P](O)(O)=O)[C@H](O[P](O)(O)=O)[C@@H](O)[C@@H]1O[P](O)(O)=O,SMILES_CANONICAL/CACTVS,24.0,True,True,eligible,True,True,,13.08108335347113,-6.175,13.49103349387962,-6.529,9.160726813908333,-5.566,3.0,0.0,0.0,0.0,1.0,0.0,-0.0676501296491988,0.4870944466938625,1.0,-5.003,0.3502725064858436,scoring,"{""HID"": 10, ""HIE"": 2, ""HIP"": 4}",,0.0,0.0,0.0,,-6.144,False,False,,0.0,7.900376633894486,-6.846,0.17589223861078154,P23677,0.9962962962962963,,
9D6D:C:301,9D6D,IHP_C_301,IHP,C,301,,36,6,InsP6,219.52300050523547,160.3965564303928,149.28152889675565,2.18,ELECTRON MICROSCOPY,2024-10-30T00:00:00Z,G:30OE,G:30OE,P12493,surface,0.7270960452130917,12,2,True,1.0,False,False,,False,,O[P](O)(=O)O[C@@H]1[C@H](O[P](O)(O)=O)[C@H](O[P](O)(O)=O)[C@@H](O[P](O)(O)=O)[C@H](O[P](O)(O)=O)[C@H]1O[P](O)(O)=O,SMILES_CANONICAL/CACTVS,36.0,True,True,eligible,True,True,,8.81898301716841,-3.922,9.614809680725527,-4.528,8.020050743981932,-3.941,3.0,0.0,0.0,0.0,0.0,0.0,0.19449488871730325,0.34452043964521634,1.0,-2.062,1.7205239389229445,scoring,"{""HID"": 87, ""HIE"": 21}",,0.0,0.0,0.0,,-3.272,False,False,no AlphaFold model for the entry's accessions,,,,,,,,
9P9M:P:401,9P9M,IHP_P_401,IHP,P,401,,36,6,InsP6,151.54005474514432,151.01269404093424,156.0996119181315,2.93,ELECTRON MICROSCOPY,2026-04-29T00:00:00Z,G:30OE,G:30OE,P12493,surface,0.3009825742631242,32,6,True,1.0,False,False,,False,,O[P](O)(=O)O[C@@H]1[C@H](O[P](O)(O)=O)[C@H](O[P](O)(O)=O)[C@@H](O[P](O)(O)=O)[C@H](O[P](O)(O)=O)[C@H]1O[P](O)(O)=O,SMILES_CANONICAL/CACTVS,36.0,True,True,eligible,True,True,,6.673898058066247,-5.391,5.7638253046697105,-5.605,3.905066371607875,-4.726,3.0,0.0,0.0,0.0,0.3333333333333333,0.0,0.29373433583959896,0.4583779372235683,1.0,-3.656,1.179026760215661,scoring,"{""HID"": 76, ""HIE"": 32}",,0.0,0.0,0.0,,-5.892,False,False,no AlphaFold model for the entry's accessions,,,,,,,,
9T4K:A:201,9T4K,IHP_A_201,IHP,A,201,,36,6,InsP6,-21.827083375718857,-3.051500025929676,-7.725583281781938,1.39,X-RAY DIFFRACTION,2026-06-10T00:00:00Z,G:2FVV,G:2FVV,O95989,semi_cryptic,0.2060248877952742,57,1,False,1.0,False,True,MG,False,False,O[P](O)(=O)O[C@@H]1[C@H](O[P](O)(O)=O)[C@H](O[P](O)(O)=O)[C@@H](O[P](O)(O)=O)[C@H](O[P](O)(O)=O)[C@H]1O[P](O)(O)=O,SMILES_CANONICAL/CACTVS,36.0,True,True,eligible,True,True,,5.136884223961908,-8.231,3.396027138700446,-7.806,3.288008938328089,-7.398,3.0,0.0,0.0,0.0,0.3333333333333333,0.0,-0.17443609022556386,0.4165289105612399,1.0,-6.424,0.603131235951478,scoring,"{""HID"": 2}",,0.0,0.0,0.0,0.0,-4.251,False,True,,0.0,3.672564937204623,-7.407,1.7907926027630376,O95989,0.9932432432432432,,
9YLI:A:2801,9YLI,I3P_A_2801,I3P,A,2801,,24,3,InsP3,209.05183347066244,271.4592933654785,259.72082901000977,3.33,ELECTRON MICROSCOPY,2026-07-01T00:00:00Z,G:1N4K,G:1B55,Q14571,surface,0.311916070274196,41,1,False,1.0,False,False,,False,,O[C@@H]1[C@H](O)[C@@H](O[P](O)(O)=O)[C@H](O[P](O)(O)=O)[C@@H](O)[C@@H]1O[P](O)(O)=O,SMILES_CANONICAL/CACTVS,24.0,True,True,eligible,True,True,"ReceptorError: PDB2PQR outputs disagree: 141708 atoms, 141148 charges",,,,,,,,,,,,,,,,,,,,"ReceptorError: PDB2PQR outputs disagree: 141708 atoms, 141148 charges",,,,,,,,no AlphaFold model for the entry's accessions,,,,,,,"ReceptorError: PDB2PQR outputs disagree: 141708 atoms, 141148 charges",
1DJW:A:1,1DJW,CIP_A_1,CIP,A,1,,15,1,InsP1,126.00113220214844,39.80720011393229,18.53580010732015,2.45,X-RAY DIFFRACTION,1997-07-23T00:00:00Z,G:1DJW,G:1B55,P10688,surface,0.3066074945305464,33,1,False,0.6500000000000001,True,True,CA,False,False,O[C@H]1[C@H](O)[C@@H](O)[C@@H]2O[P@@](O)(=O)C[C@@H]2[C@@H]1O,SMILES_CANONICAL/CACTVS,15.0,True,True,eligible,True,True,,3.8610256537513448,-5.703,7.63644847465954,-5.923,3.662910966080309,-5.912,3.0,0.0,0.0,0.0,0.0,0.0,-0.019035167895397997,0.12396370436543092,1.0,-4.371,2.2265572280662043,scoring,"{""HID"": 20, ""HIE"": 7}",,0.0,0.0,0.0,0.0,-5.883,False,False,,0.0,8.282436302659761,-5.926,0.31008512659237486,P10688,1.0,,
1MAI:A:200,1MAI,I3P_A_200,I3P,A,200,,24,3,InsP3,33.05824987093607,16.846666653951008,5.222874994079272,1.9,X-RAY DIFFRACTION,1996-11-08T00:00:00Z,G:1MAI,G:1B55,P10688,surface,0.3728327405434915,38,1,False,1.0,False,False,,False,True,O[C@@H]1[C@H](O)[C@@H](O[P](O)(O)=O)[C@H](O[P](O)(O)=O)[C@@H](O)[C@@H]1O[P](O)(O)=O,SMILES_CANONICAL/CACTVS,24.0,True,True,eligible,True,True,,9.57178088966675,-6.011,0.9536008846889796,-6.203,1.1844684147519529,-6.095,3.0,0.6666666666666666,0.3333333333333333,0.6666666666666666,0.6666666666666666,0.6666666666666666,0.19243614018901825,0.09624967532412783,0.0,-5.825,0.4030780860842334,scoring,"{""HIP"": 1, ""HID"": 2}",,0.0,1.0,0.0,,-5.243,False,True,,0.0,8.63761465294135,-6.056,0.8887131776696985,P10688,1.0,,
2A98:A:1,2A98,I3P_A_1,I3P,A,1,,24,3,InsP3,4.042125002791484,33.051541805267334,10.4594167470932,2.6,X-RAY DIFFRACTION,2005-07-19T00:00:00Z,G:1W2C,G:1W2C,Q96DU7,surface,0.328013611283309,32,1,False,1.0,False,False,,False,False,O[C@@H]1[C@H](O)[C@@H](O[P](O)(O)=O)[C@H](O[P](O)(O)=O)[C@@H](O)[C@@H]1O[P](O)(O)=O,SMILES_CANONICAL/CACTVS,24.0,True,True,eligible,True,True,,7.309042296153332,-5.634,7.923818532253904,-5.436,8.103718583114263,-6.067,3.0,0.0,0.0,0.0,0.3333333333333333,0.0,-0.028070175438596492,0.3227109129442842,1.0,-5.232,0.3553436244200019,scoring,"{""HID"": 4, ""HIE"": 2, ""HIP"": 1}",,0.0,0.0,1.0,,-5.031,False,False,,0.0,7.135757776653372,-6.085,0.7537927125165478,Q96DU7,1.0,,
30OE:C:301,30OE,IHP_C_301,IHP,C,301,,36,6,InsP6,141.10524961683484,141.4036110772027,169.49644470214844,3.47,ELECTRON MICROSCOPY,2026-06-24T00:00:00Z,G:30OE,G:30OE,,surface,0.5718358826391937,29,6,True,0.4499999999999999,True,False,,False,,O[P](O)(=O)O[C@@H]1[C@H](O[P](O)(O)=O)[C@H](O[P](O)(O)=O)[C@@H](O[P](O)(O)=O)[C@H](O[P](O)(O)=O)[C@H]1O[P](O)(O)=O,SMILES_CANONICAL/CACTVS,36.0,True,True,eligible,True,True,,11.741059663644476,-5.885,12.131754072282774,-5.977,11.267425125305275,-5.75,3.0,0.0,0.0,0.0,0.0,0.0,-0.5849624060150377,0.11417676354378488,1.0,-2.561,6.669704280484204,scoring,"{""HID"": 14, ""HIE"": 4}",,0.0,0.0,0.0,,-5.058,False,False,no AlphaFold model for the entry's accessions,,,,,,,,
3PEV:B:1003,3PEV,IHP_B_1003,IHP,B,1003,,36,6,InsP6,47.03680557674832,62.92766645219591,110.2821667989095,2.5,X-RAY DIFFRACTION,2011-03-23T00:00:00Z,G:3PEU,G:1B55,P20449;Q12315,surface,0.4277533336193427,36,2,True,1.0,False,False,,False,False,O[P](O)(=O)O[C@@H]1[C@H](O[P](O)(O)=O)[C@H](O[P](O)(O)=O)[C@@H](O[P](O)(O)=O)[C@H](O[P](O)(O)=O)[C@H]1O[P](O)(O)=O,SMILES_CANONICAL/CACTVS,36.0,True,True,eligible,True,True,,9.728240960187703,-5.719,7.860388020002385,-6.668,6.93963393095678,-6.336,3.0,0.0,0.0,0.0,0.0,0.0,0.07268170426065161,0.48157969226286934,1.0,-4.417,0.5554185755336225,scoring,"{""HIE"": 3, ""HID"": 8}",,0.0,0.0,0.0,,-4.888,False,False,,0.0,6.963056841063888,-6.767,0.32122580536214007,Q12315,0.976271186440678,,
4QJ4:B:902,4QJ4,I3P_B_902,I3P,B,902,,24,3,InsP3,31.472874800364178,37.79841629664103,15.647833307584127,3.3,X-RAY DIFFRACTION,2014-10-22T00:00:00Z,G:1DJW,G:1B55,P21279;Q01970,surface,0.323850824460644,39,1,False,1.0,False,True,CA,False,False,O[C@@H]1[C@H](O)[C@@H](O[P](O)(O)=O)[C@H](O[P](O)(O)=O)[C@@H](O)[C@@H]1O[P](O)(O)=O,SMILES_CANONICAL/CACTVS,24.0,True,True,eligible,True,True,,6.010177308711495,-6.681,3.736738784626897,-6.85,1.1709050810791695,-7.131,3.0,0.3333333333333333,0.0,0.3333333333333333,0.6666666666666666,0.3333333333333333,0.2697577276524645,0.22731109373132977,0.0,-6.152,0.5928409757918676,scoring,"{""HID"": 11, ""HIE"": 2}",,0.0,0.0,0.0,0.3333333333333333,-8.129,False,False,,0.0,7.077823793052955,-7.316,0.3665055503623452,Q01970,1.0,,
5TV1:A:401,5TV1,IHP_A_401,IHP,A,401,,36,6,InsP6,48.779472245110405,73.82986111111111,69.11438857184515,2.4,X-RAY DIFFRACTION,2017-11-22T00:00:00Z,G:1ZSH,G:1ZSH,P32120,surface,0.7304120475316482,13,1,False,1.0,False,False,,False,True,O[P](O)(=O)O[C@@H]1[C@H](O[P](O)(O)=O)[C@H](O[P](O)(O)=O)[C@@H](O[P](O)(O)=O)[C@H](O[P](O)(O)=O)[C@H]1O[P](O)(O)=O,SMILES_CANONICAL/CACTVS,36.0,True,True,eligible,True,True,,5.124861783901405,-4.214,7.111978753689716,-4.557,11.427259062681323,-4.153,3.0,0.0,0.0,0.0,0.0,0.0,0.19132874680019907,0.21778659279211868,1.0,-1.905,1.1001545832781838,scoring,"{""HIE"": 3, ""HID"": 7}",,0.0,0.0,0.0,,-4.653,False,False,,0.0,8.515005852528093,-4.111,2.2049003374518237,P32120,1.0,,
6ES8:A:501,6ES8,IHP_A_501,IHP,A,501,,36,6,InsP6,137.08202701144748,79.35533311631944,7.189388884438409,1.9,X-RAY DIFFRACTION,2018-08-15T00:00:00Z,G:30OE,G:30OE,P12497,surface,0.8708912239011232,8,1,False,0.16,True,False,,False,True,O[P](O)(=O)O[C@@H]1[C@H](O[P](O)(O)=O)[C@H](O[P](O)(O)=O)[C@@H](O[P](O)(O)=O)[C@H](O[P](O)(O)=O)[C@H]1O[P](O)(O)=O,SMILES_CANONICAL/CACTVS,36.0,True,True,eligible,True,True,,11.212845821014165,-4.566,10.969493610928364,-4.712,12.175654975121041,-4.112,3.0,0.0,0.0,0.0,0.0,0.0,-0.1839783773904322,0.3128982795307977,1.0,-1.221,3.7719159294352,scoring,"{""HID"": 5}",,0.0,0.0,0.0,,-3.702,False,False,no AlphaFold model for the entry's accessions,,,,,,,,
7F1W:A:501,7F1W,IHP_A_501,IHP,A,501,,36,6,InsP6,-42.47538895077176,-20.08616669972737,76.18169487847223,3.1,X-RAY DIFFRACTION,2021-10-27T00:00:00Z,G:1ZSH,G:1ZSH,P08168,surface,0.5602744011493803,19,1,False,1.0,False,False,,False,False,O[P](O)(=O)O[C@@H]1[C@H](O[P](O)(O)=O)[C@H](O[P](O)(O)=O)[C@@H](O[P](O)(O)=O)[C@H](O[P](O)(O)=O)[C@H]1O[P](O)(O)=O,SMILES_CANONICAL/CACTVS,36.0,True,True,eligible,True,True,,6.033029873066825,-5.512,9.187233791715927,-5.782,6.101609029278125,-5.313,3.0,0.0,0.0,0.0,0.0,0.0,0.12481203007518797,0.23539399595854907,1.0,-3.681,0.5112701842707729,scoring,"{""HIE"": 8, ""HID"": 19}",,0.0,0.0,0.0,,-4.95,False,False,,0.0,7.758014985287736,-5.865,0.3638395367377046,P08168,1.0,,
7XZI:A:2001,7XZI,IHP_A_2001,IHP,A,2001,,36,6,InsP6,225.3071662055121,204.3684993320041,176.00102784898547,2.77,ELECTRON MICROSCOPY,2023-01-11T00:00:00Z,G:7VCF,G:7VCF,A0A2K3CR90;A0A2K3D4W3;A0A2K3DQY7;A0A2K3DWN0;A0A2K3DWN5;A0A2K3E0K3;A8HYJ1;A8IE32;A8IZ79;A8J1J3;A8J5D4;A8J6H7;A8J6R5;P36495,semi_cryptic,0.2188139441251048,48,2,True,1.0,False,False,,False,,O[P](O)(=O)O[C@@H]1[C@H](O[P](O)(O)=O)[C@H](O[P](O)(O)=O)[C@@H](O[P](O)(O)=O)[C@H](O[P](O)(O)=O)[C@H]1O[P](O)(O)=O,SMILES_CANONICAL/CACTVS,36.0,True,True,eligible,True,True,,2.720302892843368,-7.061,3.730844612264111,-6.738,3.269270904654946,-6.784,3.0,0.0,0.0,0.3333333333333333,0.6666666666666666,0.0,0.2646616541353383,0.17472549899771342,1.0,-5.755,0.5686560160923689,scoring,"{""HID"": 63, ""HIE"": 25, ""HIP"": 3}",,0.0,0.0,0.0,,-6.629,False,True,,0.0,11.957796090432144,-4.48,36.421979437886364,P36495,1.0,,
8PP9:A:501,8PP9,4IM_A_501,4IM,A,501,,28,4,InsP4,11.252500074250358,29.29878568649292,84.63407080514091,1.73,X-RAY DIFFRACTION,2024-02-28T00:00:00Z,G:1W2C,G:1W2C,P23677,surface,0.3292273173375393,31,1,False,1.0,False,True,MN,False,False,O[C@H]1[C@H](O[P](O)(O)=O)[C@@H](O)[C@H](O[P](O)(O)=O)[C@@H](O[P](O)(O)=O)[C@@H]1O[P](O)(O)=O,SMILES_CANONICAL/CACTVS,28.0,True,True,eligible,True,True,,11.0246499165939,-6.094,11.880092135924233,-5.611,7.613809805169134,-5.592,3.0,0.0,0.0,0.0,0.0,0.0,-0.15087719298245614,0.28450366137069927,1.0,-4.984,0.48895352018935956,scoring,"{""HID"": 9, ""HIE"": 2, ""HIP"": 4}",,0.0,0.0,0.0,0.0,-6.859,False,False,,0.0,6.674828034980725,-6.769,0.1803882914313845,P23677,0.988929889298893,,
8YJA:A:3802,8YJA,IHP_A_3802,IHP,A,3802,,36,6,InsP6,-17.76741687456767,-16.47558334138658,-33.98613897959391,2.2,X-RAY DIFFRACTION,2024-07-10T00:00:00Z,G:3EEB,G:3EEB,A0A2S3R7M0,semi_cryptic,0.1497831185868287,59,2,True,1.0,False,False,,False,False,O[P](O)(=O)O[C@@H]1[C@H](O[P](O)(O)=O)[C@H](O[P](O)(O)=O)[C@@H](O[P](O)(O)=O)[C@H](O[P](O)(O)=O)[C@H]1O[P](O)(O)=O,SMILES_CANONICAL/CACTVS,36.0,True,True,eligible,True,True,,3.2850469550800585,-7.996,3.2693006916856504,-8.304,1.6534406869829592,-8.865,3.0,0.3333333333333333,0.0,0.3333333333333333,0.6666666666666666,0.3333333333333333,0.1263157894736842,0.4405954304499006,0.0,-7.388,0.7474279933580776,scoring,"{""HID"": 9, ""HIE"": 1}",,0.0,0.0,0.0,,-4.395,True,True,no AlphaFold model for the entry's accessions,,,,,,,,
9D6E:J:401,9D6E,IHP_J_401,IHP,J,401,,36,6,InsP6,150.41677856445312,150.78088845147028,156.14141506618924,3.09,ELECTRON MICROSCOPY,2024-10-30T00:00:00Z,G:30OE,G:30OE,P12493,surface,0.2578375067191983,37,6,True,1.0,False,False,,False,,O[P](O)(=O)O[C@@H]1[C@H](O[P](O)(O)=O)[C@H](O[P](O)(O)=O)[C@@H](O[P](O)(O)=O)[C@H](O[P](O)(O)=O)[C@H]1O[P](O)(O)=O,SMILES_CANONICAL/CACTVS,36.0,True,True,eligible,True,True,,2.939472416607046,-5.48,3.3751356080870343,-5.905,2.836540081807831,-5.69,3.0,0.0,0.0,0.6666666666666666,0.3333333333333333,0.0,0.2491395877323829,0.21250490190424617,1.0,-4.763,0.9739216136798314,scoring,"{""HID"": 97, ""HIE"": 11}",,0.0,0.0,0.0,,-6.879,False,False,no AlphaFold model for the entry's accessions,,,,,,,,
9QH5:B:1101,9QH5,IHP_B_1101,IHP,B,1101,,36,6,InsP6,150.0121659172906,128.8990005917019,164.88022232055664,3.09,ELECTRON MICROSCOPY,2025-10-29T00:00:00Z,G:28MJ,G:1B55,A0AVT1;P0CG48;Q9NR09,surface,0.4271335676969147,26,1,False,1.0,False,False,,False,,O[P](O)(=O)O[C@@H]1[C@H](O[P](O)(O)=O)[C@H](O[P](O)(O)=O)[C@@H](O[P](O)(O)=O)[C@H](O[P](O)(O)=O)[C@H]1O[P](O)(O)=O,SMILES_CANONICAL/CACTVS,36.0,True,True,eligible,True,True,,5.138657792919426,-6.117,4.240740041202297,-6.399,5.631240992671309,-5.976,3.0,0.0,0.0,0.0,0.3333333333333333,0.0,0.19980546627251247,0.2153810576629245,1.0,-5.503,0.5265447737276651,scoring,"{""HID"": 31, ""HIE"": 7}",,0.0,0.0,0.0,,-5.724,False,False,,0.0,6.01202653209046,-5.812,0.6257138300289322,A0AVT1,0.9989878542510121,,
9T4L:A:201,9T4L,IHP_A_201,IHP,A,201,,36,6,InsP6,21.59891658359104,2.99980555433366,-7.354527844323052,1.13,X-RAY DIFFRACTION,2026-06-10T00:00:00Z,G:2FVV,G:2FVV,O95989,semi_cryptic,0.1361398969014979,52,1,False,0.4000000000000001,True,True,MG,True,False,O[P](O)(=O)O[C@@H]1[C@H](O[P](O)(O)=O)[C@H](O[P](O)(O)=O)[C@@H](O[P](O)(O)=O)[C@H](O[P](O)(O)=O)[C@H]1O[P](O)(O)=O,SMILES_CANONICAL/CACTVS,36.0,True,True,eligible,True,True,,2.465575887931563,-8.285,3.8936148644999986,-8.027,1.865169326980208,-7.998,3.0,0.3333333333333333,0.0,0.6666666666666666,0.3333333333333333,0.3333333333333333,0.16833751044277356,0.15799472565036274,0.0,-6.729,2.717806960647897,scoring,"{""HID"": 3}",,0.0,0.0,0.0,0.0,-4.091,True,True,,0.0,2.496163512498549,-7.19,2.056036401483551,O95989,0.9932432432432432,,
9YMZ:A:2801,9YMZ,I3P_A_2801,I3P,A,2801,,24,3,InsP3,230.8422482808431,197.20129013061523,129.65291690826416,3.14,ELECTRON MICROSCOPY,2026-07-01T00:00:00Z,G:1N4K,G:1B55,Q14571,surface,0.3015327410884989,35,1,False,1.0,False,False,,False,,O[C@@H]1[C@H](O)[C@@H](O[P](O)(O)=O)[C@H](O[P](O)(O)=O)[C@@H](O)[C@@H]1O[P](O)(O)=O,SMILES_CANONICAL/CACTVS,24.0,True,True,eligible,True,True,,6.091605621268571,-7.143,4.787892063640407,-6.548,2.1316635793226344,-6.303,3.0,0.0,0.0,0.3333333333333333,0.3333333333333333,0.0,0.18774748607559655,0.43198186690338436,1.0,-5.178,0.10166469955976223,scoring,"{""HID"": 87, ""HIE"": 28, ""HIP"": 8}",,0.0,0.0,0.0,,-6.166,False,False,no AlphaFold model for the entry's accessions,,,,,,,,
1DJX:A:1,1DJX,I3P_A_1,I3P,A,1,,24,3,InsP3,126.84887504577635,40.127999782562256,18.25179175535838,2.3,X-RAY DIFFRACTION,1997-07-07T00:00:00Z,G:1DJW,G:1B55,P10688,surface,0.2823276008506996,40,1,False,1.0,False,True,CA,False,False,O[C@@H]1[C@H](O)[C@@H](O[P](O)(O)=O)[C@H](O[P](O)(O)=O)[C@@H](O)[C@@H]1O[P](O)(O)=O,SMILES_CANONICAL/CACTVS,24.0,True,True,eligible,True,True,,5.984889023934277,-6.247,7.127833868940104,-6.649,1.1627811988583419,-7.288,3.0,0.3333333333333333,0.0,0.3333333333333333,0.6666666666666666,0.3333333333333333,0.1417466477261381,0.524977142359551,0.0,-6.528,0.7484242511236144,sampling,"{""HID"": 17, ""HIE"": 10}",,0.0,0.0,0.0,0.3333333333333333,-7.05,False,False,,0.0,9.234614131518867,-6.157,0.39232751954086137,P10688,1.0,,
1N4K:A:1000,1N4K,I3P_A_1000,I3P,A,1000,,24,3,InsP3,22.75108313560486,-1.930749997496605,12.102874954541525,2.2,X-RAY DIFFRACTION,2002-12-25T00:00:00Z,G:1N4K,G:1B55,P11881,surface,0.3140588418672098,40,1,False,1.0,False,False,,False,False,O[C@@H]1[C@H](O)[C@@H](O[P](O)(O)=O)[C@H](O[P](O)(O)=O)[C@@H](O)[C@@H]1O[P](O)(O)=O,SMILES_CANONICAL/CACTVS,24.0,True,True,eligible,True,True,,5.534350450791171,-6.26,5.812996366580644,-6.399,2.0650771529947214,-6.672,3.0,0.0,0.0,0.3333333333333333,0.6666666666666666,0.0,0.49072681704260646,0.2096004134855972,1.0,-5.906,0.4299728183377118,scoring,"{""HID"": 7, ""HIE"": 4}",,0.0,0.0,0.0,,-5.169,False,False,no AlphaFold model for the entry's accessions,,,,,,,,
2FVV:A:2360,2FVV,IHP_A_2360,IHP,A,2360,,36,6,InsP6,17.834388891855877,3.9954166592409215,15.166722218195597,1.25,X-RAY DIFFRACTION,2006-03-11T00:00:00Z,G:2FVV,G:2FVV,O95989,surface,0.3201749623824194,42,1,False,1.0,False,False,,False,False,O[P](O)(=O)O[C@@H]1[C@H](O[P](O)(O)=O)[C@H](O[P](O)(O)=O)[C@@H](O[P](O)(O)=O)[C@H](O[P](O)(O)=O)[C@H]1O[P](O)(O)=O,SMILES_CANONICAL/CACTVS,36.0,True,True,eligible,True,True,,3.576089894205919,-6.698,3.4411572412545013,-6.63,3.2348060477621523,-6.845,3.0,0.0,0.0,0.0,0.3333333333333333,0.0,-0.012807503054192195,0.10989237158844696,1.0,-6.034,0.6291209986873678,scoring,"{""HID"": 3}",,0.0,0.0,0.0,,-5.499,False,False,,0.0,3.623610564028426,-7.336,0.5084719814220656,O95989,1.0,,
3RRM:B:1,3RRM,IHP_B_1,IHP,B,1,,36,6,InsP6,77.96663856506348,-12.374194463094076,6.097083353334003,2.9,X-RAY DIFFRACTION,2011-05-18T00:00:00Z,G:3PEU,G:1B55,P20449;P40477;Q12315,surface,0.3739193690459818,32,2,True,1.0,False,True,MG,False,False,O[P](O)(=O)O[C@@H]1[C@H](O[P](O)(O)=O)[C@H](O[P](O)(O)=O)[C@@H](O[P](O)(O)=O)[C@H](O[P](O)(O)=O)[C@H]1O[P](O)(O)=O,SMILES_CANONICAL/CACTVS,36.0,True,True,eligible,True,True,,7.566621957225422,-6.768,8.395220637974095,-6.928,7.498268165833923,-6.427,3.0,0.0,0.0,0.0,0.0,0.0,0.16942355889724306,0.25589125294416265,1.0,-4.348,0.38970551231694034,scoring,"{""HID"": 14, ""HIE"": 1}",,0.0,0.0,0.0,0.0,-5.185,False,True,,0.0,6.5746860281529536,-6.732,0.3531741999663244,Q12315,0.9966101694915255,,
4QJ5:B:902,4QJ5,I3P_B_902,I3P,B,902,,24,3,InsP3,32.54629182815552,38.18795839945475,16.43387484550476,3.41,X-RAY DIFFRACTION,2014-10-22T00:00:00Z,G:1DJW,G:1B55,P21279;Q01970,surface,0.4061073966394543,33,1,False,1.0,False,True,CA,False,False,O[C@@H]1[C@H](O)[C@@H](O[P](O)(O)=O)[C@H](O[P](O)(O)=O)[C@@H](O)[C@@H]1O[P](O)(O)=O,SMILES_CANONICAL/CACTVS,24.0,True,True,eligible,True,True,,8.005775362841945,-6.311,3.72986315033623,-6.715,1.4593805400620934,-6.728,3.0,0.3333333333333333,0.0,0.3333333333333333,0.6666666666666666,0.3333333333333333,0.12357728061048767,0.23709140290894837,0.0,-5.287,0.9872689447777715,scoring,"{""HID"": 11, ""HIE"": 2}",,0.0,0.0,0.0,0.3333333333333333,-6.92,False,False,,0.0,7.107879008558447,-7.371,0.41454393939256395,Q01970,1.0,,
5HJQ:A:401,5HJQ,I3P_A_401,I3P,A,401,,24,3,InsP3,17.915958285331726,10.758958319822948,124.8529167175293,2.3,X-RAY DIFFRACTION,2016-09-21T00:00:00Z,G:5HJQ,G:5HJQ,Q9VIH7,surface,0.458727000364257,32,1,False,1.0,False,False,,False,True,O[C@@H]1[C@H](O)[C@@H](O[P](O)(O)=O)[C@H](O[P](O)(O)=O)[C@@H](O)[C@@H]1O[P](O)(O)=O,SMILES_CANONICAL/CACTVS,24.0,True,True,eligible,True,True,,5.159684908732653,-6.716,5.941245437529897,-6.293,6.009466209753184,-6.878,3.0,0.0,0.0,0.0,0.0,0.0,-0.3390142021720968,0.30204800942896476,1.0,-3.346,6.303280514485213,scoring,"{""HIE"": 4, ""HID"": 7}",,0.0,0.0,0.0,,-5.148,True,False,,0.0,5.196162167180692,-6.416,0.5241671054493989,Q9VIH7,1.0,,
5W2H:A:704,5W2H,I3P_A_704,I3P,A,704,,24,3,InsP3,15.761500040690104,16.53583323955536,33.71949974695841,1.9,X-RAY DIFFRACTION,2017-09-13T00:00:00Z,G:5W2H,G:1W2C,Q8NFU5,surface,0.3132483811396813,30,1,False,1.0,False,False,,False,False,O[C@@H]1[C@H](O)[C@@H](O[P](O)(O)=O)[C@H](O[P](O)(O)=O)[C@@H](O)[C@@H]1O[P](O)(O)=O,SMILES_CANONICAL/CACTVS,24.0,True,True,eligible,True,True,,5.7049996923482835,-5.698,7.433948295903624,-5.701,7.433499582907254,-5.778,3.0,0.0,0.0,0.0,0.3333333333333333,0.0,-0.08525451300015703,0.04534681172181027,1.0,-4.79,0.5095964075937188,scoring,"{""HID"": 8}",,0.0,0.0,0.0,,-5.207,True,True,,0.0,5.166701143523253,-6.266,0.22242190934138653,Q8NFU5,0.9915611814345991,,
6VVD:A:401,6VVD,IHP_A_401,IHP,A,401,,36,6,InsP6,14.584916724099052,-19.26111104753282,-9.779416693581474,2.65,X-RAY DIFFRACTION,2020-04-08T00:00:00Z,G:6VVD,G:1B55,Q5ZSB6,surface,0.2853052090585084,53,1,False,1.0,False,False,,False,False,O[P](O)(=O)O[C@@H]1[C@H](O[P](O)(O)=O)[C@H](O[P](O)(O)=O)[C@@H](O[P](O)(O)=O)[C@H](O[P](O)(O)=O)[C@H]1O[P](O)(O)=O,SMILES_CANONICAL/CACTVS,36.0,True,True,eligible,True,True,,3.0279534751353028,-6.599,1.6695375346576626,-7.336,1.0553205355342263,-6.99,3.0,0.6666666666666666,0.0,0.6666666666666666,1.0,0.6666666666666666,0.6551378446115287,0.36872889770127865,0.0,-6.536,0.384277680050543,scoring,"{""HID"": 32, ""HIE"": 6}",,0.0,0.0,0.0,,-5.057,False,False,,0.0,3.254654433399812,-6.483,0.26394207328142805,Q5ZSB6,1.0,,
7F1X:A:501,7F1X,I3P_A_501,I3P,A,501,,24,3,InsP3,144.48679161071777,241.155792872111,194.5043334960937,3.0,X-RAY DIFFRACTION,2021-10-27T00:00:00Z,G:1ZSH,G:1ZSH,P08168,surface,0.3633772851013301,38,1,False,1.0,False,False,,False,True,O[C@@H]1[C@H](O)[C@@H](O[P](O)(O)=O)[C@H](O[P](O)(O)=O)[C@@H](O)[C@@H]1O[P](O)(O)=O,SMILES_CANONICAL/CACTVS,24.0,True,True,eligible,True,True,,6.084006821363817,-6.16,7.132099034100261,-5.705,11.6973828062556,-5.738,3.0,0.0,0.0,0.0,0.0,0.0,-0.13583959899749373,0.2537052095116167,1.0,-4.11,0.5405677514607308,scoring,"{""HID"": 20, ""HIE"": 8}",,0.0,0.0,0.0,,-5.582,False,False,,0.0,12.018773587299753,-6.182,0.3819087958973727,P08168,1.0,,
7XZJ:A:2001,7XZJ,IHP_A_2001,IHP,A,2001,,36,6,InsP6,224.76680628458652,204.0781945122613,175.12358305189343,2.97,ELECTRON MICROSCOPY,2023-01-11T00:00:00Z,G:7VCF,G:7VCF,A0A2K3CR90;A0A2K3D4W3;A0A2K3DQY7;A8HYJ1;A8IE32;A8J6H7;P36495,semi_cryptic,0.2186788958588948,48,2,True,1.0,False,False,,False,,O[P](O)(=O)O[C@@H]1[C@H](O[P](O)(O)=O)[C@H](O[P](O)(O)=O)[C@@H](O[P](O)(O)=O)[C@H](O[P](O)(O)=O)[C@H]1O[P](O)(O)=O,SMILES_CANONICAL/CACTVS,36.0,True,True,eligible,True,True,,3.9039076228325102,-7.057,3.6088091247068257,-6.963,3.7931144662701373,-7.042,3.0,0.0,0.0,0.0,0.6666666666666666,0.0,0.06917293233082705,0.0505008250757682,1.0,-6.192,0.6601383849853636,scoring,"{""HID"": 29, ""HIE"": 7, ""HIP"": 2}",,0.0,0.0,0.0,,-7.208,False,False,,0.0,11.283314417488837,-4.595,35.36305901764521,P36495,1.0,,
8PPA:A:502,8PPA,06G_A_502,06G,A,502,,24,3,InsP3,10.897666652997335,29.45954179763794,85.18966674804688,1.73,X-RAY DIFFRACTION,2024-02-28T00:00:00Z,G:1W2C,G:1W2C,P23677,surface,0.2886713699928311,29,1,False,1.0,False,False,,False,False,O[C@H]1[C@@H](O)[C@@H](O[P](O)(O)=O)[C@H](O[P](O)(O)=O)[C@@H](O)[C@@H]1O[P](O)(O)=O,SMILES_CANONICAL/CACTVS,24.0,True,True,eligible,True,True,,13.144769482172407,-5.93,8.226988968502745,-6.03,7.35228052127586,-5.644,3.0,0.0,0.0,0.0,0.6666666666666666,0.0,-0.3769423558897243,0.20032972819828812,1.0,-5.291,0.33597158692447215,scoring,"{""HID"": 8, ""HIE"": 4, ""HIP"": 4}",,1.0,1.0,0.0,,-6.154,False,True,,0.0,7.513229680337408,-6.566,0.17886186614191663,P23677,0.9890909090909091,,
8YJC:A:3802,8YJC,IHP_A_3802,IHP,A,3802,,36,6,InsP6,-20.45586114459568,-11.944166620572409,-1.4652222336994276,1.3,X-RAY DIFFRACTION,2024-07-10T00:00:00Z,G:3EEB,G:3EEB,A0A2S3R7M0,semi_cryptic,0.1799123139170592,63,1,False,1.0,False,False,,False,True,O[P](O)(=O)O[C@@H]1[C@H](O[P](O)(O)=O)[C@H](O[P](O)(O)=O)[C@@H](O[P](O)(O)=O)[C@H](O[P](O)(O)=O)[C@H]1O[P](O)(O)=O,SMILES_CANONICAL/CACTVS,36.0,True,True,eligible,True,True,,2.842545633590363,-8.554,3.7914920246410557,-7.905,3.3195204649499246,-8.013,3.0,0.0,0.0,0.3333333333333333,0.3333333333333333,0.0,0.3563909774436089,0.3477417624234015,1.0,-8.098,0.29341111857976493,scoring,"{""HID"": 3, ""HIE"": 3}",,0.0,0.0,0.0,,-4.577,True,True,no AlphaFold model for the entry's accessions,,,,,,,,
9D88:P:401,9D88,IHP_P_401,IHP,P,401,,36,6,InsP6,150.45363913642035,150.36852815416125,155.67811075846353,3.18,ELECTRON MICROSCOPY,2024-10-30T00:00:00Z,G:30OE,G:30OE,P12493,surface,0.2839824154646264,39,6,True,1.0,False,False,,False,,O[P](O)(=O)O[C@@H]1[C@H](O[P](O)(O)=O)[C@H](O[P](O)(O)=O)[C@@H](O[P](O)(O)=O)[C@H](O[P](O)(O)=O)[C@H]1O[P](O)(O)=O,SMILES_CANONICAL/CACTVS,36.0,True,True,eligible,True,True,,3.283489917079758,-5.238,2.5963699119837083,-5.682,3.1956883216888916,-5.423,3.0,0.0,0.0,0.3333333333333333,0.3333333333333333,0.0,0.13684210526315788,0.22302540961364317,1.0,-4.466,0.47233076679440783,scoring,"{""HID"": 98, ""HIE"": 9, ""HIP"": 1}",,0.0,0.0,0.0,,-5.457,False,False,no AlphaFold model for the entry's accessions,,,,,,,,
9QIC:B:1101,9QIC,IHP_B_1101,IHP,B,1101,,36,6,InsP6,133.16211064656576,136.57258309258356,98.49674945407445,3.29,ELECTRON MICROSCOPY,2025-10-29T00:00:00Z,G:28MJ,G:1B55,A0AVT1,surface,0.3680155817161843,34,1,False,1.0,False,False,,False,,O[P](O)(=O)O[C@@H]1[C@H](O[P](O)(O)=O)[C@H](O[P](O)(O)=O)[C@@H](O[P](O)(O)=O)[C@H](O[P](O)(O)=O)[C@H]1O[P](O)(O)=O,SMILES_CANONICAL/CACTVS,36.0,True,True,eligible,True,True,,8.588959320433323,-6.205,7.9834461066128455,-6.007,1.1108559221619612,-6.17,3.0,0.3333333333333333,0.0,0.3333333333333333,1.0,0.3333333333333333,0.04010025062656639,0.10567087268180089,0.0,-5.448,0.2555599805618923,scoring,"{""HID"": 25, ""HIE"": 4}",,0.0,0.0,0.0,,-4.63,False,False,,0.0,6.113775631541342,-5.831,0.6856828059379982,A0AVT1,0.9990108803165183,,
9T4M:A:203,9T4M,IHP_A_203,IHP,A,203,,36,6,InsP6,4.38988886670106,39.4292221069336,-7.928888903723823,1.78,X-RAY DIFFRACTION,2026-06-10T00:00:00Z,G:2FVV,G:2FVV,O95989,semi_cryptic,0.2220315933863506,48,1,False,0.6000000000000001,True,True,MG,True,False,O[P](O)(=O)O[C@@H]1[C@H](O[P](O)(O)=O)[C@H](O[P](O)(O)=O)[C@@H](O[P](O)(O)=O)[C@H](O[P](O)(O)=O)[C@H]1O[P](O)(O)=O,SMILES_CANONICAL/CACTVS,36.0,True,True,eligible,True,True,,2.9947197067930214,-7.507,6.807915404431128,-7.675,3.0975470401367944,-7.219,3.0,0.0,0.0,0.3333333333333333,0.6666666666666666,0.0,0.11378446115288221,0.23061656488639293,1.0,-6.503,0.4563617693799617,scoring,"{""HID"": 3}",,0.0,0.0,0.0,0.0,-3.92,True,True,,0.0,4.104125715422262,-7.137,2.309302611789723,O95989,0.9932432432432432,,
9YNK:A:2801,9YNK,I3P_A_2801,I3P,A,2801,,24,3,InsP3,222.4751656850179,224.16549936930332,292.6502062479655,3.42,ELECTRON MICROSCOPY,2026-07-01T00:00:00Z,G:1N4K,G:1B55,Q14571,surface,0.2829133375716017,40,1,False,1.0,False,False,,False,,O[C@@H]1[C@H](O)[C@@H](O[P](O)(O)=O)[C@H](O[P](O)(O)=O)[C@@H](O)[C@@H]1O[P](O)(O)=O,SMILES_CANONICAL/CACTVS,24.0,True,True,eligible,True,True,,12.101531417436513,-6.231,2.7245085491076435,-6.536,3.8215870092218895,-6.66,3.0,0.0,0.0,0.3333333333333333,0.3333333333333333,0.0,0.4380952380952381,0.22077212988358239,1.0,-4.771,0.0,scoring,"{""HID"": 94, ""HIE"": 26, ""HIP"": 6}",,0.0,0.0,0.0,,-6.206,False,False,no AlphaFold model for the entry's accessions,,,,,,,,
1DJY:A:1,1DJY,I2P_A_1,I2P,A,1,,24,3,InsP3,127.4682076772054,39.615874926249184,17.788333296775818,2.8,X-RAY DIFFRACTION,1997-07-07T00:00:00Z,G:1DJW,G:1B55,P10688,surface,0.283889969139913,40,1,False,1.0,False,True,CA,False,False,O[C@H]1[C@H](O)[C@@H](O[P](O)(O)=O)[C@H](O[P](O)(O)=O)[C@@H](O)[C@H]1O[P](O)(O)=O,SMILES_CANONICAL/CACTVS,24.0,True,True,eligible,True,True,,6.726761975900452,-6.901,6.750488008833589,-6.982,7.144494832065869,-6.86,3.0,0.0,0.0,0.0,0.0,0.0,-0.22765246449456975,0.062083277404896504,1.0,-5.653,0.5127745873172423,scoring,"{""HID"": 18, ""HIE"": 9}",,0.0,0.0,0.0,0.0,-5.657,False,False,,0.0,8.888649119226763,-6.0,0.3778884596320363,P10688,1.0,,
1NIH:B:203,1NIH,IHP_B_203,IHP,B,203,,36,6,InsP6,9.79241665204366,29.020027743445503,7.546222296026018,2.6,X-RAY DIFFRACTION,1992-10-15T00:00:00Z,G:1NIH,G:1NIH,P68871;P69905,surface,0.6897905412193828,9,2,True,1.0,False,False,,False,True,O[P](O)(=O)O[C@@H]1[C@H](O[P](O)(O)=O)[C@H](O[P](O)(O)=O)[C@@H](O[P](O)(O)=O)[C@H](O[P](O)(O)=O)[C@H]1O[P](O)(O)=O,SMILES_CANONICAL/CACTVS,36.0,True,True,eligible,True,True,,13.603070664742676,-5.674,13.28968199967538,-5.225,13.260964239078914,-5.515,3.0,0.0,0.0,0.0,0.0,0.0,-0.35505722490676844,0.22766276228960564,1.0,-1.763,4.179842111030001,scoring,"{""HID"": 30, ""HIE"": 7, ""HIP"": 1}",,0.0,0.0,0.0,,-5.085,False,False,,0.0,6.882532281671793,-3.981,0.369797360207419,P68871,1.0,,
2ORK:B:995,2ORK,IPD_B_995,IPD,B,995,,16,1,InsP1,28.51731240749359,19.07306241989136,-24.713125109672543,1.89,X-RAY DIFFRACTION,2007-05-08T00:00:00Z,G:2ORK,G:2ORK,P35247,surface,0.5424457087343727,22,1,False,0.925,True,True,CA,False,False,O[C@@H]1[C@@H](O)[C@@H](O)[C@@H](O[P]([O-])([O-])=O)[C@H](O)[C@H]1O,SMILES_CANONICAL/CACTVS,16.0,True,True,eligible,True,True,,11.40110784331719,-4.954,2.7316360988123054,-4.863,3.2835686393110834,-5.358,3.0,0.0,0.0,0.3333333333333333,1.0,0.0,0.15939849624060148,0.26347738675896487,1.0,-4.01,0.8452929594668248,scoring,"{""HID"": 3}",,0.0,0.0,0.0,0.0,-7.197,False,False,,0.0,11.207921712766872,-4.749,0.135258835204237,P35247,1.0,,
3AJM:A:1,3AJM,4IP_A_1,4IP,A,1,,28,4,InsP4,92.8352143423898,47.53067888532366,15.165642840521675,2.3,X-RAY DIFFRACTION,2010-06-30T00:00:00Z,G:3AJM,G:3AJM,Q9BUL8,surface,0.4486337205936854,31,2,True,0.5,True,False,,False,False,O[C@H]1[C@@H](O[P](O)(O)=O)[C@H](O)[C@@H](O[P](O)(O)=O)[C@H](O[P](O)(O)=O)[C@H]1O[P](O)(O)=O,SMILES_CANONICAL/CACTVS,28.0,True,True,eligible,True,True,,11.644894044396159,-5.454,15.488068377072839,-5.655,6.44717290976569,-5.29,3.0,0.0,0.0,0.0,0.0,0.0,-0.03612077023586411,0.18281228988591927,1.0,-3.501,1.3562151459694676,scoring,"{""HID"": 4}",,0.0,0.0,0.0,,-4.726,False,False,,0.0,12.214360520693276,-4.949,6.1368359665223675,Q9BUL8,1.0,,
3T9C:A:501,3T9C,IHP_A_501,IHP,A,501,,36,6,InsP6,0.2026944549547301,20.29030556148953,11.158833318286472,1.9,X-RAY DIFFRACTION,2011-12-07T00:00:00Z,G:3T9C,G:1Z2P,O43314,surface,0.2844203874583862,34,1,False,1.0,False,False,,False,False,O[P](O)(=O)O[C@@H]1[C@H](O[P](O)(O)=O)[C@H](O[P](O)(O)=O)[C@@H](O[P](O)(O)=O)[C@H](O[P](O)(O)=O)[C@H]1O[P](O)(O)=O,SMILES_CANONICAL/CACTVS,36.0,True,True,eligible,True,True,,3.9044088565571347,-7.508,7.036013870793008,-7.616,5.032289400960277,-7.548,3.0,0.0,0.0,0.0,0.0,0.0,-0.6240601503759398,0.0546015872785152,1.0,-6.115,0.6663804254204934,scoring,"{""HID"": 3, ""HIE"": 2}",,0.0,0.0,0.0,,-5.264,True,True,,0.0,4.8357021465458185,-6.808,0.279667108985224,O43314,1.0,,
5HP2:A:801,5HP2,IHP_A_801,IHP,A,801,,36,6,InsP6,-7.459111107720269,-19.146694527732,40.1443887286716,2.98,X-RAY DIFFRACTION,2016-04-13T00:00:00Z,G:1ZY7,G:1ZY7,P78563,cryptic,0.0964314861912163,62,1,False,1.0,False,False,,False,False,O[P](O)(=O)O[C@@H]1[C@H](O[P](O)(O)=O)[C@H](O[P](O)(O)=O)[C@@H](O[P](O)(O)=O)[C@H](O[P](O)(O)=O)[C@H]1O[P](O)(O)=O,SMILES_CANONICAL/CACTVS,36.0,True,True,eligible,True,True,ReceptorError: pdb2pqr failed:     newcoords = hatom.coords |                 ^^^^^^^^^^^^ | AttributeError: 'NoneType' object has no attribute 'coords',,,,,,,,,,,,,,,,,,,,ReceptorError: pdb2pqr failed:     newcoords = hatom.coords |                 ^^^^^^^^^^^^ | AttributeError: 'NoneType' object has no attribute 'coords',,,,,,,,,0.0,2.923084292850392,-9.021,0.34777487373613136,P78563,1.0,ReceptorError: pdb2pqr failed:     newcoords = hatom.coords |                 ^^^^^^^^^^^^ | AttributeError: 'NoneType' object has no attribute 'coords',
5W2I:A:704,5W2I,I3P_A_704,I3P,A,704,,24,3,InsP3,15.920833269755043,16.634958306948345,33.858875115712486,1.6,X-RAY DIFFRACTION,2017-09-13T00:00:00Z,G:5W2H,G:1W2C,Q8NFU5,surface,0.3587222053348887,29,1,False,1.0,False,False,,False,False,O[C@@H]1[C@H](O)[C@@H](O[P](O)(O)=O)[C@H](O[P](O)(O)=O)[C@@H](O)[C@@H]1O[P](O)(O)=O,SMILES_CANONICAL/CACTVS,24.0,True,True,eligible,True,True,,6.11798529168848,-5.718,7.423668425724318,-5.615,4.256687723070888,-5.691,3.0,0.0,0.0,0.0,0.0,0.0,-0.05363408521303257,0.053407240457950235,1.0,-4.359,0.47324153061360513,scoring,"{""HID"": 8}",,0.0,0.0,0.0,,-5.241,True,True,,0.0,13.280639540033764,-5.73,0.22773716963080534,Q8NFU5,0.9916317991631799,,
6FJK:A:501,6FJK,IHP_A_501,IHP,A,501,,36,6,InsP6,6.275361120700836,7.925250000423855,11.0428333679835,2.02,X-RAY DIFFRACTION,2018-09-12T00:00:00Z,G:2XAL,G:2XAL,Q93YN9,semi_cryptic,0.2186876676504489,47,1,False,0.97,True,True,MG,False,False,O[P](O)(=O)O[C@@H]1[C@H](O[P](O)(O)=O)[C@H](O[P](O)(O)=O)[C@@H](O[P](O)(O)=O)[C@H](O[P](O)(O)=O)[C@H]1O[P](O)(O)=O,SMILES_CANONICAL/CACTVS,36.0,True,True,eligible,True,True,,1.7032143325183973,-6.946,4.907321980196426,-6.635,2.922139106751763,-6.831,3.0,0.3333333333333333,0.0,0.6666666666666666,0.3333333333333333,0.3333333333333333,0.1614434808117713,0.1572482114365693,0.0,-6.269,0.37571398517229726,,"{""HID"": 12, ""HIP"": 4, ""HIE"": 2}",,1.0,1.0,0.0,0.3333333333333333,-5.263,True,True,,0.0,4.354993954698123,-6.634,0.36734301815172116,Q93YN9,0.9856115107913669,,
6VVE:A:401,6VVE,IHP_A_401,IHP,A,401,,36,6,InsP6,17.206444528367783,29.41699986987644,32.66255542967055,1.85,X-RAY DIFFRACTION,2020-04-08T00:00:00Z,G:6VVD,G:1B55,Q5ZSB6,surface,0.2894423030993334,61,1,False,1.0,False,False,,False,True,O[P](O)(=O)O[C@@H]1[C@H](O[P](O)(O)=O)[C@H](O[P](O)(O)=O)[C@@H](O[P](O)(O)=O)[C@H](O[P](O)(O)=O)[C@H]1O[P](O)(O)=O,SMILES_CANONICAL/CACTVS,36.0,True,True,eligible,True,True,,2.9132475313631647,-7.515,1.481119291892979,-7.802,1.0234197286390172,-7.52,3.0,0.6666666666666666,0.0,1.0,0.6666666666666666,0.6666666666666666,0.6370927318295739,0.1642751756454192,0.0,-7.26,0.35750498913059037,scoring,"{""HID"": 11, ""HIE"": 2}",,0.0,0.0,0.0,,-5.771,False,False,,0.0,3.327204584423567,-6.574,0.17559270920967762,Q5ZSB6,0.9823321554770318,,
7JS5:A:601,7JS5,IPD_A_601,IPD,A,601,,16,1,InsP1,1.928937520133332,7.421125024557114,-20.703937649726868,2.5,X-RAY DIFFRACTION,2021-04-28T00:00:00Z,G:7JS5,G:7JS5,Q53728,surface,0.3189632599980124,23,1,False,0.85,True,False,,False,False,O[C@@H]1[C@@H](O)[C@@H](O)[C@@H](O[P]([O-])([O-])=O)[C@H](O)[C@H]1O,SMILES_CANONICAL/CACTVS,16.0,True,True,eligible,True,True,,6.225042551520623,-4.908,5.018798457967356,-5.111,6.434637786392712,-5.369,3.0,0.0,0.0,0.0,0.3333333333333333,0.0,-0.05237331621296379,0.23104617143188763,1.0,-4.327,0.4646354061722292,scoring,"{""HIP"": 2, ""HID"": 6, ""HIE"": 2}",,0.0,0.0,0.0,,-4.84,False,False,,0.0,5.41819851152463,-5.208,0.38078342906784796,Q53728,0.9858299595141701,,
8PPB:A:501,8PPB,3I2_A_501,3I2,A,501,,23,3,InsP3,11.03995654893958,29.059521716573965,85.24008775793988,1.8,X-RAY DIFFRACTION,2024-02-28T00:00:00Z,G:1W2C,G:1W2C,P23677,surface,0.2631269279446944,26,1,False,1.0,False,False,,False,False,O[C@@H]1C[C@@H](O[P](O)(O)=O)[C@H](O)[C@@H](O[P](O)(O)=O)[C@@H]1O[P](O)(O)=O,SMILES_CANONICAL/CACTVS,23.0,True,True,eligible,True,True,,12.840213469867447,-5.826,10.523896789038236,-5.954,10.675627431958963,-5.959,3.0,0.0,0.0,0.0,1.0,0.0,-0.318796992481203,0.07538567503179901,1.0,-5.337,0.31233109583000074,scoring,"{""HID"": 9, ""HIE"": 3, ""HIP"": 4}",,0.0,1.0,0.0,,-5.845,False,False,,0.0,7.268209198501603,-6.68,0.2616766111098505,P23677,0.9891304347826086,,
9QIV:B:1101,9QIV,IHP_B_1101,IHP,B,1101,,36,6,InsP6,127.14572270711264,146.9353896247016,155.41797383626303,3.44,ELECTRON MICROSCOPY,2025-10-29T00:00:00Z,G:28MJ,G:1B55,A0AVT1;Q9NR09,surface,0.399475421511583,30,1,False,1.0,False,False,,False,,O[P](O)(=O)O[C@@H]1[C@H](O[P](O)(O)=O)[C@H](O[P](O)(O)=O)[C@@H](O[P](O)(O)=O)[C@H](O[P](O)(O)=O)[C@H]1O[P](O)(O)=O,SMILES_CANONICAL/CACTVS,36.0,True,True,eligible,True,True,,2.5232387329065875,-6.193,3.6549856923242827,-6.498,1.7767723891528169,-6.241,3.0,0.3333333333333333,0.0,0.6666666666666666,0.6666666666666666,0.3333333333333333,0.30726817042606513,0.16400101625701424,0.0,-5.738,0.39596140505284905,scoring,"{""HID"": 33, ""HIE"": 4}",,0.0,0.0,0.0,,-6.051,False,False,,0.0,5.213781796658648,-5.861,0.6589336147586244,A0AVT1,0.9989888776541962,,
9T7J:A:2601,9T7J,IHP_A_2601,IHP,A,2601,,36,6,InsP6,264.3980305989583,236.7516098022461,207.3404452006022,3.0,ELECTRON MICROSCOPY,2026-04-22T00:00:00Z,G:6ZWM,G:1B55,P42345;Q6R327;Q9BPZ7;Q9BVC4,surface,0.4859193663225079,30,1,False,1.0,False,False,,False,,O[P](O)(=O)O[C@@H]1[C@H](O[P](O)(O)=O)[C@H](O[P](O)(O)=O)[C@@H](O[P](O)(O)=O)[C@H](O[P](O)(O)=O)[C@H]1O[P](O)(O)=O,SMILES_CANONICAL/CACTVS,36.0,True,True,eligible,True,True,,3.983964950362681,-5.525,4.974638715983717,-5.563,5.072546182077412,-5.713,3.0,0.0,0.0,0.0,0.0,0.0,0.2882205513784461,0.09940489592235045,1.0,-4.01,1.052285079072209,scoring,"{""HID"": 194, ""HIE"": 39, ""HIP"": 5}",,0.0,0.0,0.0,,-5.344,False,False,,0.0,5.7231466049566295,-5.904,0.6347858162011116,P42345,1.0,,
1DJZ:A:1,1DJZ,IP2_A_1,IP2,A,1,,20,2,InsP2,126.70820045471191,39.90269985198975,17.611350107192994,2.95,X-RAY DIFFRACTION,1997-07-07T00:00:00Z,G:1DJW,G:1B55,P10688,surface,0.3900035992219092,33,1,False,1.0,False,True,CA,False,False,O[C@@H]1[C@H](O)[C@H](O)[C@@H](O[P](O)(O)=O)[C@H](O[P](O)(O)=O)[C@H]1O,SMILES_CANONICAL/CACTVS,20.0,True,True,eligible,True,True,,7.658290074790883,-6.468,6.002354637997722,-6.523,6.594730139686111,-6.403,3.0,0.0,0.0,0.0,0.0,0.3333333333333333,-0.3919799498746866,0.060069404303133726,1.0,-4.511,0.8688057934191696,scoring,"{""HID"": 19, ""HIE"": 8}",,0.0,0.0,0.0,0.0,-7.132,False,False,,0.0,8.17727353537099,-6.459,0.37067501184762186,P10688,1.0,,
1NU2:A:200,1NU2,I3P_A_200,I3P,A,200,,24,3,InsP3,5.397416681051254,23.17895833651225,13.584208329518637,1.9,X-RAY DIFFRACTION,2003-04-15T00:00:00Z,G:1NU2,G:1NU2,P97318,surface,0.4687053937058425,33,1,False,0.67,True,False,,True,False,O[C@@H]1[C@H](O)[C@@H](O[P](O)(O)=O)[C@H](O[P](O)(O)=O)[C@@H](O)[C@@H]1O[P](O)(O)=O,SMILES_CANONICAL/CACTVS,24.0,True,True,eligible,True,True,,6.341274274624695,-5.273,4.225965462209403,-5.157,6.170708606860441,-5.106,3.0,0.0,0.0,0.0,0.6666666666666666,0.0,0.21857276254487093,0.08558231904624525,1.0,-4.451,0.2855935842591761,scoring,"{""HID"": 5, ""HIE"": 2}",,0.0,0.0,0.0,,-4.802,True,True,,0.0,13.87584777993182,-4.706,0.2571738242553438,P97318,1.0,,
2P0D:A:800,2P0D,I3P_A_800,I3P,A,800,,24,3,InsP3,-7.596583316723506,-17.70812479654948,-0.6690000029630028,1.81,X-RAY DIFFRACTION,2007-03-27T00:00:00Z,G:1FAO,G:1B55,Q9BRR9,surface,0.5761624723891466,23,1,False,1.0,False,False,,False,True,O[C@@H]1[C@H](O)[C@@H](O[P](O)(O)=O)[C@H](O[P](O)(O)=O)[C@@H](O)[C@@H]1O[P](O)(O)=O,SMILES_CANONICAL/CACTVS,24.0,True,True,eligible,True,True,,5.449343252814248,-4.709,3.8929659519078714,-4.944,6.50998251600681,-5.239,3.0,0.0,0.0,0.0,0.0,0.0,0.310359231411863,0.26556543449779013,1.0,-3.724,0.37705984159415074,scoring,"{""HID"": 5, ""HIE"": 2}",,0.0,0.0,0.0,,-5.79,False,False,,0.0,3.594690445149903,-4.993,0.34100888113944566,Q9BRR9,0.9906542056074766,,
3C4V:B:601,3C4V,LIP_B_601,LIP,B,601,,16,1,InsP1,99.41193628311156,42.7575626373291,-10.971750020980837,2.6,X-RAY DIFFRACTION,2008-04-01T00:00:00Z,G:3C4V,G:3C4V,Q8NTA6,semi_cryptic,0.1027186007960345,46,1,False,1.0,False,False,,False,False,O[C@@H]1[C@@H](O)[C@H](O)[C@@H](O[P]([O-])([O-])=O)[C@@H](O)[C@H]1O,SMILES_CANONICAL/CACTVS,16.0,True,True,eligible,True,True,,4.186633357662811,-6.843,2.719525270049088,-6.879,1.3299216441927968,-6.972,3.0,0.3333333333333333,0.0,0.6666666666666666,1.0,0.3333333333333333,0.5092731829573934,0.06656575696257079,0.0,-6.248,0.2411029355015982,scoring,"{""HID"": 17, ""HIE"": 7}",,0.0,0.0,0.0,,-6.852,False,False,,0.0,7.087407579135119,-6.712,0.5381332421947205,Q8NTA6,1.0,,
3UDT:A:911,3UDT,5MY_A_911,5MY,A,911,,32,5,InsP5,-36.20878130197525,3.214531262638048,-2.716250033583492,3.1,X-RAY DIFFRACTION,2012-03-14T00:00:00Z,G:2XAL,G:2XAL,Q93YN9,semi_cryptic,0.2096445407904268,46,2,True,1.0,False,False,,False,False,O[C@H]1[C@@H](O[P](O)(O)=O)[C@H](O[P](O)(O)=O)[C@@H](O[P](O)(O)=O)[C@H](O[P](O)(O)=O)[C@H]1O[P](O)(O)=O,SMILES_CANONICAL/CACTVS,32.0,True,True,eligible,True,True,,6.035903542567745,-7.007,6.071620812155801,-6.949,5.092932007150363,-7.258,3.0,0.0,0.0,0.0,0.3333333333333333,0.0,-0.25664160401002506,0.1642386475021436,1.0,-7.052,0.5870253498878085,sampling,"{""HID"": 16}",,0.0,1.0,0.0,,-3.544,True,True,,0.0,8.896268988790752,-7.107,0.36373017245138634,Q93YN9,0.9844155844155844,,
4UQI:A:1609,4UQI,IHP_A_1609,IHP,A,1609,,36,6,InsP6,95.3772775861952,51.718861156039765,-22.90169440375434,2.79,X-RAY DIFFRACTION,2014-07-30T00:00:00Z,G:2VGL,G:1B55,P18484;P62743;P63010;P84092,surface,0.5843819314669936,31,1,False,1.0,False,False,,False,True,O[P](O)(=O)O[C@@H]1[C@H](O[P](O)(O)=O)[C@H](O[P](O)(O)=O)[C@@H](O[P](O)(O)=O)[C@H](O[P](O)(O)=O)[C@H]1O[P](O)(O)=O,SMILES_CANONICAL/CACTVS,36.0,True,True,eligible,True,True,,3.313694263738427,-5.652,5.25019702585146,-5.146,3.0878812011142323,-5.071,3.0,0.0,0.0,0.0,0.3333333333333333,0.0,0.20451127819548873,0.3160226785111054,1.0,-3.763,0.890658697136347,scoring,"{""HID"": 24, ""HIE"": 6}",,0.0,0.0,0.0,,-6.358,False,False,,0.0,5.697296975408026,-4.907,0.6039988872601265,P18484,1.0,,
5HP3:A:801,5HP3,IHP_A_801,IHP,A,801,,36,6,InsP6,-7.459111167324914,-19.326305654313828,40.31230534447564,3.09,X-RAY DIFFRACTION,2016-04-13T00:00:00Z,G:1ZY7,G:1ZY7,P78563,cryptic,0.0896353303015193,62,1,False,1.0,False,False,,False,False,O[P](O)(=O)O[C@@H]1[C@H](O[P](O)(O)=O)[C@H](O[P](O)(O)=O)[C@@H](O[P](O)(O)=O)[C@H](O[P](O)(O)=O)[C@H]1O[P](O)(O)=O,SMILES_CANONICAL/CACTVS,36.0,True,True,eligible,True,True,,2.8781753925209337,-9.184,3.41370355057198,-9.346,1.4261830767458636,-9.444,3.0,0.3333333333333333,0.0,0.6666666666666666,1.0,0.3333333333333333,0.24862155388471177,0.1313062577843628,0.0,-8.283,0.4281655836418852,scoring,"{""HIE"": 1, ""HID"": 21, ""HIP"": 2}",,0.0,0.0,0.0,,-5.034,True,True,,0.0,2.940903213480062,-9.02,0.3256662639290398,P78563,1.0,,
6FL3:A:501,6FL3,5MY_A_501,5MY,A,501,,32,5,InsP5,-3.868999967817217,-4.363937467336655,-6.2572187297046185,2.36,X-RAY DIFFRACTION,2018-09-12T00:00:00Z,G:2XAL,G:2XAL,Q93YN9,semi_cryptic,0.166380515475983,42,1,False,1.0,False,False,,False,False,O[C@H]1[C@@H](O[P](O)(O)=O)[C@H](O[P](O)(O)=O)[C@@H](O[P](O)(O)=O)[C@H](O[P](O)(O)=O)[C@H]1O[P](O)(O)=O,SMILES_CANONICAL/CACTVS,32.0,True,True,eligible,True,True,,6.344745277677299,-7.263,5.600827824636048,-6.835,6.238772839549704,-7.014,3.0,0.0,0.0,0.0,0.3333333333333333,0.0,-0.13784461152882205,0.21495193261130105,1.0,-6.547,0.3201686063935465,scoring,"{""HID"": 16, ""HIP"": 2}",,0.0,0.0,0.0,,-5.869,False,True,,0.0,3.8352326893001703,-6.745,0.40061959342944997,Q93YN9,0.9856459330143541,,
7JS7:A:603,7JS7,IPD_A_603,IPD,A,603,,15,1,InsP1,-2.652933310965697,-6.029666630427043,-40.547933705647786,2.3,X-RAY DIFFRACTION,2021-04-28T00:00:00Z,G:7JS5,G:7JS5,Q53728,surface,0.3514000777350765,28,1,False,0.8100000000000003,True,False,,False,False,O[C@@H]1[C@@H](O)[C@@H](O)[C@@H](O[P]([O-])([O-])=O)[C@H](O)[C@H]1O,SMILES_CANONICAL/CACTVS,16.0,False,,eligible,True,False,,3.6153321729108367,-5.515,2.3766115068499065,-5.226,2.3805567040387885,-5.188,3.0,0.0,0.0,0.6666666666666666,0.0,0.0,0.2739901126624404,0.17883605154815205,1.0,,,,"{""HID"": 16, ""HIE"": 3, ""HIP"": 3}",,0.0,0.0,0.0,,,,,,,,,,,,,
7Z3J:A:1303,7Z3J,I3P_A_1303,I3P,A,1303,,24,3,InsP3,6.223750034968059,12.272708316644032,48.31204160054525,2.0,X-RAY DIFFRACTION,2022-07-20T00:00:00Z,G:7Z3J,G:1B55,P10686,surface,0.2570997550893785,41,1,False,0.8000000000000002,True,True,CA,False,False,O[C@@H]1[C@H](O)[C@@H](O[P](O)(O)=O)[C@H](O[P](O)(O)=O)[C@@H](O)[C@@H]1O[P](O)(O)=O,SMILES_CANONICAL/CACTVS,24.0,True,True,eligible,True,True,,9.19119087687324,-6.681,1.7369115443797079,-6.511,1.4392554320226818,-7.109,3.0,0.6666666666666666,0.0,0.6666666666666666,0.6666666666666666,0.6666666666666666,0.28363544118307576,0.30813633346296565,0.0,-6.077,1.1029361656684724,scoring,"{""HID"": 19, ""HIE"": 9}",,0.0,0.0,0.0,0.3333333333333333,-6.149,False,False,,0.0,6.448396124190785,-6.526,0.17450486465400067,P10686,0.9964253798033958,,
8PPC:A:501,8PPC,2KM_A_501,2KM,A,501,,24,3,InsP3,11.250208258628843,28.940833568573,85.31599998474121,1.92,X-RAY DIFFRACTION,2024-02-28T00:00:00Z,G:1W2C,G:1W2C,P23677,surface,0.2922517535538932,28,1,False,1.0,False,False,,False,False,O[C@@H]1[C@@H](O)[C@@H](O[P](O)(O)=O)[C@H](O[P](O)(O)=O)[C@@H](O)[C@@H]1O[P](O)(O)=O,SMILES_CANONICAL/CACTVS,24.0,True,True,eligible,True,True,,7.137382221285898,-5.992,5.94905405673985,-5.634,5.866436766193333,-5.723,3.0,0.0,0.0,0.0,0.6666666666666666,0.0,-0.09874686716791979,0.18638937737972075,1.0,-4.617,0.690431686537734,scoring,"{""HID"": 10, ""HIE"": 2, ""HIP"": 4}",,0.0,0.0,1.0,,-4.414,False,True,,0.0,6.85193730312616,-7.187,0.2937271320482282,P23677,0.9891304347826086,,
9QO0:B:501,9QO0,IHP_B_501,IHP,B,501,,36,6,InsP6,227.74658330281576,152.70949978298611,217.5086669921875,3.26,ELECTRON MICROSCOPY,2026-02-18T00:00:00Z,G:28MJ,G:1B55,P61024;P61201;P62877;P63208;Q13098;Q13309;Q13616;Q15843;Q7L5N1;Q8WXC6;Q92905;Q99627;Q9BT78;Q9H9Q2;Q9UNS2,surface,0.6161162556324176,16,2,True,1.0,False,False,,False,,O[P](O)(=O)O[C@@H]1[C@H](O[P](O)(O)=O)[C@H](O[P](O)(O)=O)[C@@H](O[P](O)(O)=O)[C@H](O[P](O)(O)=O)[C@H]1O[P](O)(O)=O,SMILES_CANONICAL/CACTVS,36.0,True,True,eligible,True,True,,10.558954895191892,-5.864,11.684843793851867,-6.305,11.855880429040292,-6.735,3.0,0.0,0.0,0.0,0.0,0.0,-0.6395989974937343,0.4355115765778604,1.0,-3.148,2.455630229786055,scoring,"{""HIE"": 14, ""HID"": 79, ""HIP"": 5}",,0.0,0.0,0.0,,-5.495,False,False,,0.0,8.363441925151264,-5.143,2.7774049302870916,P61201,1.0,,
9T92:A:2601,9T92,IHP_A_2601,IHP,A,2601,,36,6,InsP6,214.88358306884768,228.01675118340387,220.74844402737088,3.1,ELECTRON MICROSCOPY,2026-04-22T00:00:00Z,G:6ZWM,G:1B55,P42345;Q6R327;Q9BPZ7;Q9BVC4,surface,0.4929857359583113,27,1,False,1.0,False,False,,False,,O[P](O)(=O)O[C@@H]1[C@H](O[P](O)(O)=O)[C@H](O[P](O)(O)=O)[C@@H](O[P](O)(O)=O)[C@H](O[P](O)(O)=O)[C@H]1O[P](O)(O)=O,SMILES_CANONICAL/CACTVS,36.0,True,True,eligible,True,True,,13.745457015167917,-6.054,13.628309879478353,-5.514,5.0822994491613365,-5.696,3.0,0.0,0.0,0.0,0.0,0.0,-0.22838179707524234,0.2747386637030423,1.0,-3.686,0.7506482144772547,scoring,"{""HID"": 197, ""HIP"": 7, ""HIE"": 34}",,0.0,0.0,0.0,,-5.585,False,False,,0.0,5.77146049643791,-5.907,0.5627570593978032,P42345,1.0,,
1DKP:A:550,1DKP,IHP_A_550,IHP,A,550,,36,6,InsP6,-5.501499980688095,36.983222325642906,24.4077500767178,2.28,X-RAY DIFFRACTION,2000-08-03T00:00:00Z,G:1DKP,G:1DKP,P07102,surface,0.2770550251999504,61,1,False,0.77,True,False,,False,False,O[P](O)(=O)O[C@@H]1[C@H](O[P](O)(O)=O)[C@H](O[P](O)(O)=O)[C@@H](O[P](O)(O)=O)[C@H](O[P](O)(O)=O)[C@H]1O[P](O)(O)=O,SMILES_CANONICAL/CACTVS,36.0,True,True,eligible,True,True,,5.188544591961679,-6.923,4.307858987639485,-7.669,4.228161987326057,-7.299,3.0,0.0,0.0,0.0,0.0,0.0,-0.049944677284579984,0.37300402142604283,1.0,-6.006,0.49118183758762696,scoring,"{""HID"": 6, ""HIP"": 1}",,0.0,0.0,0.0,,-4.747,False,False,,0.0,5.283251118955295,-7.036,0.19981414973753725,P07102,0.9951219512195122,,
1OQN:A:1601,1OQN,I3P_A_1601,I3P,A,1601,,24,3,InsP3,45.213500340779625,30.781583150227863,42.23554182052612,2.3,X-RAY DIFFRACTION,2003-08-05T00:00:00Z,G:1NU2,G:1NU2,P08592;P97318,surface,0.4163428363789618,33,2,True,1.0,False,False,,False,True,O[C@@H]1[C@H](O)[C@@H](O[P](O)(O)=O)[C@H](O[P](O)(O)=O)[C@@H](O)[C@@H]1O[P](O)(O)=O,SMILES_CANONICAL/CACTVS,24.0,True,True,eligible,True,True,,6.658706286982573,-5.842,8.570988378730554,-5.418,7.859264760436948,-5.492,3.0,0.0,0.0,0.0,0.0,0.0,-0.12781954887218044,0.22647737193812514,1.0,-4.496,0.33420608603627583,scoring,"{""HID"": 11, ""HIE"": 3}",,0.0,0.0,0.0,,-5.481,True,False,,0.0,5.471898471208485,-4.582,0.3359526085250963,P97318,1.0,,
2P0H:A:101,2P0H,I3S_A_101,I3S,A,101,,24,3,InsP3,-0.8482083392639955,27.817625204722088,-22.94266661008199,1.9,X-RAY DIFFRACTION,2007-03-27T00:00:00Z,G:1FAO,G:1B55,Q9BRR9,surface,0.5514541050898186,29,1,False,1.0,False,False,,False,True,O[C@@H]1[C@@H](O)[C@H](O[P](O)(O)=O)[C@@H](O[P](O)(O)=O)[C@@H](O)[C@H]1O[P](O)(O)=O,SMILES_CANONICAL/CACTVS,24.0,True,True,eligible,True,True,,13.348039579130884,-5.26,4.082730628248878,-5.012,2.1992195681468805,-5.349,3.0,0.0,0.0,0.3333333333333333,0.3333333333333333,0.0,0.12330827067669174,0.174639628950591,1.0,-4.818,0.4815836622290182,scoring,"{""HIE"": 2, ""HID"": 5}",,0.0,0.0,0.0,,-5.928,False,False,,0.0,3.381791369154334,-4.748,0.34457512958967335,Q9BRR9,1.0,,
3C5N:A:2,3C5N,I3P_A_2,I3P,A,2,,24,3,InsP3,105.6962496439616,0.9497916822632154,25.277458429336548,1.8,X-RAY DIFFRACTION,2008-04-01T00:00:00Z,G:3C5N,G:3C5N,O00294,surface,0.5895217737893506,19,1,False,1.0,False,False,,False,False,O[C@@H]1[C@H](O)[C@@H](O[P](O)(O)=O)[C@H](O[P](O)(O)=O)[C@@H](O)[C@@H]1O[P](O)(O)=O,SMILES_CANONICAL/CACTVS,24.0,True,True,eligible,True,True,,8.820604892888618,-6.006,8.510687330314733,-5.804,10.556940958380249,-5.65,3.0,0.0,0.0,0.0,0.0,0.0,-0.2624585254767253,0.1785385112517744,1.0,-3.732,0.4714104001961852,scoring,"{""HID"": 4, ""HIE"": 2}",,0.0,0.0,0.0,,-5.746,True,True,,0.0,8.949096509678219,-7.12,2.1439087488299666,O00294,1.0,,
5ICN:A:401,5ICN,IHP_A_401,IHP,A,401,,36,6,InsP6,-48.1583054860433,34.81886111365424,-5.493250012397766,3.3,X-RAY DIFFRACTION,2016-05-11T00:00:00Z,G:5ICN,G:1B55,Q13330;Q13547,surface,0.4355523724744493,30,2,True,0.6999999999999998,True,False,,False,False,O[P](O)(=O)O[C@@H]1[C@H](O[P](O)(O)=O)[C@H](O[P](O)(O)=O)[C@@H](O[P](O)(O)=O)[C@H](O[P](O)(O)=O)[C@H]1O[P](O)(O)=O,SMILES_CANONICAL/CACTVS,36.0,True,True,eligible,True,True,,6.295342520816482,-6.613,5.394618304985847,-6.72,4.023502654791511,-6.231,3.0,0.0,0.0,0.0,0.3333333333333333,0.0,-0.08649659501752839,0.25706484266296187,1.0,-4.845,0.43178350516945524,scoring,"{""HID"": 14, ""HIE"": 2, ""HIP"": 3}",,0.0,0.0,0.0,,37.694,False,False,,0.0,6.016053810824939,-4.933,0.324545977733511,Q13547,1.0,,
6GFG:A:501,6GFG,KGN_A_501,KGN,A,501,,36,6,InsP6,-2.643611075149642,-4.852111094527775,6.51566665702396,3.0,X-RAY DIFFRACTION,2018-09-12T00:00:00Z,G:2XAL,G:2XAL,Q93YN9,semi_cryptic,0.2147696374128369,47,2,True,0.8599999999999999,True,False,,False,False,O[P](O)(=O)O[C@H]1[C@@H](O[P](O)(O)=O)[C@H](O[P](O)(O)=O)[C@H](O[P](O)(O)=O)[C@@H](O[P](O)(O)=O)[C@@H]1O[P](O)(O)=O,SMILES_CANONICAL/CACTVS,36.0,True,True,eligible,True,True,,4.015650929938831,-7.086,5.150165984663252,-7.26,4.801760958471393,-7.4,3.0,0.0,0.0,0.0,0.6666666666666666,0.0,-0.11925544536382747,0.15730649488604512,1.0,-6.588,0.6834668082240111,scoring,"{""HID"": 16, ""HIP"": 1, ""HIE"": 1}",,0.0,1.0,0.0,,-5.581,True,True,,0.0,2.2172104132707746,-7.145,0.3377810166699461,Q93YN9,0.9878934624697336,,
6WOD:A:504,6WOD,IHP_A_504,IHP,A,504,,36,6,InsP6,16.766555388768513,5.124666650262144,15.005916621949938,1.35,X-RAY DIFFRACTION,2021-03-03T00:00:00Z,G:2FVV,G:2FVV,O95989,surface,0.3207086760086711,54,1,False,1.0,False,True,MG,False,False,O[P](O)(=O)O[C@@H]1[C@H](O[P](O)(O)=O)[C@H](O[P](O)(O)=O)[C@@H](O[P](O)(O)=O)[C@H](O[P](O)(O)=O)[C@H]1O[P](O)(O)=O,SMILES_CANONICAL/CACTVS,36.0,True,True,eligible,True,True,,2.4003209083068424,-7.43,2.8374239900406986,-7.549,1.249015948601589,-6.698,3.0,0.3333333333333333,0.0,1.0,0.3333333333333333,0.3333333333333333,0.1919799498746867,0.460830048210111,0.0,-6.403,0.6192316465652874,scoring,"{""HID"": 3}",,0.0,0.0,0.0,0.3333333333333333,-4.536,True,True,,0.0,3.9768535915626746,-7.112,0.1897816481120739,O95989,1.0,,
7JTB:B:501,7JTB,IHP_B_501,IHP,B,501,,36,6,InsP6,30.417583412594265,7.516666730244954,11.504333403375414,2.6,X-RAY DIFFRACTION,2021-10-13T00:00:00Z,G:1ZSH,G:1ZSH,P08168,surface,0.6394430641733954,15,1,False,1.0,False,False,,False,False,O[P](O)(=O)O[C@@H]1[C@H](O[P](O)(O)=O)[C@H](O[P](O)(O)=O)[C@@H](O[P](O)(O)=O)[C@H](O[P](O)(O)=O)[C@H]1O[P](O)(O)=O,SMILES_CANONICAL/CACTVS,36.0,True,True,eligible,True,True,,10.670744889444997,-6.794,10.995141429218977,-6.62,10.959974722345839,-6.173,3.0,0.0,0.0,0.0,0.0,0.0,-0.22309214827674265,0.3203451263871512,1.0,-3.443,1.2496807327508999,scoring,"{""HID"": 14, ""HIE"": 14}",,0.0,0.0,0.0,,-5.0,False,True,,0.0,7.802427165817321,-5.92,0.361805445133875,P08168,1.0,,
7ZT6:A:701,7ZT6,IHP_A_701,IHP,A,701,,36,6,InsP6,86.18255551656087,102.78491719563802,114.68586116366916,3.5,ELECTRON MICROSCOPY,2023-05-17T00:00:00Z,G:7SGL,G:1B55,P12956;P13010,surface,0.5381401242125466,24,2,True,1.0,False,False,,False,,O[P](O)(=O)O[C@@H]1[C@H](O[P](O)(O)=O)[C@H](O[P](O)(O)=O)[C@@H](O[P](O)(O)=O)[C@H](O[P](O)(O)=O)[C@H]1O[P](O)(O)=O,SMILES_CANONICAL/CACTVS,36.0,True,True,eligible,True,True,,5.776213577825052,-5.95,6.933483868521443,-5.971,7.622221537593051,-6.258,3.0,0.0,0.0,0.0,0.0,0.0,-0.24661654135338343,0.172082344629928,1.0,-3.913,0.5916541049506785,scoring,"{""HID"": 16, ""HIE"": 6}",,0.0,0.0,0.0,,-6.375,False,False,,0.0,12.764079159631343,-5.756,0.3596940638945232,P13010,1.0,,
8PPD:A:505,8PPD,75I_A_505,75I,A,505,,25,3,InsP3,12.115199966430664,29.263359909057616,85.9593603515625,1.77,X-RAY DIFFRACTION,2024-02-28T00:00:00Z,G:1W2C,G:1W2C,P23677,surface,0.2851462768436821,28,1,False,1.0,False,False,,False,False,OC[C@H]1[C@H](O)[C@@H](O[P](O)(O)=O)[C@H](O)[C@@H](O[P](O)(O)=O)[C@@H]1O[P](O)(O)=O,SMILES_CANONICAL/CACTVS,25.0,True,True,eligible,True,True,,5.991775350235289,-5.953,8.14634070587192,-5.986,8.40951530569753,-5.812,3.0,0.0,0.0,0.0,0.6666666666666666,0.0,-0.06917293233082707,0.092417530804496,1.0,-5.133,0.4904344829323402,scoring,"{""HID"": 8, ""HIE"": 3, ""HIP"": 4}",,0.0,0.0,0.0,,-5.983,False,False,,0.0,7.165746722253954,-6.797,0.36279671326931684,P23677,0.9962962962962963,,
9DTR:A:2500,9DTR,IHP_A_2500,IHP,A,2500,,36,6,InsP6,218.92208268907336,278.87950134277344,229.4462784661187,2.31,ELECTRON MICROSCOPY,2024-12-25T00:00:00Z,G:3PEU,G:1B55,P21374;P24384;P25337;P28004;P32523;P33334;P33411;P36048;P38241;P38302;P40018;P40204;P40567;P40968;P43321;P53277;P53333;P53913;P54999;Q02260;Q02775;Q03375;Q03654;Q03772;Q04048;Q06091;Q06217;Q08963;Q12046;Q12309;Q12330;Q12417,surface,0.2943898078036504,42,2,True,1.0,False,False,,False,,O[P](O)(=O)O[C@@H]1[C@H](O[P](O)(O)=O)[C@H](O[P](O)(O)=O)[C@@H](O[P](O)(O)=O)[C@H](O[P](O)(O)=O)[C@H]1O[P](O)(O)=O,SMILES_CANONICAL/CACTVS,36.0,True,True,eligible,True,True,,2.706775752557427,-6.712,4.052981422739984,-7.089,1.2107793454883098,-6.512,3.0,0.3333333333333333,0.0,0.6666666666666666,0.3333333333333333,0.3333333333333333,0.21152882205513787,0.29298976091324463,0.0,-6.216,0.300854494513063,scoring,"{""HID"": 159, ""HIE"": 52, ""HIP"": 6}",,0.0,,0.0,,-6.708,False,True,,0.0,3.6144018897016195,-5.734,0.5268932775210833,P33334,1.0,,"AD4 not run: RuntimeError: autogrid4 failed: autogrid4: WARNING:  Too many atoms in receptor PDBQT file receptor.pdbqt line 100001;


autogrid4: WARNING:  -- the maximum number of atoms, AG_MAX_ATOMS, allowed is 100000.


autogrid4: ERROR:  Sorry, AutoGrid cannot continue."
9QO1:B:501,9QO1,IHP_B_501,IHP,B,501,,36,6,InsP6,226.3101395501031,151.35186047024197,216.83144336276584,3.23,ELECTRON MICROSCOPY,2026-02-11T00:00:00Z,G:28MJ,G:1B55,P61201;P62877;Q13098;Q13616;Q15843;Q7L5N1;Q8WXC6;Q92905;Q99627;Q9BT78;Q9H9Q2;Q9UNS2,surface,0.5453500301866682,15,3,True,1.0,False,False,,False,,O[P](O)(=O)O[C@@H]1[C@H](O[P](O)(O)=O)[C@H](O[P](O)(O)=O)[C@@H](O[P](O)(O)=O)[C@H](O[P](O)(O)=O)[C@H]1O[P](O)(O)=O,SMILES_CANONICAL/CACTVS,36.0,True,True,eligible,True,True,,11.940397450226156,-5.881,12.456147572318876,-6.066,12.44615456492773,-6.339,3.0,0.0,0.0,0.0,0.0,0.0,-0.46081871345029235,0.23040471638691207,1.0,-3.94,1.7916544507682268,scoring,"{""HID"": 71, ""HIE"": 7, ""HIP"": 4}",,0.0,0.0,0.0,,-4.594,False,False,,0.0,8.509424010480856,-5.156,2.6046064746435564,P61201,1.0,,
9T93:A:2601,9T93,IHP_A_2601,IHP,A,2601,,36,6,InsP6,215.4221657647027,228.26619338989252,221.7500559488932,2.86,ELECTRON MICROSCOPY,2026-04-22T00:00:00Z,G:6ZWM,G:1B55,P42345;Q6R327;Q9BPZ7;Q9BVC4,surface,0.5116102332911026,28,1,False,1.0,False,False,,False,,O[P](O)(=O)O[C@@H]1[C@H](O[P](O)(O)=O)[C@H](O[P](O)(O)=O)[C@@H](O[P](O)(O)=O)[C@H](O[P](O)(O)=O)[C@H]1O[P](O)(O)=O,SMILES_CANONICAL/CACTVS,36.0,True,True,eligible,True,True,,13.759180453511235,-6.005,13.788719163901554,-5.777,4.721311273206728,-5.454,3.0,0.0,0.0,0.0,0.0,0.0,-0.27700599062296255,0.27686157792899574,1.0,-3.61,1.0081865849103864,scoring,"{""HID"": 92, ""HIE"": 18, ""HIP"": 3}",,0.0,0.0,0.0,,-5.956,False,False,,0.0,5.8464381923595345,-5.911,0.5548203159022207,P42345,1.0,,
