method,test_roc_auc,test_pr_auc,test_mcc
ML (random_forest),0.4988381099922541,0.0011605415860735009,0.0
Threshold scoring,0.5561580170410534,0.0016552666824401073,-0.0022010710573160375
