{
  "model_version": "v2",
  "labeling": "pocket-level ligand proximity <= 8A",
  "split": "grouped by pdb_id",
  "trained_at_utc": "2026-06-20T02:53:00.329625+00:00",
  "dataset_csv": "data/validation/ip_binding_validation_dataset.csv",
  "num_structures": 136,
  "num_pockets": 12190,
  "num_positive_pockets": 5,
  "feature_columns": [
    "pocket_depth",
    "sasa",
    "electrostatic_potential",
    "n_basic_residues",
    "pocket_volume",
    "plddt_confidence"
  ],
  "model_candidates": {
    "random_forest": {
      "best_params": {
        "classifier__class_weight": null,
        "classifier__max_depth": null,
        "classifier__min_samples_leaf": 1,
        "classifier__min_samples_split": 2,
        "classifier__n_estimators": 200
      },
      "roc_auc": 0.49640737269603247,
      "pr_auc": 0.00020822488287350338,
      "roc_auc_ci": [
        0.49552269887546857,
        0.49724044569405396
      ],
      "pr_auc_ci": [
        0.00010411244143675169,
        0.0005205622071837585
      ],
      "cv_roc_auc": 0.4966677080079142,
      "cv_pr_auc": 0.00020822488287350338,
      "cv_mcc": 0.0
    },
    "xgboost": {
      "best_params": {
        "classifier__colsample_bytree": 0.8,
        "classifier__learning_rate": 0.03,
        "classifier__max_depth": 3,
        "classifier__n_estimators": 200,
        "classifier__subsample": 0.8
      },
      "roc_auc": 0.49997396646881176,
      "pr_auc": 0.00020821404460144043,
      "roc_auc_ci": [
        0.24652434193187087,
        0.7530587799835042
      ],
      "pr_auc_ci": [
        0.00010411244143675169,
        0.0006276808914736521
      ],
      "cv_roc_auc": 0.19944288243257313,
      "cv_pr_auc": 0.00016911504154075587,
      "cv_mcc": 0.0
    }
  },
  "selected_model_type": "random_forest",
  "dataset_sha256": "a241b3d5aae73af70bbdfb159d649895bf92e2edc016919ab4f5511967bade58"
}