{
  "model_version": "v1",
  "trained_at_utc": "2026-06-19T17:51:25.171931+00:00",
  "dataset_csv": "data/validation/ip_binding_validation_dataset.csv",
  "num_structures": 136,
  "num_pockets": 12190,
  "feature_columns": [
    "pocket_depth",
    "sasa",
    "electrostatic_potential",
    "n_basic_residues",
    "pocket_volume",
    "plddt_confidence"
  ],
  "model_candidates": {
    "random_forest": {
      "best_params": {
        "classifier__class_weight": null,
        "classifier__max_depth": null,
        "classifier__min_samples_leaf": 1,
        "classifier__min_samples_split": 4,
        "classifier__n_estimators": 200
      },
      "roc_auc": 0.5646272347941169,
      "pr_auc": 0.022904345308088842,
      "roc_auc_ci": [
        0.5112306935993958,
        0.616968625509856
      ],
      "pr_auc_ci": [
        0.01610708643721959,
        0.0406028515574363
      ],
      "cv_roc_auc": 0.5646272347941169,
      "cv_pr_auc": 0.022904345308088842
    },
    "xgboost": {
      "best_params": {
        "classifier__colsample_bytree": 0.8,
        "classifier__learning_rate": 0.1,
        "classifier__max_depth": 3,
        "classifier__n_estimators": 200,
        "classifier__subsample": 1.0
      },
      "roc_auc": 0.629587313375401,
      "pr_auc": 0.020922311523031707,
      "roc_auc_ci": [
        0.5851025453570218,
        0.6762612859825472
      ],
      "pr_auc_ci": [
        0.016472290244184926,
        0.02999179513533029
      ],
      "cv_roc_auc": 0.629587313375401,
      "cv_pr_auc": 0.020922311523031707
    }
  },
  "selected_model_type": "random_forest",
  "selected_hyperparameters": {
    "classifier__class_weight": null,
    "classifier__max_depth": null,
    "classifier__min_samples_leaf": 1,
    "classifier__min_samples_split": 4,
    "classifier__n_estimators": 200
  },
  "dataset_sha256": "a241b3d5aae73af70bbdfb159d649895bf92e2edc016919ab4f5511967bade58"
}